
****** vitis-run v2025.1 (64-bit)
  **** SW Build 6137779 on 2025-05-21-18:10:03
  **** Start of session at: Tue Sep 22 02:18:22 2026
    ** Copyright 1986-2022 Xilinx, Inc. All Rights Reserved.
    ** Copyright 2022-2025 Advanced Micro Devices, Inc. All Rights Reserved.

  **** HLS Build v2025.1 6135595
Sourcing Tcl script '/home/frank/TurboVLA-codex-T015-b3761ce/hardware/hls/e2e/vitis_hls.tcl'
INFO: [HLS 200-1510] Running: open_project -reset /home/frank/TurboVLA-codex-T015-b3761ce/build/hls/e2e 
WARNING: [HLS 200-2182] The 'e2e' project will not automatically appear within Vitis IDE workspaces and is meant only for TCL batch use.  Please use open_component instead of open_project/open_solution to generate Vitis IDE compatible component files and directory structure.
Resolution: For help on HLS 200-2182 see docs.xilinx.com/access/sources/dita/topic?Doc_Version=2025.1%20English&url=ug1448-hls-guidance&resourceid=200-2182.html
INFO: [HLS 200-10] Opening and resetting solution '/home/frank/TurboVLA-codex-T015-b3761ce/build/hls/e2e'.
INFO: [HLS 200-1510] Running: set_top turbovla_lite_e2e 
INFO: [HLS 200-1510] Running: add_files /home/frank/TurboVLA-codex-T015-b3761ce/hardware/hls/e2e/e2e.cpp 
INFO: [HLS 200-10] Adding design file '/home/frank/TurboVLA-codex-T015-b3761ce/hardware/hls/e2e/e2e.cpp' to the project
INFO: [HLS 200-1510] Running: add_files -tb /home/frank/TurboVLA-codex-T015-b3761ce/hardware/hls/e2e/tb_e2e.cpp 
INFO: [HLS 200-10] Adding test bench file '/home/frank/TurboVLA-codex-T015-b3761ce/hardware/hls/e2e/tb_e2e.cpp' to the project
INFO: [HLS 200-1510] Running: open_solution -reset e2e_solution 
INFO: [HLS 200-10] Creating and opening solution '/home/frank/TurboVLA-codex-T015-b3761ce/build/hls/e2e/e2e_solution'.
INFO: [HLS 200-10] Cleaning up the solution database.
INFO: [HLS 200-1505] Using default flow_target 'vivado'
Resolution: For help on HLS 200-1505 see docs.xilinx.com/access/sources/dita/topic?Doc_Version=2025.1%20English&url=ug1448-hls-guidance&resourceid=200-1505.html
INFO: [HLS 200-1510] Running: set_part xck26-sfvc784-2LV-c 
INFO: [HLS 200-1611] Setting target device to 'xck26-sfvc784-2LV-c'
INFO: [HLS 200-1510] Running: create_clock -period 5.0 -name default 
INFO: [SYN 201-201] Setting up clock 'default' with a period of 5ns.
INFO: [HLS 200-1510] Running: csim_design -argv /home/frank/TurboVLA-codex-T015-b3761ce/tests/data/lite_parameter_pack_qat 
INFO: [SIM 211-2] *************** CSIM start ***************
INFO: [SIM 211-4] CSIM will launch CLANG as the compiler.
INFO: [HLS 200-2036] Building debug C Simulation binaries
   Compiling ../../../../../../hardware/hls/e2e/tb_e2e.cpp in debug mode
   Compiling ../../../../../../hardware/hls/e2e/e2e.cpp in debug mode
   Generating csim.exe
e2e action parity max_abs_error=1.19209e-07 mean_abs_error=1.98128e-08
e2e invalid-instruction gate passed
e2e v0.2 request rejection gate passed
e2e v0.2 model rejection gate passed
e2e non-positive state scale rejection gate passed
e2e non-finite state scale rejection gate passed
INFO: [SIM 211-1] CSim done with 0 errors.
INFO: [SIM 211-3] *************** CSIM finish ***************
INFO: [HLS 200-2161] Finished Command csim_design Elapsed time: 00:00:03; Allocated memory: 0.000 MB.
INFO: [HLS 200-1510] Running: csynth_design 
INFO: [HLS 200-111] Finished File checks and directory preparation: CPU user time: 0.22 seconds. CPU system time: 0.05 seconds. Elapsed time: 0.26 seconds; current allocated memory: 217.414 MB.
INFO: [HLS 200-10] Analyzing design file '/home/frank/TurboVLA-codex-T015-b3761ce/hardware/hls/e2e/e2e.cpp' ... 
INFO: [HLS 200-111] Finished Source Code Analysis and Preprocessing: CPU user time: 0.75 seconds. CPU system time: 0.54 seconds. Elapsed time: 1.28 seconds; current allocated memory: 219.598 MB.
INFO: [HLS 200-777] Using interface defaults for 'Vivado' flow target.
INFO: [HLS 200-1995] There were 83,804 instructions in the design after the 'Compile/Link' phase of compilation. See the Design Size Report for more details (/home/frank/TurboVLA-codex-T015-b3761ce/build/hls/e2e/e2e_solution/syn/report/csynth_design_size.rpt:2)
INFO: [HLS 200-1995] There were 7,387 instructions in the design after the 'Unroll/Inline (step 1)' phase of compilation. See the Design Size Report for more details (/home/frank/TurboVLA-codex-T015-b3761ce/build/hls/e2e/e2e_solution/syn/report/csynth_design_size.rpt:2)
INFO: [HLS 200-1995] There were 4,649 instructions in the design after the 'Unroll/Inline (step 2)' phase of compilation. See the Design Size Report for more details (/home/frank/TurboVLA-codex-T015-b3761ce/build/hls/e2e/e2e_solution/syn/report/csynth_design_size.rpt:2)
INFO: [HLS 200-1995] There were 3,945 instructions in the design after the 'Unroll/Inline (step 3)' phase of compilation. See the Design Size Report for more details (/home/frank/TurboVLA-codex-T015-b3761ce/build/hls/e2e/e2e_solution/syn/report/csynth_design_size.rpt:2)
INFO: [HLS 200-1995] There were 2,115 instructions in the design after the 'Unroll/Inline (step 4)' phase of compilation. See the Design Size Report for more details (/home/frank/TurboVLA-codex-T015-b3761ce/build/hls/e2e/e2e_solution/syn/report/csynth_design_size.rpt:2)
INFO: [HLS 200-1995] There were 2,117 instructions in the design after the 'Array/Struct (step 1)' phase of compilation. See the Design Size Report for more details (/home/frank/TurboVLA-codex-T015-b3761ce/build/hls/e2e/e2e_solution/syn/report/csynth_design_size.rpt:2)
INFO: [HLS 200-1995] There were 2,117 instructions in the design after the 'Array/Struct (step 2)' phase of compilation. See the Design Size Report for more details (/home/frank/TurboVLA-codex-T015-b3761ce/build/hls/e2e/e2e_solution/syn/report/csynth_design_size.rpt:2)
INFO: [HLS 200-1995] There were 2,117 instructions in the design after the 'Array/Struct (step 3)' phase of compilation. See the Design Size Report for more details (/home/frank/TurboVLA-codex-T015-b3761ce/build/hls/e2e/e2e_solution/syn/report/csynth_design_size.rpt:2)
INFO: [HLS 200-1995] There were 2,117 instructions in the design after the 'Array/Struct (step 4)' phase of compilation. See the Design Size Report for more details (/home/frank/TurboVLA-codex-T015-b3761ce/build/hls/e2e/e2e_solution/syn/report/csynth_design_size.rpt:2)
INFO: [HLS 200-1995] There were 2,135 instructions in the design after the 'Array/Struct (step 5)' phase of compilation. See the Design Size Report for more details (/home/frank/TurboVLA-codex-T015-b3761ce/build/hls/e2e/e2e_solution/syn/report/csynth_design_size.rpt:2)
INFO: [HLS 200-1995] There were 2,130 instructions in the design after the 'Performance (step 1)' phase of compilation. See the Design Size Report for more details (/home/frank/TurboVLA-codex-T015-b3761ce/build/hls/e2e/e2e_solution/syn/report/csynth_design_size.rpt:2)
INFO: [HLS 200-1995] There were 4,770 instructions in the design after the 'Performance (step 2)' phase of compilation. See the Design Size Report for more details (/home/frank/TurboVLA-codex-T015-b3761ce/build/hls/e2e/e2e_solution/syn/report/csynth_design_size.rpt:2)
INFO: [HLS 200-1995] There were 4,833 instructions in the design after the 'Performance (step 3)' phase of compilation. See the Design Size Report for more details (/home/frank/TurboVLA-codex-T015-b3761ce/build/hls/e2e/e2e_solution/syn/report/csynth_design_size.rpt:2)
INFO: [HLS 200-1995] There were 4,788 instructions in the design after the 'Performance (step 4)' phase of compilation. See the Design Size Report for more details (/home/frank/TurboVLA-codex-T015-b3761ce/build/hls/e2e/e2e_solution/syn/report/csynth_design_size.rpt:2)
INFO: [HLS 200-1995] There were 5,099 instructions in the design after the 'HW Transforms (step 1)' phase of compilation. See the Design Size Report for more details (/home/frank/TurboVLA-codex-T015-b3761ce/build/hls/e2e/e2e_solution/syn/report/csynth_design_size.rpt:2)
INFO: [HLS 200-1995] There were 5,207 instructions in the design after the 'HW Transforms (step 2)' phase of compilation. See the Design Size Report for more details (/home/frank/TurboVLA-codex-T015-b3761ce/build/hls/e2e/e2e_solution/syn/report/csynth_design_size.rpt:2)
INFO: [HLS 214-178] Inlining function 'turbovla::hls::e2e::(anonymous namespace)::read_u32(unsigned int const*, unsigned long)' into 'turbovla::hls::e2e::(anonymous namespace)::read_float(unsigned int const*, unsigned long)' (/home/frank/TurboVLA-codex-T015-b3761ce/hardware/hls/e2e/e2e.cpp:48:0)
INFO: [HLS 214-178] Inlining function 'fp_struct<float>::data() const (.26.47.57.66.77)' into 'fp_struct<float>::to_float() const (.44.54.63.74)' (/wrk/ci/prod/2025.1/hls_product/continuous/640/2025.1/src/shared/hls/clib/src/hls/utils/x_hls_utils.h:322:0)
INFO: [HLS 214-178] Inlining function 'fp_struct<float>::to_float() const (.44.54.63.74)' into 'fp_struct<float>::to_ieee() const' (/wrk/ci/prod/2025.1/hls_product/continuous/640/2025.1/src/shared/hls/clib/src/hls/utils/x_hls_utils.h:346:0)
INFO: [HLS 214-178] Inlining function 'fp_struct<float>::fp_struct(float)' into 'float generic_copysign<float>(float, float)' (/wrk/ci/prod/2025.1/hls_product/continuous/640/2025.1/src/shared/hls/clib/hlsmath/include/FloatingPoint/hls_copysign.h:10:0)
INFO: [HLS 214-178] Inlining function 'fp_struct<float>::to_ieee() const' into 'float generic_copysign<float>(float, float)' (/wrk/ci/prod/2025.1/hls_product/continuous/640/2025.1/src/shared/hls/clib/hlsmath/include/FloatingPoint/hls_copysign.h:10:0)
INFO: [HLS 214-178] Inlining function 'float generic_copysign<float>(float, float)' into 'float generic_fabs<float>(float)' (/wrk/ci/prod/2025.1/hls_product/continuous/640/2025.1/src/shared/hls/clib/hlsmath/include/FloatingPoint/hls_fabs.h:12:0)
INFO: [HLS 214-178] Inlining function 'float generic_fabs<float>(float)' into 'fabsf' (/wrk/ci/prod/2025.1/hls_product/continuous/640/2025.1/src/shared/hls/clib/hlsmath/src/c/fabsfloat.cpp:7:0)
INFO: [HLS 214-178] Inlining function 'fabsf' into 'std::isfinite(float)' (/home/frank/AMD/vivado/2025.01/2025.1/Vitis/tps/lnx64/gcc-8.3.0/lib/gcc/x86_64-pc-linux-gnu/8.3.0/../../../../include/c++/8.3.0/cmath:563:0)
INFO: [HLS 214-178] Inlining function 'turbovla::hls::e2e::(anonymous namespace)::read_u8(unsigned int const*, unsigned long)' into 'turbovla::hls::e2e::(anonymous namespace)::read_u16(unsigned int const*, unsigned long)' (/home/frank/TurboVLA-codex-T015-b3761ce/hardware/hls/e2e/e2e.cpp:31:0)
INFO: [HLS 214-178] Inlining function 'turbovla::hls::e2e::(anonymous namespace)::read_u32(unsigned int const*, unsigned long)' into 'turbovla::hls::e2e::(anonymous namespace)::validate(unsigned int const*)' (/home/frank/TurboVLA-codex-T015-b3761ce/hardware/hls/e2e/e2e.cpp:85:0)
INFO: [HLS 214-178] Inlining function 'turbovla::hls::e2e::(anonymous namespace)::read_float(unsigned int const*, unsigned long)' into 'turbovla::hls::e2e::(anonymous namespace)::validate(unsigned int const*)' (/home/frank/TurboVLA-codex-T015-b3761ce/hardware/hls/e2e/e2e.cpp:85:0)
INFO: [HLS 214-178] Inlining function 'turbovla::hls::e2e::(anonymous namespace)::read_u16(unsigned int const*, unsigned long)' into 'turbovla::hls::e2e::(anonymous namespace)::validate(unsigned int const*)' (/home/frank/TurboVLA-codex-T015-b3761ce/hardware/hls/e2e/e2e.cpp:85:0)
INFO: [HLS 214-178] Inlining function 'turbovla::hls::e2e::(anonymous namespace)::read_u32(unsigned int const*, unsigned long)' into 'turbovla::hls::e2e::(anonymous namespace)::finish(unsigned int*, turbovla::hls::e2e::ErrorCode)' (/home/frank/TurboVLA-codex-T015-b3761ce/hardware/hls/e2e/e2e.cpp:105:0)
INFO: [HLS 214-178] Inlining function 'turbovla::hls::e2e::(anonymous namespace)::write_u32(unsigned int*, unsigned long, unsigned int)' into 'turbovla::hls::e2e::(anonymous namespace)::finish(unsigned int*, turbovla::hls::e2e::ErrorCode)' (/home/frank/TurboVLA-codex-T015-b3761ce/hardware/hls/e2e/e2e.cpp:105:0)
INFO: [HLS 214-178] Inlining function 'fp_struct<float>::fp_struct(float)' into 'float generic_round<float>(float)' (/wrk/ci/prod/2025.1/hls_product/continuous/640/2025.1/src/shared/hls/clib/hlsmath/include/FloatingPoint/hls_round.h:160:0)
INFO: [HLS 214-178] Inlining function 'float generic_copysign<float>(float, float)' into 'float generic_round<float>(float)' (/wrk/ci/prod/2025.1/hls_product/continuous/640/2025.1/src/shared/hls/clib/hlsmath/include/FloatingPoint/hls_round.h:160:0)
INFO: [HLS 214-178] Inlining function 'fp_struct<float>::data() const (.26.47.57.66.77)' into 'float generic_round<float>(float)' (/wrk/ci/prod/2025.1/hls_product/continuous/640/2025.1/src/shared/hls/clib/hlsmath/include/FloatingPoint/hls_round.h:160:0)
INFO: [HLS 214-178] Inlining function 'fp_struct<float>::fp_struct(ap_uint<32>)' into 'float generic_round<float>(float)' (/wrk/ci/prod/2025.1/hls_product/continuous/640/2025.1/src/shared/hls/clib/hlsmath/include/FloatingPoint/hls_round.h:160:0)
INFO: [HLS 214-178] Inlining function 'fp_struct<float>::to_ieee() const' into 'float generic_round<float>(float)' (/wrk/ci/prod/2025.1/hls_product/continuous/640/2025.1/src/shared/hls/clib/hlsmath/include/FloatingPoint/hls_round.h:160:0)
INFO: [HLS 214-178] Inlining function 'roundf' into 'std::round(float)' (/home/frank/AMD/vivado/2025.01/2025.1/Vitis/tps/lnx64/gcc-8.3.0/lib/gcc/x86_64-pc-linux-gnu/8.3.0/../../../../include/c++/8.3.0/cmath:1757:0)
INFO: [HLS 214-178] Inlining function 'fp_struct<float>::fp_struct(float)' into 'signed char generic_cast_IEEE754<signed char, (ap_q_mode)6, float>(float, bool, hls::enable_if<std::numeric_limits<signed char>::is_signed, bool>::type)' (/wrk/ci/prod/2025.1/hls_product/continuous/640/2025.1/src/shared/hls/clib/hlsmath/include/FloatingPoint/hls_case_IEEE754.h:12:0)
INFO: [HLS 214-178] Inlining function 'fp_struct<float>::mantissa() const' into 'signed char generic_cast_IEEE754<signed char, (ap_q_mode)6, float>(float, bool, hls::enable_if<std::numeric_limits<signed char>::is_signed, bool>::type)' (/wrk/ci/prod/2025.1/hls_product/continuous/640/2025.1/src/shared/hls/clib/hlsmath/include/FloatingPoint/hls_case_IEEE754.h:12:0)
INFO: [HLS 214-178] Inlining function 'fp_struct<float>::expv() const' into 'signed char generic_cast_IEEE754<signed char, (ap_q_mode)6, float>(float, bool, hls::enable_if<std::numeric_limits<signed char>::is_signed, bool>::type)' (/wrk/ci/prod/2025.1/hls_product/continuous/640/2025.1/src/shared/hls/clib/hlsmath/include/FloatingPoint/hls_case_IEEE754.h:12:0)
INFO: [HLS 214-178] Inlining function 'fp_struct<float>::__signbit() const' into 'signed char generic_cast_IEEE754<signed char, (ap_q_mode)6, float>(float, bool, hls::enable_if<std::numeric_limits<signed char>::is_signed, bool>::type)' (/wrk/ci/prod/2025.1/hls_product/continuous/640/2025.1/src/shared/hls/clib/hlsmath/include/FloatingPoint/hls_case_IEEE754.h:12:0)
INFO: [HLS 214-178] Inlining function 'signed char generic_cast_IEEE754<signed char, (ap_q_mode)6, float>(float, bool, hls::enable_if<std::numeric_limits<signed char>::is_signed, bool>::type)' into 'signed char generic_cast_IEEE754<signed char, float>(float, bool)' (/wrk/ci/prod/2025.1/hls_product/continuous/640/2025.1/src/shared/hls/clib/hlsmath/include/FloatingPoint/hls_case_IEEE754.h:116:0)
INFO: [HLS 214-178] Inlining function 'signed char generic_cast_IEEE754<signed char, float>(float, bool)' into '__hls_fptosi_float_i8' (/wrk/ci/prod/2025.1/hls_product/continuous/640/2025.1/src/shared/hls/clib/hlsmath/src/lib_floatconversion.cpp:49:0)
INFO: [HLS 214-178] Inlining function '__hls_fptosi_float_i8' into 'turbovla::hls::e2e::(anonymous namespace)::quantize(float, float)' (/home/frank/TurboVLA-codex-T015-b3761ce/hardware/hls/e2e/e2e.cpp:70:0)
INFO: [HLS 214-178] Inlining function 'turbovla::hls::e2e::(anonymous namespace)::read_u8(unsigned int const*, unsigned long)' into 'turbovla::hls::e2e::(anonymous namespace)::read_i8(unsigned int const*, unsigned long)' (/home/frank/TurboVLA-codex-T015-b3761ce/hardware/hls/e2e/e2e.cpp:66:0)
INFO: [HLS 214-178] Inlining function 'turbovla::hls::e2e::(anonymous namespace)::read_float(unsigned int const*, unsigned long)' into 'turbovla::hls::e2e::(anonymous namespace)::encode_visual(unsigned int const*, unsigned int const*, signed char (*) [128])' (/home/frank/TurboVLA-codex-T015-b3761ce/hardware/hls/e2e/e2e.cpp:115:0)
INFO: [HLS 214-178] Inlining function 'turbovla::hls::e2e::(anonymous namespace)::read_u8(unsigned int const*, unsigned long)' into 'turbovla::hls::e2e::(anonymous namespace)::encode_visual(unsigned int const*, unsigned int const*, signed char (*) [128])' (/home/frank/TurboVLA-codex-T015-b3761ce/hardware/hls/e2e/e2e.cpp:115:0)
INFO: [HLS 214-178] Inlining function 'turbovla::hls::e2e::(anonymous namespace)::read_i8(unsigned int const*, unsigned long)' into 'turbovla::hls::e2e::(anonymous namespace)::encode_visual(unsigned int const*, unsigned int const*, signed char (*) [128])' (/home/frank/TurboVLA-codex-T015-b3761ce/hardware/hls/e2e/e2e.cpp:115:0)
INFO: [HLS 214-178] Inlining function 'fp_struct<float>::to_ieee() const' into 'float generic_nan<float>(char const*)' (/wrk/ci/prod/2025.1/hls_product/continuous/640/2025.1/src/shared/hls/clib/hlsmath/include/FloatingPoint/hls_nan.h:10:0)
INFO: [HLS 214-178] Inlining function 'fp_struct<double>::fp_struct(double)' into 'int generic_isnan<double>(double)' (/wrk/ci/prod/2025.1/hls_product/continuous/640/2025.1/src/shared/hls/clib/hlsmath/include/FloatingPoint/hls_isnan.h:16:0)
INFO: [HLS 214-178] Inlining function 'fp_struct<double>::fp_struct(double)' into 'int generic_isinf<double>(double)' (/wrk/ci/prod/2025.1/hls_product/continuous/640/2025.1/src/shared/hls/clib/hlsmath/include/FloatingPoint/hls_isinf.h:16:0)
INFO: [HLS 214-178] Inlining function 'fp_struct<double>::data() const (.148.158.168.186)' into 'fp_struct<double>::to_double() const (.145.155.165.183)' (/wrk/ci/prod/2025.1/hls_product/continuous/640/2025.1/src/shared/hls/clib/src/hls/utils/x_hls_utils.h:494:0)
INFO: [HLS 214-178] Inlining function 'fp_struct<double>::to_double() const (.145.155.165.183)' into 'fp_struct<double>::to_ieee() const' (/wrk/ci/prod/2025.1/hls_product/continuous/640/2025.1/src/shared/hls/clib/src/hls/utils/x_hls_utils.h:509:0)
INFO: [HLS 214-178] Inlining function 'fp_struct<double>::fp_struct(double)' into 'double exp_reduce_::exp_generic<double>(double)' (/wrk/ci/prod/2025.1/hls_product/continuous/640/2025.1/src/shared/hls/clib/hlsmath/include/FloatingPoint/hls_exp_.h:157:0)
INFO: [HLS 214-178] Inlining function 'int generic_isnan<double>(double)' into 'double exp_reduce_::exp_generic<double>(double)' (/wrk/ci/prod/2025.1/hls_product/continuous/640/2025.1/src/shared/hls/clib/hlsmath/include/FloatingPoint/hls_exp_.h:157:0)
INFO: [HLS 214-178] Inlining function 'int generic_isinf<double>(double)' into 'double exp_reduce_::exp_generic<double>(double)' (/wrk/ci/prod/2025.1/hls_product/continuous/640/2025.1/src/shared/hls/clib/hlsmath/include/FloatingPoint/hls_exp_.h:157:0)
INFO: [HLS 214-178] Inlining function 'fp_struct<double>::to_ieee() const' into 'double exp_reduce_::exp_generic<double>(double)' (/wrk/ci/prod/2025.1/hls_product/continuous/640/2025.1/src/shared/hls/clib/hlsmath/include/FloatingPoint/hls_exp_.h:157:0)
INFO: [HLS 214-178] Inlining function 'fp_struct<double>::expv() const' into 'double exp_reduce_::exp_generic<double>(double)' (/wrk/ci/prod/2025.1/hls_product/continuous/640/2025.1/src/shared/hls/clib/hlsmath/include/FloatingPoint/hls_exp_.h:157:0)
INFO: [HLS 214-178] Inlining function 'exp_reduce_::exp_traits<double>::exp_Z1P_m_1(ap_ufixed<51, -8, (ap_q_mode)5, (ap_o_mode)3, 0>)' into 'double exp_reduce_::exp_generic<double>(double)' (/wrk/ci/prod/2025.1/hls_product/continuous/640/2025.1/src/shared/hls/clib/hlsmath/include/FloatingPoint/hls_exp_.h:157:0)
INFO: [HLS 214-178] Inlining function 'fp_struct<float>::fp_struct(float)' into 'exp_reduce_::expm1(float)' (/wrk/ci/prod/2025.1/hls_product/continuous/640/2025.1/src/shared/hls/clib/hlsmath/src/common/hls_exp_float.cpp:7:0)
INFO: [HLS 214-178] Inlining function 'fp_struct<float>::fp_struct(float)' into 'float explog_based::generic_tanh<float>(float)' (/wrk/ci/prod/2025.1/hls_product/continuous/640/2025.1/src/shared/hls/clib/hlsmath/include/FloatingPoint/hls_tanh.h:28:0)
INFO: [HLS 214-178] Inlining function 'float generic_fabs<float>(float)' into 'float explog_based::generic_tanh<float>(float)' (/wrk/ci/prod/2025.1/hls_product/continuous/640/2025.1/src/shared/hls/clib/hlsmath/include/FloatingPoint/hls_tanh.h:28:0)
INFO: [HLS 214-178] Inlining function 'float generic_nan<float>(char const*)' into 'float explog_based::generic_tanh<float>(float)' (/wrk/ci/prod/2025.1/hls_product/continuous/640/2025.1/src/shared/hls/clib/hlsmath/include/FloatingPoint/hls_tanh.h:28:0)
INFO: [HLS 214-178] Inlining function 'exp_reduce_::expm1(float)' into 'float explog_based::generic_tanh<float>(float)' (/wrk/ci/prod/2025.1/hls_product/continuous/640/2025.1/src/shared/hls/clib/hlsmath/include/FloatingPoint/hls_tanh.h:28:0)
INFO: [HLS 214-178] Inlining function 'tanhf' into 'std::tanh(float)' (/home/frank/AMD/vivado/2025.01/2025.1/Vitis/tps/lnx64/gcc-8.3.0/lib/gcc/x86_64-pc-linux-gnu/8.3.0/../../../../include/c++/8.3.0/cmath:502:0)
INFO: [HLS 214-178] Inlining function 'turbovla::hls::e2e::(anonymous namespace)::read_float(unsigned int const*, unsigned long)' into 'turbovla::hls::e2e::(anonymous namespace)::fuse_layer(unsigned int const*, int, signed char const*, signed char const (*) [128], signed char (*) [128])' (/home/frank/TurboVLA-codex-T015-b3761ce/hardware/hls/e2e/e2e.cpp:181:0)
INFO: [HLS 214-178] Inlining function 'turbovla::hls::e2e::(anonymous namespace)::read_i8(unsigned int const*, unsigned long)' into 'turbovla::hls::e2e::(anonymous namespace)::fuse_layer(unsigned int const*, int, signed char const*, signed char const (*) [128], signed char (*) [128])' (/home/frank/TurboVLA-codex-T015-b3761ce/hardware/hls/e2e/e2e.cpp:181:0)
INFO: [HLS 214-178] Inlining function 'turbovla::hls::e2e::(anonymous namespace)::sigmoid(float)' into 'turbovla::hls::e2e::(anonymous namespace)::fuse_layer(unsigned int const*, int, signed char const*, signed char const (*) [128], signed char (*) [128])' (/home/frank/TurboVLA-codex-T015-b3761ce/hardware/hls/e2e/e2e.cpp:181:0)
INFO: [HLS 214-178] Inlining function 'turbovla::hls::e2e::(anonymous namespace)::quantize(float, float)' into 'turbovla::hls::e2e::(anonymous namespace)::fuse_layer(unsigned int const*, int, signed char const*, signed char const (*) [128], signed char (*) [128])' (/home/frank/TurboVLA-codex-T015-b3761ce/hardware/hls/e2e/e2e.cpp:181:0)
INFO: [HLS 214-178] Inlining function 'turbovla::hls::e2e::(anonymous namespace)::read_u16(unsigned int const*, unsigned long)' into 'turbovla::hls::e2e::(anonymous namespace)::read_i16(unsigned int const*, unsigned long)' (/home/frank/TurboVLA-codex-T015-b3761ce/hardware/hls/e2e/e2e.cpp:36:0)
INFO: [HLS 214-178] Inlining function 'turbovla::hls::e2e::(anonymous namespace)::read_float(unsigned int const*, unsigned long)' into 'turbovla::hls::e2e::(anonymous namespace)::decode_action(unsigned int const*, unsigned int const*, signed char const (*) [128], float*)' (/home/frank/TurboVLA-codex-T015-b3761ce/hardware/hls/e2e/e2e.cpp:236:0)
INFO: [HLS 214-178] Inlining function 'turbovla::hls::e2e::(anonymous namespace)::read_i16(unsigned int const*, unsigned long)' into 'turbovla::hls::e2e::(anonymous namespace)::decode_action(unsigned int const*, unsigned int const*, signed char const (*) [128], float*)' (/home/frank/TurboVLA-codex-T015-b3761ce/hardware/hls/e2e/e2e.cpp:236:0)
INFO: [HLS 214-178] Inlining function 'turbovla::hls::e2e::(anonymous namespace)::read_i8(unsigned int const*, unsigned long)' into 'turbovla::hls::e2e::(anonymous namespace)::decode_action(unsigned int const*, unsigned int const*, signed char const (*) [128], float*)' (/home/frank/TurboVLA-codex-T015-b3761ce/hardware/hls/e2e/e2e.cpp:236:0)
INFO: [HLS 214-178] Inlining function 'turbovla::hls::e2e::(anonymous namespace)::write_u32(unsigned int*, unsigned long, unsigned int)' into 'turbovla::hls::e2e::(anonymous namespace)::write_float(unsigned int*, unsigned long, float)' (/home/frank/TurboVLA-codex-T015-b3761ce/hardware/hls/e2e/e2e.cpp:57:0)
INFO: [HLS 214-178] Inlining function 'turbovla::hls::e2e::(anonymous namespace)::validate(unsigned int const*)' into 'turbovla::hls::e2e::run(unsigned int*)' (/home/frank/TurboVLA-codex-T015-b3761ce/hardware/hls/e2e/e2e.cpp:307:0)
INFO: [HLS 214-178] Inlining function 'turbovla::hls::e2e::(anonymous namespace)::finish(unsigned int*, turbovla::hls::e2e::ErrorCode)' into 'turbovla::hls::e2e::run(unsigned int*)' (/home/frank/TurboVLA-codex-T015-b3761ce/hardware/hls/e2e/e2e.cpp:307:0)
INFO: [HLS 214-178] Inlining function 'turbovla::hls::e2e::(anonymous namespace)::read_u16(unsigned int const*, unsigned long)' into 'turbovla::hls::e2e::run(unsigned int*)' (/home/frank/TurboVLA-codex-T015-b3761ce/hardware/hls/e2e/e2e.cpp:307:0)
INFO: [HLS 214-178] Inlining function 'turbovla::hls::e2e::(anonymous namespace)::read_i8(unsigned int const*, unsigned long)' into 'turbovla::hls::e2e::run(unsigned int*)' (/home/frank/TurboVLA-codex-T015-b3761ce/hardware/hls/e2e/e2e.cpp:307:0)
INFO: [HLS 214-178] Inlining function 'turbovla::hls::e2e::(anonymous namespace)::write_float(unsigned int*, unsigned long, float)' into 'turbovla::hls::e2e::run(unsigned int*)' (/home/frank/TurboVLA-codex-T015-b3761ce/hardware/hls/e2e/e2e.cpp:307:0)
WARNING: [HLS 214-464] Skipping array undecay on variable length array 'arena'. (/home/frank/TurboVLA-codex-T015-b3761ce/hardware/hls/e2e/e2e.cpp:307:0)
INFO: [HLS 214-376] automatically set the pipeline for Loop< VITIS_LOOP_248_1> at /home/frank/TurboVLA-codex-T015-b3761ce/hardware/hls/e2e/e2e.cpp:248:21 
INFO: [HLS 214-376] automatically set the pipeline for Loop< VITIS_LOOP_254_2> at /home/frank/TurboVLA-codex-T015-b3761ce/hardware/hls/e2e/e2e.cpp:254:21 
INFO: [HLS 214-376] automatically set the pipeline for Loop< VITIS_LOOP_277_6> at /home/frank/TurboVLA-codex-T015-b3761ce/hardware/hls/e2e/e2e.cpp:277:23 
INFO: [HLS 214-376] automatically set the pipeline for Loop< VITIS_LOOP_291_7> at /home/frank/TurboVLA-codex-T015-b3761ce/hardware/hls/e2e/e2e.cpp:291:21 
INFO: [HLS 214-376] automatically set the pipeline for Loop< unknown> at  
INFO: [HLS 214-376] automatically set the pipeline for Loop< VITIS_LOOP_196_2> at /home/frank/TurboVLA-codex-T015-b3761ce/hardware/hls/e2e/e2e.cpp:196:23 
INFO: [HLS 214-376] automatically set the pipeline for Loop< VITIS_LOOP_128_4> at /home/frank/TurboVLA-codex-T015-b3761ce/hardware/hls/e2e/e2e.cpp:128:27 
INFO: [HLS 214-376] automatically set the pipeline for Loop< VITIS_LOOP_159_9> at /home/frank/TurboVLA-codex-T015-b3761ce/hardware/hls/e2e/e2e.cpp:159:23 
INFO: [HLS 214-376] automatically set the pipeline for Loop< VITIS_LOOP_322_1> at /home/frank/TurboVLA-codex-T015-b3761ce/hardware/hls/e2e/e2e.cpp:322:21 
INFO: [HLS 214-376] automatically set the pipeline for Loop< VITIS_LOOP_328_2> at /home/frank/TurboVLA-codex-T015-b3761ce/hardware/hls/e2e/e2e.cpp:328:21 
INFO: [HLS 214-291] Loop 'VITIS_LOOP_293_8' is marked as complete unroll implied by the pipeline pragma (/home/frank/TurboVLA-codex-T015-b3761ce/hardware/hls/e2e/e2e.cpp:293:23)
INFO: [HLS 214-291] Loop 'VITIS_LOOP_256_3' is marked as complete unroll implied by the pipeline pragma (/home/frank/TurboVLA-codex-T015-b3761ce/hardware/hls/e2e/e2e.cpp:256:23)
INFO: [HLS 214-291] Loop 'VITIS_LOOP_260_4' is marked as complete unroll implied by the pipeline pragma (/home/frank/TurboVLA-codex-T015-b3761ce/hardware/hls/e2e/e2e.cpp:260:23)
INFO: [HLS 214-291] Loop 'VITIS_LOOP_161_10' is marked as complete unroll implied by the pipeline pragma (/home/frank/TurboVLA-codex-T015-b3761ce/hardware/hls/e2e/e2e.cpp:161:26)
INFO: [HLS 214-291] Loop 'VITIS_LOOP_131_5' is marked as complete unroll implied by the pipeline pragma (/home/frank/TurboVLA-codex-T015-b3761ce/hardware/hls/e2e/e2e.cpp:131:29)
INFO: [HLS 214-291] Loop 'VITIS_LOOP_138_6' is marked as complete unroll implied by the pipeline pragma (/home/frank/TurboVLA-codex-T015-b3761ce/hardware/hls/e2e/e2e.cpp:138:29)
INFO: [HLS 214-291] Loop 'VITIS_LOOP_140_7' is marked as complete unroll implied by the pipeline pragma (/home/frank/TurboVLA-codex-T015-b3761ce/hardware/hls/e2e/e2e.cpp:140:31)
INFO: [HLS 214-186] Unrolling loop 'VITIS_LOOP_293_8' (/home/frank/TurboVLA-codex-T015-b3761ce/hardware/hls/e2e/e2e.cpp:293:23) in function 'turbovla::hls::e2e::(anonymous namespace)::decode_action' completely with a factor of 64 (/home/frank/TurboVLA-codex-T015-b3761ce/hardware/hls/e2e/e2e.cpp:236:0)
INFO: [HLS 214-186] Unrolling loop 'VITIS_LOOP_256_3' (/home/frank/TurboVLA-codex-T015-b3761ce/hardware/hls/e2e/e2e.cpp:256:23) in function 'turbovla::hls::e2e::(anonymous namespace)::decode_action' completely with a factor of 32 (/home/frank/TurboVLA-codex-T015-b3761ce/hardware/hls/e2e/e2e.cpp:236:0)
INFO: [HLS 214-186] Unrolling loop 'VITIS_LOOP_260_4' (/home/frank/TurboVLA-codex-T015-b3761ce/hardware/hls/e2e/e2e.cpp:260:23) in function 'turbovla::hls::e2e::(anonymous namespace)::decode_action' completely with a factor of 8 (/home/frank/TurboVLA-codex-T015-b3761ce/hardware/hls/e2e/e2e.cpp:236:0)
INFO: [HLS 214-186] Unrolling loop 'VITIS_LOOP_161_10' (/home/frank/TurboVLA-codex-T015-b3761ce/hardware/hls/e2e/e2e.cpp:161:26) in function 'turbovla::hls::e2e::(anonymous namespace)::encode_visual' completely with a factor of 16 (/home/frank/TurboVLA-codex-T015-b3761ce/hardware/hls/e2e/e2e.cpp:115:0)
INFO: [HLS 214-186] Unrolling loop 'VITIS_LOOP_131_5' (/home/frank/TurboVLA-codex-T015-b3761ce/hardware/hls/e2e/e2e.cpp:131:29) in function 'turbovla::hls::e2e::(anonymous namespace)::encode_visual' completely with a factor of 3 (/home/frank/TurboVLA-codex-T015-b3761ce/hardware/hls/e2e/e2e.cpp:115:0)
INFO: [HLS 214-186] Unrolling loop 'VITIS_LOOP_138_6' (/home/frank/TurboVLA-codex-T015-b3761ce/hardware/hls/e2e/e2e.cpp:138:29) in function 'turbovla::hls::e2e::(anonymous namespace)::encode_visual' completely with a factor of 16 (/home/frank/TurboVLA-codex-T015-b3761ce/hardware/hls/e2e/e2e.cpp:115:0)
INFO: [HLS 214-186] Unrolling loop 'VITIS_LOOP_140_7' (/home/frank/TurboVLA-codex-T015-b3761ce/hardware/hls/e2e/e2e.cpp:140:31) in function 'turbovla::hls::e2e::(anonymous namespace)::encode_visual' completely with a factor of 3 (/home/frank/TurboVLA-codex-T015-b3761ce/hardware/hls/e2e/e2e.cpp:115:0)
INFO: [HLS 214-437] Automatically disabling loop flattening for loop 'VITIS_LOOP_207_4'. (/home/frank/TurboVLA-codex-T015-b3761ce/hardware/hls/e2e/e2e.cpp:207:23)
INFO: [HLS 214-437] Automatically disabling loop flattening for loop 'VITIS_LOOP_275_5'. (/home/frank/TurboVLA-codex-T015-b3761ce/hardware/hls/e2e/e2e.cpp:275:21)
INFO: [HLS 214-421] Automatically partitioning small array 'pixel' completely based on array size. (/home/frank/TurboVLA-codex-T015-b3761ce/hardware/hls/e2e/e2e.cpp:130:23)
INFO: [HLS 214-270] Inferring pragma 'array_partition type=complete dim=1' for array 'pixel' due to pipeline pragma (/home/frank/TurboVLA-codex-T015-b3761ce/hardware/hls/e2e/e2e.cpp:130:23)
INFO: [HLS 214-270] Inferring pragma 'array_partition type=cyclic factor=2 dim=1' for array 'fusion_1' due to pipeline pragma (/home/frank/TurboVLA-codex-T015-b3761ce/hardware/hls/e2e/e2e.cpp:318:15)
INFO: [HLS 214-248] Applying array_partition to 'pixel': Complete partitioning on dimension 1. (/home/frank/TurboVLA-codex-T015-b3761ce/hardware/hls/e2e/e2e.cpp:130:23)
INFO: [HLS 214-248] Applying array_partition to 'fusion_1': Cyclic partitioning with factor 2 on dimension 1. (/home/frank/TurboVLA-codex-T015-b3761ce/hardware/hls/e2e/e2e.cpp:318:15)
INFO: [HLS 214-115] Multiple burst reads of length 3 and bit width 32 has been inferred on bundle 'gmem0'. These burst requests might be further partitioned into multiple requests during RTL generation, based on max_read_burst_length or max_write_burst_length settings. (/home/frank/TurboVLA-codex-T015-b3761ce/hardware/hls/e2e/e2e.cpp:41:10)
INFO: [HLS 214-115] Multiple burst reads of length 2 and bit width 32 has been inferred on bundle 'gmem0'. These burst requests might be further partitioned into multiple requests during RTL generation, based on max_read_burst_length or max_write_burst_length settings. (/home/frank/TurboVLA-codex-T015-b3761ce/hardware/hls/e2e/e2e.cpp:41:10)
INFO: [HLS 214-115] Multiple burst reads of length 4 and bit width 32 has been inferred on bundle 'gmem0'. These burst requests might be further partitioned into multiple requests during RTL generation, based on max_read_burst_length or max_write_burst_length settings. (/home/frank/TurboVLA-codex-T015-b3761ce/hardware/hls/e2e/e2e.cpp:41:10)
INFO: [HLS 214-115] Multiple burst writes of length 3 and bit width 32 has been inferred on bundle 'gmem0'. These burst requests might be further partitioned into multiple requests during RTL generation, based on max_read_burst_length or max_write_burst_length settings. (/home/frank/TurboVLA-codex-T015-b3761ce/hardware/hls/e2e/e2e.cpp:113:1)
INFO: [HLS 214-115] Multiple burst writes of length 84 and bit width 32 in loop 'VITIS_LOOP_328_2'(/home/frank/TurboVLA-codex-T015-b3761ce/hardware/hls/e2e/e2e.cpp:328:21) has been inferred on bundle 'gmem0'. These burst requests might be further partitioned into multiple requests during RTL generation, based on max_read_burst_length or max_write_burst_length settings. (/home/frank/TurboVLA-codex-T015-b3761ce/hardware/hls/e2e/e2e.cpp:328:21)
INFO: [HLS 214-115] Multiple burst writes of length 3 and bit width 32 has been inferred on bundle 'gmem0'. These burst requests might be further partitioned into multiple requests during RTL generation, based on max_read_burst_length or max_write_burst_length settings. (/home/frank/TurboVLA-codex-T015-b3761ce/hardware/hls/e2e/e2e.cpp:333:1)
INFO: [HLS 200-111] Finished Compiling Optimization and Transform: CPU user time: 7.96 seconds. CPU system time: 1.31 seconds. Elapsed time: 11.05 seconds; current allocated memory: 235.586 MB.
INFO: [HLS 200-111] Finished Checking Pragmas: CPU user time: 0 seconds. CPU system time: 0 seconds. Elapsed time: 0 seconds; current allocated memory: 235.586 MB.
INFO: [HLS 200-10] Starting code transformations ...
INFO: [HLS 200-111] Finished Standard Transforms: CPU user time: 0.15 seconds. CPU system time: 0.01 seconds. Elapsed time: 0.16 seconds; current allocated memory: 241.398 MB.
INFO: [HLS 200-10] Checking synthesizability ...
INFO: [XFORM 203-602] Inlining function 'generic_round<float>' into 'turbovla::hls::e2e::(anonymous namespace)::quantize' (/wrk/ci/prod/2025.1/hls_product/continuous/640/2025.1/src/shared/hls/clib/hlsmath/src/c/roundfloat.cpp:7->/home/frank/AMD/vivado/2025.01/2025.1/Vitis/tps/lnx64/gcc-8.3.0/lib/gcc/x86_64-pc-linux-gnu/8.3.0/../../../../include/c++/8.3.0/cmath:1757->/home/frank/TurboVLA-codex-T015-b3761ce/hardware/hls/e2e/e2e.cpp:71) automatically.
INFO: [XFORM 203-602] Inlining function 'generic_round<float>' into 'turbovla::hls::e2e::(anonymous namespace)::fuse_layer' (/wrk/ci/prod/2025.1/hls_product/continuous/640/2025.1/src/shared/hls/clib/hlsmath/src/c/roundfloat.cpp:7->/home/frank/AMD/vivado/2025.01/2025.1/Vitis/tps/lnx64/gcc-8.3.0/lib/gcc/x86_64-pc-linux-gnu/8.3.0/../../../../include/c++/8.3.0/cmath:1757->/home/frank/TurboVLA-codex-T015-b3761ce/hardware/hls/e2e/e2e.cpp:71->/home/frank/TurboVLA-codex-T015-b3761ce/hardware/hls/e2e/e2e.cpp:228) automatically.
INFO: [XFORM 203-602] Inlining function 'generic_round<float>' into 'turbovla::hls::e2e::(anonymous namespace)::fuse_layer.1' (/wrk/ci/prod/2025.1/hls_product/continuous/640/2025.1/src/shared/hls/clib/hlsmath/src/c/roundfloat.cpp:7->/home/frank/AMD/vivado/2025.01/2025.1/Vitis/tps/lnx64/gcc-8.3.0/lib/gcc/x86_64-pc-linux-gnu/8.3.0/../../../../include/c++/8.3.0/cmath:1757->/home/frank/TurboVLA-codex-T015-b3761ce/hardware/hls/e2e/e2e.cpp:71->/home/frank/TurboVLA-codex-T015-b3761ce/hardware/hls/e2e/e2e.cpp:228) automatically.
INFO: [HLS 200-111] Finished Checking Synthesizability: CPU user time: 0.17 seconds. CPU system time: 0 seconds. Elapsed time: 0.17 seconds; current allocated memory: 244.801 MB.
INFO: [XFORM 203-602] Inlining function 'generic_round<float>' into 'turbovla::hls::e2e::(anonymous namespace)::quantize' (/wrk/ci/prod/2025.1/hls_product/continuous/640/2025.1/src/shared/hls/clib/hlsmath/src/c/roundfloat.cpp:7->/home/frank/AMD/vivado/2025.01/2025.1/Vitis/tps/lnx64/gcc-8.3.0/lib/gcc/x86_64-pc-linux-gnu/8.3.0/../../../../include/c++/8.3.0/cmath:1757->/home/frank/TurboVLA-codex-T015-b3761ce/hardware/hls/e2e/e2e.cpp:71) automatically.
INFO: [XFORM 203-602] Inlining function 'generic_round<float>' into 'turbovla::hls::e2e::(anonymous namespace)::fuse_layer' (/wrk/ci/prod/2025.1/hls_product/continuous/640/2025.1/src/shared/hls/clib/hlsmath/src/c/roundfloat.cpp:7->/home/frank/AMD/vivado/2025.01/2025.1/Vitis/tps/lnx64/gcc-8.3.0/lib/gcc/x86_64-pc-linux-gnu/8.3.0/../../../../include/c++/8.3.0/cmath:1757->/home/frank/TurboVLA-codex-T015-b3761ce/hardware/hls/e2e/e2e.cpp:71->/home/frank/TurboVLA-codex-T015-b3761ce/hardware/hls/e2e/e2e.cpp:228) automatically.
INFO: [XFORM 203-602] Inlining function 'generic_round<float>' into 'turbovla::hls::e2e::(anonymous namespace)::fuse_layer.1' (/wrk/ci/prod/2025.1/hls_product/continuous/640/2025.1/src/shared/hls/clib/hlsmath/src/c/roundfloat.cpp:7->/home/frank/AMD/vivado/2025.01/2025.1/Vitis/tps/lnx64/gcc-8.3.0/lib/gcc/x86_64-pc-linux-gnu/8.3.0/../../../../include/c++/8.3.0/cmath:1757->/home/frank/TurboVLA-codex-T015-b3761ce/hardware/hls/e2e/e2e.cpp:71->/home/frank/TurboVLA-codex-T015-b3761ce/hardware/hls/e2e/e2e.cpp:228) automatically.
INFO: [XFORM 203-401] Performing if-conversion on hyperblock from (/home/frank/TurboVLA-codex-T015-b3761ce/hardware/hls/e2e/e2e.cpp:70:28) to (/home/frank/TurboVLA-codex-T015-b3761ce/hardware/hls/e2e/e2e.cpp:77:3) in function 'turbovla::hls::e2e::(anonymous namespace)::quantize'... converting 5 basic blocks.
INFO: [XFORM 203-401] Performing if-conversion on hyperblock from (/home/frank/TurboVLA-codex-T015-b3761ce/hardware/hls/e2e/e2e.cpp:221:31) to (/home/frank/TurboVLA-codex-T015-b3761ce/hardware/hls/e2e/e2e.cpp:228:37) in function 'turbovla::hls::e2e::(anonymous namespace)::fuse_layer.1'... converting 5 basic blocks.
INFO: [XFORM 203-401] Performing if-conversion on hyperblock from (/home/frank/TurboVLA-codex-T015-b3761ce/hardware/hls/e2e/e2e.cpp:221:31) to (/home/frank/TurboVLA-codex-T015-b3761ce/hardware/hls/e2e/e2e.cpp:207:23) in function 'turbovla::hls::e2e::(anonymous namespace)::fuse_layer'... converting 5 basic blocks.
INFO: [XFORM 203-401] Performing if-conversion on hyperblock from (/wrk/ci/prod/2025.1/hls_product/continuous/640/2025.1/src/shared/hls/clib/hlsmath/include/FloatingPoint/hls_exp_.h:158:9) to (/wrk/ci/prod/2025.1/hls_product/continuous/640/2025.1/src/shared/hls/clib/hlsmath/include/FloatingPoint/hls_exp_.h:339:3) in function 'exp_reduce_::exp_generic<double>'... converting 10 basic blocks.
INFO: [XFORM 203-11] Balancing expressions in function 'turbovla::hls::e2e::(anonymous namespace)::encode_visual' (/home/frank/TurboVLA-codex-T015-b3761ce/hardware/hls/e2e/e2e.cpp:27:27)...15 expression(s) balanced.
INFO: [XFORM 203-11] Balancing expressions in function 'turbovla::hls::e2e::(anonymous namespace)::decode_action' (/home/frank/TurboVLA-codex-T015-b3761ce/hardware/hls/e2e/e2e.cpp:27:23)...101 expression(s) balanced.
INFO: [HLS 200-111] Finished Loop, function and other optimizations: CPU user time: 0.69 seconds. CPU system time: 0.03 seconds. Elapsed time: 0.72 seconds; current allocated memory: 271.418 MB.
INFO: [HLS 200-2061] Successfully converted nested loops 'VITIS_LOOP_195_1'(/home/frank/TurboVLA-codex-T015-b3761ce/hardware/hls/e2e/e2e.cpp:195:21) and 'VITIS_LOOP_196_2'(/home/frank/TurboVLA-codex-T015-b3761ce/hardware/hls/e2e/e2e.cpp:196:23) in function 'turbovla::hls::e2e::(anonymous namespace)::fuse_layer.1' into perfectly nested loops.
INFO: [HLS 200-2061] Successfully converted nested loops 'VITIS_LOOP_195_1'(/home/frank/TurboVLA-codex-T015-b3761ce/hardware/hls/e2e/e2e.cpp:195:21) and 'VITIS_LOOP_196_2'(/home/frank/TurboVLA-codex-T015-b3761ce/hardware/hls/e2e/e2e.cpp:196:23) in function 'turbovla::hls::e2e::(anonymous namespace)::fuse_layer' into perfectly nested loops.
INFO: [HLS 200-2061] Successfully converted nested loops 'VITIS_LOOP_126_3'(/home/frank/TurboVLA-codex-T015-b3761ce/hardware/hls/e2e/e2e.cpp:126:25) and 'VITIS_LOOP_128_4'(/home/frank/TurboVLA-codex-T015-b3761ce/hardware/hls/e2e/e2e.cpp:128:27) in function 'turbovla::hls::e2e::(anonymous namespace)::encode_visual' into perfectly nested loops.
INFO: [HLS 200-2061] Successfully converted nested loops 'VITIS_LOOP_124_2'(/home/frank/TurboVLA-codex-T015-b3761ce/hardware/hls/e2e/e2e.cpp:124:23) and 'VITIS_LOOP_126_3'(/home/frank/TurboVLA-codex-T015-b3761ce/hardware/hls/e2e/e2e.cpp:126:25) in function 'turbovla::hls::e2e::(anonymous namespace)::encode_visual' into perfectly nested loops.
INFO: [HLS 200-2061] Successfully converted nested loops 'VITIS_LOOP_123_1'(/home/frank/TurboVLA-codex-T015-b3761ce/hardware/hls/e2e/e2e.cpp:123:21) and 'VITIS_LOOP_124_2'(/home/frank/TurboVLA-codex-T015-b3761ce/hardware/hls/e2e/e2e.cpp:124:23) in function 'turbovla::hls::e2e::(anonymous namespace)::encode_visual' into perfectly nested loops.
INFO: [HLS 200-2061] Successfully converted nested loops 'VITIS_LOOP_158_8'(/home/frank/TurboVLA-codex-T015-b3761ce/hardware/hls/e2e/e2e.cpp:158:21) and 'VITIS_LOOP_159_9'(/home/frank/TurboVLA-codex-T015-b3761ce/hardware/hls/e2e/e2e.cpp:159:23) in function 'turbovla::hls::e2e::(anonymous namespace)::encode_visual' into perfectly nested loops.
INFO: [XFORM 203-541] Flattening a loop nest 'VITIS_LOOP_195_1' (/home/frank/TurboVLA-codex-T015-b3761ce/hardware/hls/e2e/e2e.cpp:195:21) in function 'turbovla::hls::e2e::(anonymous namespace)::fuse_layer.1'.
INFO: [XFORM 203-541] Flattening a loop nest 'VITIS_LOOP_195_1' (/home/frank/TurboVLA-codex-T015-b3761ce/hardware/hls/e2e/e2e.cpp:195:21) in function 'turbovla::hls::e2e::(anonymous namespace)::fuse_layer'.
INFO: [XFORM 203-541] Flattening a loop nest 'VITIS_LOOP_126_3' (/home/frank/TurboVLA-codex-T015-b3761ce/hardware/hls/e2e/e2e.cpp:126:25) in function 'turbovla::hls::e2e::(anonymous namespace)::encode_visual'.
INFO: [XFORM 203-541] Flattening a loop nest 'VITIS_LOOP_124_2' (/home/frank/TurboVLA-codex-T015-b3761ce/hardware/hls/e2e/e2e.cpp:124:23) in function 'turbovla::hls::e2e::(anonymous namespace)::encode_visual'.
INFO: [XFORM 203-541] Flattening a loop nest 'VITIS_LOOP_123_1' (/home/frank/TurboVLA-codex-T015-b3761ce/hardware/hls/e2e/e2e.cpp:123:21) in function 'turbovla::hls::e2e::(anonymous namespace)::encode_visual'.
INFO: [XFORM 203-541] Flattening a loop nest 'VITIS_LOOP_158_8' (/home/frank/TurboVLA-codex-T015-b3761ce/hardware/hls/e2e/e2e.cpp:158:21) in function 'turbovla::hls::e2e::(anonymous namespace)::encode_visual'.
INFO: [HLS 200-111] Finished Architecture Synthesis: CPU user time: 1 seconds. CPU system time: 0.17 seconds. Elapsed time: 1.18 seconds; current allocated memory: 517.672 MB.
INFO: [HLS 200-10] Starting hardware synthesis ...
INFO: [HLS 200-10] Synthesizing 'turbovla_lite_e2e' ...
WARNING: [SYN 201-103] Legalizing function name '(anonymous namespace)encode_visual_Pipeline_1' to 'p_anonymous_namespace_encode_visual_Pipeline_1'.
WARNING: [SYN 201-103] Legalizing function name '(anonymous namespace)quantize' to 'p_anonymous_namespace_quantize'.
WARNING: [SYN 201-103] Legalizing function name '(anonymous namespace)encode_visual_Pipeline_VITIS_LOOP_123_1_VITIS_LOOP_124_2_VI' to 'p_anonymous_namespace_encode_visual_Pipeline_VITIS_LOOP_123_1_VITIS_LOOP_124_2_VI'.
WARNING: [SYN 201-103] Legalizing function name '(anonymous namespace)encode_visual_Pipeline_VITIS_LOOP_158_8_VITIS_LOOP_159_9' to 'p_anonymous_namespace_encode_visual_Pipeline_VITIS_LOOP_158_8_VITIS_LOOP_159_9'.
WARNING: [SYN 201-103] Legalizing function name '(anonymous namespace)encode_visual' to 'p_anonymous_namespace_encode_visual'.
WARNING: [SYN 201-103] Legalizing function name '(anonymous namespace)fuse_layer_Pipeline_1' to 'p_anonymous_namespace_fuse_layer_Pipeline_1'.
WARNING: [SYN 201-103] Legalizing function name '(anonymous namespace)fuse_layer_Pipeline_2' to 'p_anonymous_namespace_fuse_layer_Pipeline_2'.
WARNING: [SYN 201-103] Legalizing function name '(anonymous namespace)fuse_layer_Pipeline_VITIS_LOOP_195_1_VITIS_LOOP_196_2' to 'p_anonymous_namespace_fuse_layer_Pipeline_VITIS_LOOP_195_1_VITIS_LOOP_196_2'.
WARNING: [SYN 201-103] Legalizing function name '(anonymous namespace)fuse_layer_Pipeline_VITIS_LOOP_210_5' to 'p_anonymous_namespace_fuse_layer_Pipeline_VITIS_LOOP_210_5'.
WARNING: [SYN 201-103] Legalizing function name 'exp_generic<double>' to 'exp_generic_double_s'.
WARNING: [SYN 201-103] Legalizing function name 'generic_tanh<float>' to 'generic_tanh_float_s'.
WARNING: [SYN 201-103] Legalizing function name '(anonymous namespace)fuse_layer' to 'p_anonymous_namespace_fuse_layer'.
WARNING: [SYN 201-103] Legalizing function name '(anonymous namespace)fuse_layer.1_Pipeline_1' to 'p_anonymous_namespace_fuse_layer_1_Pipeline_1'.
WARNING: [SYN 201-103] Legalizing function name '(anonymous namespace)fuse_layer.1_Pipeline_2' to 'p_anonymous_namespace_fuse_layer_1_Pipeline_2'.
WARNING: [SYN 201-103] Legalizing function name '(anonymous namespace)fuse_layer.1_Pipeline_VITIS_LOOP_195_1_VITIS_LOOP_196_2' to 'p_anonymous_namespace_fuse_layer_1_Pipeline_VITIS_LOOP_195_1_VITIS_LOOP_196_2'.
WARNING: [SYN 201-103] Legalizing function name '(anonymous namespace)fuse_layer.1_Pipeline_VITIS_LOOP_210_5' to 'p_anonymous_namespace_fuse_layer_1_Pipeline_VITIS_LOOP_210_5'.
WARNING: [SYN 201-103] Legalizing function name '(anonymous namespace)fuse_layer.1' to 'p_anonymous_namespace_fuse_layer_1'.
WARNING: [SYN 201-103] Legalizing function name '(anonymous namespace)decode_action_Pipeline_VITIS_LOOP_248_1' to 'p_anonymous_namespace_decode_action_Pipeline_VITIS_LOOP_248_1'.
WARNING: [SYN 201-103] Legalizing function name '(anonymous namespace)decode_action_Pipeline_VITIS_LOOP_254_2' to 'p_anonymous_namespace_decode_action_Pipeline_VITIS_LOOP_254_2'.
WARNING: [SYN 201-103] Legalizing function name '(anonymous namespace)decode_action_Pipeline_VITIS_LOOP_277_6' to 'p_anonymous_namespace_decode_action_Pipeline_VITIS_LOOP_277_6'.
WARNING: [SYN 201-103] Legalizing function name '(anonymous namespace)decode_action_Pipeline_VITIS_LOOP_291_7' to 'p_anonymous_namespace_decode_action_Pipeline_VITIS_LOOP_291_7'.
WARNING: [SYN 201-103] Legalizing function name '(anonymous namespace)decode_action' to 'p_anonymous_namespace_decode_action'.
INFO: [HLS 200-10] ----------------------------------------------------------------
INFO: [HLS 200-42] -- Implementing module 'p_anonymous_namespace_encode_visual_Pipeline_1' 
INFO: [HLS 200-10] ----------------------------------------------------------------
INFO: [SCHED 204-11] Starting scheduling ...
INFO: [SCHED 204-61] Pipelining loop 'Loop 1'.
INFO: [HLS 200-1470] Pipelining result : Target II = NA, Final II = 1, Depth = 1, loop 'Loop 1'
INFO: [SCHED 204-11] Finished scheduling.
INFO: [HLS 200-111] Finished Scheduling: CPU user time: 0.22 seconds. CPU system time: 0.04 seconds. Elapsed time: 0.25 seconds; current allocated memory: 519.707 MB.
INFO: [BIND 205-100] Starting micro-architecture generation ...
INFO: [BIND 205-101] Performing variable lifetime analysis.
INFO: [BIND 205-101] Exploring resource sharing.
INFO: [BIND 205-101] Binding ...
INFO: [BIND 205-100] Finished micro-architecture generation.
INFO: [HLS 200-111] Finished Binding: CPU user time: 0.01 seconds. CPU system time: 0.01 seconds. Elapsed time: 0.02 seconds; current allocated memory: 519.707 MB.
INFO: [HLS 200-10] ----------------------------------------------------------------
INFO: [HLS 200-42] -- Implementing module 'p_anonymous_namespace_quantize' 
INFO: [HLS 200-10] ----------------------------------------------------------------
INFO: [SCHED 204-11] Starting scheduling ...
INFO: [SCHED 204-61] Pipelining function '(anonymous namespace)quantize'.
INFO: [HLS 200-1470] Pipelining result : Target II = NA, Final II = 1, Depth = 22, function '(anonymous namespace)quantize'
INFO: [SCHED 204-11] Finished scheduling.
INFO: [HLS 200-111] Finished Scheduling: CPU user time: 0.06 seconds. CPU system time: 0 seconds. Elapsed time: 0.07 seconds; current allocated memory: 520.422 MB.
INFO: [BIND 205-100] Starting micro-architecture generation ...
INFO: [BIND 205-101] Performing variable lifetime analysis.
INFO: [BIND 205-101] Exploring resource sharing.
INFO: [BIND 205-101] Binding ...
INFO: [BIND 205-100] Finished micro-architecture generation.
INFO: [HLS 200-111] Finished Binding: CPU user time: 0.02 seconds. CPU system time: 0 seconds. Elapsed time: 0.01 seconds; current allocated memory: 520.422 MB.
INFO: [HLS 200-10] ----------------------------------------------------------------
INFO: [HLS 200-42] -- Implementing module 'p_anonymous_namespace_encode_visual_Pipeline_VITIS_LOOP_123_1_VITIS_LOOP_124_2_VI' 
INFO: [HLS 200-10] ----------------------------------------------------------------
INFO: [SCHED 204-11] Starting scheduling ...
INFO: [HLS 200-486] Changing DSP latency (root=accumulator_15) to 3 in order to utilize available DSP registers.
INFO: [HLS 200-486] Changing DSP latency (root=add_ln141_30) to 3 in order to utilize available DSP registers.
INFO: [HLS 200-486] Changing DSP latency (root=accumulator_14) to 3 in order to utilize available DSP registers.
INFO: [HLS 200-486] Changing DSP latency (root=add_ln141_28) to 3 in order to utilize available DSP registers.
INFO: [HLS 200-486] Changing DSP latency (root=accumulator_13) to 3 in order to utilize available DSP registers.
INFO: [HLS 200-486] Changing DSP latency (root=add_ln141_26) to 3 in order to utilize available DSP registers.
INFO: [HLS 200-486] Changing DSP latency (root=accumulator_12) to 3 in order to utilize available DSP registers.
INFO: [HLS 200-486] Changing DSP latency (root=add_ln141_24) to 3 in order to utilize available DSP registers.
INFO: [HLS 200-486] Changing DSP latency (root=accumulator_11) to 3 in order to utilize available DSP registers.
INFO: [HLS 200-486] Changing DSP latency (root=add_ln141_22) to 3 in order to utilize available DSP registers.
INFO: [HLS 200-486] Changing DSP latency (root=accumulator_10) to 3 in order to utilize available DSP registers.
INFO: [HLS 200-486] Changing DSP latency (root=add_ln141_20) to 3 in order to utilize available DSP registers.
INFO: [HLS 200-486] Changing DSP latency (root=accumulator_9) to 3 in order to utilize available DSP registers.
INFO: [HLS 200-486] Changing DSP latency (root=add_ln141_18) to 3 in order to utilize available DSP registers.
INFO: [HLS 200-486] Changing DSP latency (root=accumulator_8) to 3 in order to utilize available DSP registers.
INFO: [HLS 200-486] Changing DSP latency (root=add_ln141_16) to 3 in order to utilize available DSP registers.
INFO: [HLS 200-486] Changing DSP latency (root=accumulator_7) to 3 in order to utilize available DSP registers.
INFO: [HLS 200-486] Changing DSP latency (root=add_ln141_14) to 3 in order to utilize available DSP registers.
INFO: [HLS 200-486] Changing DSP latency (root=accumulator_6) to 3 in order to utilize available DSP registers.
INFO: [HLS 200-486] Changing DSP latency (root=add_ln141_12) to 3 in order to utilize available DSP registers.
INFO: [HLS 200-486] Changing DSP latency (root=accumulator_5) to 3 in order to utilize available DSP registers.
INFO: [HLS 200-486] Changing DSP latency (root=add_ln141_10) to 3 in order to utilize available DSP registers.
INFO: [HLS 200-486] Changing DSP latency (root=accumulator_4) to 3 in order to utilize available DSP registers.
INFO: [HLS 200-486] Changing DSP latency (root=add_ln141_8) to 3 in order to utilize available DSP registers.
INFO: [HLS 200-486] Changing DSP latency (root=accumulator_3) to 3 in order to utilize available DSP registers.
INFO: [HLS 200-486] Changing DSP latency (root=add_ln141_6) to 3 in order to utilize available DSP registers.
INFO: [HLS 200-486] Changing DSP latency (root=accumulator_2) to 3 in order to utilize available DSP registers.
INFO: [HLS 200-486] Changing DSP latency (root=add_ln141_4) to 3 in order to utilize available DSP registers.
INFO: [HLS 200-486] Changing DSP latency (root=accumulator_1) to 3 in order to utilize available DSP registers.
INFO: [HLS 200-486] Changing DSP latency (root=add_ln141_2) to 3 in order to utilize available DSP registers.
INFO: [HLS 200-486] Changing DSP latency (root=accumulator) to 3 in order to utilize available DSP registers.
INFO: [HLS 200-486] Changing DSP latency (root=add_ln141) to 3 in order to utilize available DSP registers.
INFO: [SCHED 204-61] Pipelining loop 'VITIS_LOOP_123_1_VITIS_LOOP_124_2_VITIS_LOOP_126_3_VITIS_LOOP_128_4'.
WARNING: [HLS 200-885] The II Violation in module 'p_anonymous_namespace_encode_visual_Pipeline_VITIS_LOOP_123_1_VITIS_LOOP_124_2_VI' (loop 'VITIS_LOOP_123_1_VITIS_LOOP_124_2_VITIS_LOOP_126_3_VITIS_LOOP_128_4'): Unable to schedule bus request operation ('word_24_req', /home/frank/TurboVLA-codex-T015-b3761ce/hardware/hls/e2e/e2e.cpp:27->/home/frank/TurboVLA-codex-T015-b3761ce/hardware/hls/e2e/e2e.cpp:135) on port 'gmem0' (/home/frank/TurboVLA-codex-T015-b3761ce/hardware/hls/e2e/e2e.cpp:27->/home/frank/TurboVLA-codex-T015-b3761ce/hardware/hls/e2e/e2e.cpp:135) due to limited memory ports (II = 1). Please consider using a memory core with more ports or partitioning the array.
Resolution: For help on HLS 200-885 see docs.xilinx.com/access/sources/dita/topic?Doc_Version=2025.1%20English&url=ug1448-hls-guidance&resourceid=200-885.html
WARNING: [HLS 200-885] The II Violation in module 'p_anonymous_namespace_encode_visual_Pipeline_VITIS_LOOP_123_1_VITIS_LOOP_124_2_VI' (loop 'VITIS_LOOP_123_1_VITIS_LOOP_124_2_VITIS_LOOP_126_3_VITIS_LOOP_128_4'): Unable to schedule bus request operation ('word_25_req', /home/frank/TurboVLA-codex-T015-b3761ce/hardware/hls/e2e/e2e.cpp:27->/home/frank/TurboVLA-codex-T015-b3761ce/hardware/hls/e2e/e2e.cpp:135) on port 'gmem0' (/home/frank/TurboVLA-codex-T015-b3761ce/hardware/hls/e2e/e2e.cpp:27->/home/frank/TurboVLA-codex-T015-b3761ce/hardware/hls/e2e/e2e.cpp:135) due to limited memory ports (II = 2). Please consider using a memory core with more ports or partitioning the array.
Resolution: For help on HLS 200-885 see docs.xilinx.com/access/sources/dita/topic?Doc_Version=2025.1%20English&url=ug1448-hls-guidance&resourceid=200-885.html
WARNING: [HLS 200-885] The II Violation in module 'p_anonymous_namespace_encode_visual_Pipeline_VITIS_LOOP_123_1_VITIS_LOOP_124_2_VI' (loop 'VITIS_LOOP_123_1_VITIS_LOOP_124_2_VITIS_LOOP_126_3_VITIS_LOOP_128_4'): Unable to schedule 'load' operation 32 bit ('pooled_load_20', /home/frank/TurboVLA-codex-T015-b3761ce/hardware/hls/e2e/e2e.cpp:150) on array 'pooled' due to limited memory ports (II = 3). Please consider using a memory core with more ports or partitioning the array 'pooled'.
Resolution: For help on HLS 200-885 see docs.xilinx.com/access/sources/dita/topic?Doc_Version=2025.1%20English&url=ug1448-hls-guidance&resourceid=200-885.html
WARNING: [HLS 200-885] The II Violation in module 'p_anonymous_namespace_encode_visual_Pipeline_VITIS_LOOP_123_1_VITIS_LOOP_124_2_VI' (loop 'VITIS_LOOP_123_1_VITIS_LOOP_124_2_VITIS_LOOP_126_3_VITIS_LOOP_128_4'): Unable to schedule 'load' operation 32 bit ('pooled_load_22', /home/frank/TurboVLA-codex-T015-b3761ce/hardware/hls/e2e/e2e.cpp:150) on array 'pooled' due to limited memory ports (II = 4). Please consider using a memory core with more ports or partitioning the array 'pooled'.
Resolution: For help on HLS 200-885 see docs.xilinx.com/access/sources/dita/topic?Doc_Version=2025.1%20English&url=ug1448-hls-guidance&resourceid=200-885.html
WARNING: [HLS 200-885] The II Violation in module 'p_anonymous_namespace_encode_visual_Pipeline_VITIS_LOOP_123_1_VITIS_LOOP_124_2_VI' (loop 'VITIS_LOOP_123_1_VITIS_LOOP_124_2_VITIS_LOOP_126_3_VITIS_LOOP_128_4'): Unable to schedule 'store' operation 0 bit ('pooled_addr_20_write_ln150', /home/frank/TurboVLA-codex-T015-b3761ce/hardware/hls/e2e/e2e.cpp:150) of variable 'add_ln150_5', /home/frank/TurboVLA-codex-T015-b3761ce/hardware/hls/e2e/e2e.cpp:150 on array 'pooled' due to limited memory ports (II = 11). Please consider using a memory core with more ports or partitioning the array 'pooled'.
Resolution: For help on HLS 200-885 see docs.xilinx.com/access/sources/dita/topic?Doc_Version=2025.1%20English&url=ug1448-hls-guidance&resourceid=200-885.html
WARNING: [HLS 200-885] The II Violation in module 'p_anonymous_namespace_encode_visual_Pipeline_VITIS_LOOP_123_1_VITIS_LOOP_124_2_VI' (loop 'VITIS_LOOP_123_1_VITIS_LOOP_124_2_VITIS_LOOP_126_3_VITIS_LOOP_128_4'): Unable to schedule 'store' operation 0 bit ('pooled_addr_28_write_ln150', /home/frank/TurboVLA-codex-T015-b3761ce/hardware/hls/e2e/e2e.cpp:150) of variable 'add_ln150_13', /home/frank/TurboVLA-codex-T015-b3761ce/hardware/hls/e2e/e2e.cpp:150 on array 'pooled' due to limited memory ports (II = 15). Please consider using a memory core with more ports or partitioning the array 'pooled'.
Resolution: For help on HLS 200-885 see docs.xilinx.com/access/sources/dita/topic?Doc_Version=2025.1%20English&url=ug1448-hls-guidance&resourceid=200-885.html
INFO: [HLS 200-1470] Pipelining result : Target II = NA, Final II = 16, Depth = 162, loop 'VITIS_LOOP_123_1_VITIS_LOOP_124_2_VITIS_LOOP_126_3_VITIS_LOOP_128_4'
INFO: [SCHED 204-11] Finished scheduling.
INFO: [HLS 200-111] Finished Scheduling: CPU user time: 8.02 seconds. CPU system time: 0.02 seconds. Elapsed time: 8.03 seconds; current allocated memory: 530.691 MB.
INFO: [BIND 205-100] Starting micro-architecture generation ...
INFO: [BIND 205-101] Performing variable lifetime analysis.
INFO: [BIND 205-101] Exploring resource sharing.
INFO: [BIND 205-101] Binding ...
INFO: [BIND 205-100] Finished micro-architecture generation.
INFO: [HLS 200-111] Finished Binding: CPU user time: 0.25 seconds. CPU system time: 0 seconds. Elapsed time: 0.25 seconds; current allocated memory: 530.691 MB.
INFO: [HLS 200-10] ----------------------------------------------------------------
INFO: [HLS 200-42] -- Implementing module 'p_anonymous_namespace_encode_visual_Pipeline_VITIS_LOOP_158_8_VITIS_LOOP_159_9' 
INFO: [HLS 200-10] ----------------------------------------------------------------
INFO: [SCHED 204-11] Starting scheduling ...
INFO: [HLS 200-486] Changing DSP latency (root=add_ln163_11) to 3 in order to utilize available DSP registers.
INFO: [HLS 200-486] Changing DSP latency (root=add_ln163_10) to 3 in order to utilize available DSP registers.
INFO: [HLS 200-486] Changing DSP latency (root=add_ln163_8) to 3 in order to utilize available DSP registers.
INFO: [HLS 200-486] Changing DSP latency (root=add_ln163_7) to 3 in order to utilize available DSP registers.
INFO: [HLS 200-486] Changing DSP latency (root=add_ln163_4) to 3 in order to utilize available DSP registers.
INFO: [HLS 200-486] Changing DSP latency (root=add_ln163_3) to 3 in order to utilize available DSP registers.
INFO: [HLS 200-486] Changing DSP latency (root=add_ln163_1) to 3 in order to utilize available DSP registers.
INFO: [HLS 200-486] Changing DSP latency (root=add_ln163) to 3 in order to utilize available DSP registers.
INFO: [SCHED 204-61] Pipelining loop 'VITIS_LOOP_158_8_VITIS_LOOP_159_9'.
WARNING: [HLS 200-885] The II Violation in module 'p_anonymous_namespace_encode_visual_Pipeline_VITIS_LOOP_158_8_VITIS_LOOP_159_9' (loop 'VITIS_LOOP_158_8_VITIS_LOOP_159_9'): Unable to schedule bus request operation ('word_8_req', /home/frank/TurboVLA-codex-T015-b3761ce/hardware/hls/e2e/e2e.cpp:27->/home/frank/TurboVLA-codex-T015-b3761ce/hardware/hls/e2e/e2e.cpp:67->/home/frank/TurboVLA-codex-T015-b3761ce/hardware/hls/e2e/e2e.cpp:164) on port 'gmem0' (/home/frank/TurboVLA-codex-T015-b3761ce/hardware/hls/e2e/e2e.cpp:27->/home/frank/TurboVLA-codex-T015-b3761ce/hardware/hls/e2e/e2e.cpp:67->/home/frank/TurboVLA-codex-T015-b3761ce/hardware/hls/e2e/e2e.cpp:164) due to limited memory ports (II = 1). Please consider using a memory core with more ports or partitioning the array.
Resolution: For help on HLS 200-885 see docs.xilinx.com/access/sources/dita/topic?Doc_Version=2025.1%20English&url=ug1448-hls-guidance&resourceid=200-885.html
WARNING: [HLS 200-885] The II Violation in module 'p_anonymous_namespace_encode_visual_Pipeline_VITIS_LOOP_158_8_VITIS_LOOP_159_9' (loop 'VITIS_LOOP_158_8_VITIS_LOOP_159_9'): Unable to schedule bus request operation ('word_9_req', /home/frank/TurboVLA-codex-T015-b3761ce/hardware/hls/e2e/e2e.cpp:27->/home/frank/TurboVLA-codex-T015-b3761ce/hardware/hls/e2e/e2e.cpp:67->/home/frank/TurboVLA-codex-T015-b3761ce/hardware/hls/e2e/e2e.cpp:164) on port 'gmem0' (/home/frank/TurboVLA-codex-T015-b3761ce/hardware/hls/e2e/e2e.cpp:27->/home/frank/TurboVLA-codex-T015-b3761ce/hardware/hls/e2e/e2e.cpp:67->/home/frank/TurboVLA-codex-T015-b3761ce/hardware/hls/e2e/e2e.cpp:164) due to limited memory ports (II = 2). Please consider using a memory core with more ports or partitioning the array.
Resolution: For help on HLS 200-885 see docs.xilinx.com/access/sources/dita/topic?Doc_Version=2025.1%20English&url=ug1448-hls-guidance&resourceid=200-885.html
WARNING: [HLS 200-885] The II Violation in module 'p_anonymous_namespace_encode_visual_Pipeline_VITIS_LOOP_158_8_VITIS_LOOP_159_9' (loop 'VITIS_LOOP_158_8_VITIS_LOOP_159_9'): Unable to schedule bus request operation ('word_10_req', /home/frank/TurboVLA-codex-T015-b3761ce/hardware/hls/e2e/e2e.cpp:27->/home/frank/TurboVLA-codex-T015-b3761ce/hardware/hls/e2e/e2e.cpp:67->/home/frank/TurboVLA-codex-T015-b3761ce/hardware/hls/e2e/e2e.cpp:164) on port 'gmem0' (/home/frank/TurboVLA-codex-T015-b3761ce/hardware/hls/e2e/e2e.cpp:27->/home/frank/TurboVLA-codex-T015-b3761ce/hardware/hls/e2e/e2e.cpp:67->/home/frank/TurboVLA-codex-T015-b3761ce/hardware/hls/e2e/e2e.cpp:164) due to limited memory ports (II = 3). Please consider using a memory core with more ports or partitioning the array.
Resolution: For help on HLS 200-885 see docs.xilinx.com/access/sources/dita/topic?Doc_Version=2025.1%20English&url=ug1448-hls-guidance&resourceid=200-885.html
WARNING: [HLS 200-885] The II Violation in module 'p_anonymous_namespace_encode_visual_Pipeline_VITIS_LOOP_158_8_VITIS_LOOP_159_9' (loop 'VITIS_LOOP_158_8_VITIS_LOOP_159_9'): Unable to schedule bus request operation ('word_11_req', /home/frank/TurboVLA-codex-T015-b3761ce/hardware/hls/e2e/e2e.cpp:27->/home/frank/TurboVLA-codex-T015-b3761ce/hardware/hls/e2e/e2e.cpp:67->/home/frank/TurboVLA-codex-T015-b3761ce/hardware/hls/e2e/e2e.cpp:164) on port 'gmem0' (/home/frank/TurboVLA-codex-T015-b3761ce/hardware/hls/e2e/e2e.cpp:27->/home/frank/TurboVLA-codex-T015-b3761ce/hardware/hls/e2e/e2e.cpp:67->/home/frank/TurboVLA-codex-T015-b3761ce/hardware/hls/e2e/e2e.cpp:164) due to limited memory ports (II = 4). Please consider using a memory core with more ports or partitioning the array.
Resolution: For help on HLS 200-885 see docs.xilinx.com/access/sources/dita/topic?Doc_Version=2025.1%20English&url=ug1448-hls-guidance&resourceid=200-885.html
WARNING: [HLS 200-885] The II Violation in module 'p_anonymous_namespace_encode_visual_Pipeline_VITIS_LOOP_158_8_VITIS_LOOP_159_9' (loop 'VITIS_LOOP_158_8_VITIS_LOOP_159_9'): Unable to schedule bus request operation ('word_18_req', /home/frank/TurboVLA-codex-T015-b3761ce/hardware/hls/e2e/e2e.cpp:27->/home/frank/TurboVLA-codex-T015-b3761ce/hardware/hls/e2e/e2e.cpp:67->/home/frank/TurboVLA-codex-T015-b3761ce/hardware/hls/e2e/e2e.cpp:164) on port 'gmem0' (/home/frank/TurboVLA-codex-T015-b3761ce/hardware/hls/e2e/e2e.cpp:27->/home/frank/TurboVLA-codex-T015-b3761ce/hardware/hls/e2e/e2e.cpp:67->/home/frank/TurboVLA-codex-T015-b3761ce/hardware/hls/e2e/e2e.cpp:164) due to limited memory ports (II = 11). Please consider using a memory core with more ports or partitioning the array.
Resolution: For help on HLS 200-885 see docs.xilinx.com/access/sources/dita/topic?Doc_Version=2025.1%20English&url=ug1448-hls-guidance&resourceid=200-885.html
WARNING: [HLS 200-885] The II Violation in module 'p_anonymous_namespace_encode_visual_Pipeline_VITIS_LOOP_158_8_VITIS_LOOP_159_9' (loop 'VITIS_LOOP_158_8_VITIS_LOOP_159_9'): Unable to schedule bus request operation ('word_22_req', /home/frank/TurboVLA-codex-T015-b3761ce/hardware/hls/e2e/e2e.cpp:27->/home/frank/TurboVLA-codex-T015-b3761ce/hardware/hls/e2e/e2e.cpp:67->/home/frank/TurboVLA-codex-T015-b3761ce/hardware/hls/e2e/e2e.cpp:164) on port 'gmem0' (/home/frank/TurboVLA-codex-T015-b3761ce/hardware/hls/e2e/e2e.cpp:27->/home/frank/TurboVLA-codex-T015-b3761ce/hardware/hls/e2e/e2e.cpp:67->/home/frank/TurboVLA-codex-T015-b3761ce/hardware/hls/e2e/e2e.cpp:164) due to limited memory ports (II = 15). Please consider using a memory core with more ports or partitioning the array.
Resolution: For help on HLS 200-885 see docs.xilinx.com/access/sources/dita/topic?Doc_Version=2025.1%20English&url=ug1448-hls-guidance&resourceid=200-885.html
WARNING: [HLS 200-885] The II Violation in module 'p_anonymous_namespace_encode_visual_Pipeline_VITIS_LOOP_158_8_VITIS_LOOP_159_9' (loop 'VITIS_LOOP_158_8_VITIS_LOOP_159_9'): Unable to schedule bus request operation ('converted_18_req', /home/frank/TurboVLA-codex-T015-b3761ce/hardware/hls/e2e/e2e.cpp:41->/home/frank/TurboVLA-codex-T015-b3761ce/hardware/hls/e2e/e2e.cpp:53->/home/frank/TurboVLA-codex-T015-b3761ce/hardware/hls/e2e/e2e.cpp:168) on port 'gmem0' (/home/frank/TurboVLA-codex-T015-b3761ce/hardware/hls/e2e/e2e.cpp:41->/home/frank/TurboVLA-codex-T015-b3761ce/hardware/hls/e2e/e2e.cpp:53->/home/frank/TurboVLA-codex-T015-b3761ce/hardware/hls/e2e/e2e.cpp:168) due to limited memory ports (II = 16). Please consider using a memory core with more ports or partitioning the array.
Resolution: For help on HLS 200-885 see docs.xilinx.com/access/sources/dita/topic?Doc_Version=2025.1%20English&url=ug1448-hls-guidance&resourceid=200-885.html
INFO: [SCHED 204-61] Discarding stage scheduling solution.
INFO: [HLS 200-1470] Pipelining result : Target II = NA, Final II = 17, Depth = 78, loop 'VITIS_LOOP_158_8_VITIS_LOOP_159_9'
INFO: [SCHED 204-11] Finished scheduling.
INFO: [HLS 200-111] Finished Scheduling: CPU user time: 0.64 seconds. CPU system time: 0.02 seconds. Elapsed time: 0.66 seconds; current allocated memory: 533.379 MB.
INFO: [BIND 205-100] Starting micro-architecture generation ...
INFO: [BIND 205-101] Performing variable lifetime analysis.
INFO: [BIND 205-101] Exploring resource sharing.
INFO: [BIND 205-101] Binding ...
INFO: [BIND 205-100] Finished micro-architecture generation.
INFO: [HLS 200-111] Finished Binding: CPU user time: 0.14 seconds. CPU system time: 0 seconds. Elapsed time: 0.14 seconds; current allocated memory: 533.379 MB.
INFO: [HLS 200-10] ----------------------------------------------------------------
INFO: [HLS 200-42] -- Implementing module 'p_anonymous_namespace_encode_visual' 
INFO: [HLS 200-10] ----------------------------------------------------------------
INFO: [SCHED 204-11] Starting scheduling ...
INFO: [SCHED 204-11] Finished scheduling.
INFO: [HLS 200-111] Finished Scheduling: CPU user time: 0.27 seconds. CPU system time: 0.01 seconds. Elapsed time: 0.27 seconds; current allocated memory: 536.562 MB.
INFO: [BIND 205-100] Starting micro-architecture generation ...
INFO: [BIND 205-101] Performing variable lifetime analysis.
INFO: [BIND 205-101] Exploring resource sharing.
INFO: [BIND 205-101] Binding ...
INFO: [BIND 205-100] Finished micro-architecture generation.
INFO: [HLS 200-111] Finished Binding: CPU user time: 0.1 seconds. CPU system time: 0 seconds. Elapsed time: 0.1 seconds; current allocated memory: 536.562 MB.
INFO: [HLS 200-10] ----------------------------------------------------------------
INFO: [HLS 200-42] -- Implementing module 'run_Pipeline_VITIS_LOOP_322_1' 
INFO: [HLS 200-10] ----------------------------------------------------------------
INFO: [SCHED 204-11] Starting scheduling ...
INFO: [SCHED 204-61] Pipelining loop 'VITIS_LOOP_322_1'.
INFO: [HLS 200-1470] Pipelining result : Target II = NA, Final II = 1, Depth = 11, loop 'VITIS_LOOP_322_1'
INFO: [SCHED 204-11] Finished scheduling.
INFO: [HLS 200-111] Finished Scheduling: CPU user time: 0.12 seconds. CPU system time: 0 seconds. Elapsed time: 0.12 seconds; current allocated memory: 536.961 MB.
INFO: [BIND 205-100] Starting micro-architecture generation ...
INFO: [BIND 205-101] Performing variable lifetime analysis.
INFO: [BIND 205-101] Exploring resource sharing.
INFO: [BIND 205-101] Binding ...
INFO: [BIND 205-100] Finished micro-architecture generation.
INFO: [HLS 200-111] Finished Binding: CPU user time: 0.02 seconds. CPU system time: 0 seconds. Elapsed time: 0.02 seconds; current allocated memory: 536.961 MB.
INFO: [HLS 200-10] ----------------------------------------------------------------
INFO: [HLS 200-42] -- Implementing module 'p_anonymous_namespace_fuse_layer_Pipeline_1' 
INFO: [HLS 200-10] ----------------------------------------------------------------
INFO: [SCHED 204-11] Starting scheduling ...
INFO: [SCHED 204-61] Pipelining loop 'Loop 1'.
INFO: [HLS 200-1470] Pipelining result : Target II = NA, Final II = 1, Depth = 1, loop 'Loop 1'
INFO: [SCHED 204-11] Finished scheduling.
INFO: [HLS 200-111] Finished Scheduling: CPU user time: 0.02 seconds. CPU system time: 0 seconds. Elapsed time: 0.03 seconds; current allocated memory: 537.168 MB.
INFO: [BIND 205-100] Starting micro-architecture generation ...
INFO: [BIND 205-101] Performing variable lifetime analysis.
INFO: [BIND 205-101] Exploring resource sharing.
INFO: [BIND 205-101] Binding ...
INFO: [BIND 205-100] Finished micro-architecture generation.
INFO: [HLS 200-111] Finished Binding: CPU user time: 0.01 seconds. CPU system time: 0 seconds. Elapsed time: 0.01 seconds; current allocated memory: 537.168 MB.
INFO: [HLS 200-10] ----------------------------------------------------------------
INFO: [HLS 200-42] -- Implementing module 'p_anonymous_namespace_fuse_layer_Pipeline_2' 
INFO: [HLS 200-10] ----------------------------------------------------------------
INFO: [SCHED 204-11] Starting scheduling ...
INFO: [SCHED 204-61] Pipelining loop 'Loop 1'.
INFO: [HLS 200-1470] Pipelining result : Target II = NA, Final II = 1, Depth = 1, loop 'Loop 1'
INFO: [SCHED 204-11] Finished scheduling.
INFO: [HLS 200-111] Finished Scheduling: CPU user time: 0.02 seconds. CPU system time: 0 seconds. Elapsed time: 0.02 seconds; current allocated memory: 537.328 MB.
INFO: [BIND 205-100] Starting micro-architecture generation ...
INFO: [BIND 205-101] Performing variable lifetime analysis.
INFO: [BIND 205-101] Exploring resource sharing.
INFO: [BIND 205-101] Binding ...
INFO: [BIND 205-100] Finished micro-architecture generation.
INFO: [HLS 200-111] Finished Binding: CPU user time: 0.01 seconds. CPU system time: 0.01 seconds. Elapsed time: 0.01 seconds; current allocated memory: 537.328 MB.
INFO: [HLS 200-10] ----------------------------------------------------------------
INFO: [HLS 200-42] -- Implementing module 'p_anonymous_namespace_fuse_layer_Pipeline_VITIS_LOOP_195_1_VITIS_LOOP_196_2' 
INFO: [HLS 200-10] ----------------------------------------------------------------
INFO: [SCHED 204-11] Starting scheduling ...
INFO: [HLS 200-486] Changing DSP latency (root=add_ln200) to 3 in order to utilize available DSP registers.
INFO: [HLS 200-486] Changing DSP latency (root=add_ln197) to 3 in order to utilize available DSP registers.
INFO: [SCHED 204-61] Pipelining loop 'VITIS_LOOP_195_1_VITIS_LOOP_196_2'.
WARNING: [HLS 200-885] The II Violation in module 'p_anonymous_namespace_fuse_layer_Pipeline_VITIS_LOOP_195_1_VITIS_LOOP_196_2' (loop 'VITIS_LOOP_195_1_VITIS_LOOP_196_2'): Unable to schedule bus request operation ('word_5_req', /home/frank/TurboVLA-codex-T015-b3761ce/hardware/hls/e2e/e2e.cpp:27->/home/frank/TurboVLA-codex-T015-b3761ce/hardware/hls/e2e/e2e.cpp:67->/home/frank/TurboVLA-codex-T015-b3761ce/hardware/hls/e2e/e2e.cpp:202) on port 'gmem0' (/home/frank/TurboVLA-codex-T015-b3761ce/hardware/hls/e2e/e2e.cpp:27->/home/frank/TurboVLA-codex-T015-b3761ce/hardware/hls/e2e/e2e.cpp:67->/home/frank/TurboVLA-codex-T015-b3761ce/hardware/hls/e2e/e2e.cpp:202) due to limited memory ports (II = 1). Please consider using a memory core with more ports or partitioning the array.
Resolution: For help on HLS 200-885 see docs.xilinx.com/access/sources/dita/topic?Doc_Version=2025.1%20English&url=ug1448-hls-guidance&resourceid=200-885.html
INFO: [HLS 200-1470] Pipelining result : Target II = NA, Final II = 2, Depth = 15, loop 'VITIS_LOOP_195_1_VITIS_LOOP_196_2'
INFO: [SCHED 204-11] Finished scheduling.
INFO: [HLS 200-111] Finished Scheduling: CPU user time: 0.06 seconds. CPU system time: 0 seconds. Elapsed time: 0.07 seconds; current allocated memory: 538.348 MB.
INFO: [BIND 205-100] Starting micro-architecture generation ...
INFO: [BIND 205-101] Performing variable lifetime analysis.
INFO: [BIND 205-101] Exploring resource sharing.
INFO: [BIND 205-101] Binding ...
INFO: [BIND 205-100] Finished micro-architecture generation.
INFO: [HLS 200-111] Finished Binding: CPU user time: 0.02 seconds. CPU system time: 0 seconds. Elapsed time: 0.02 seconds; current allocated memory: 538.348 MB.
INFO: [HLS 200-10] ----------------------------------------------------------------
INFO: [HLS 200-42] -- Implementing module 'p_anonymous_namespace_fuse_layer_Pipeline_VITIS_LOOP_210_5' 
INFO: [HLS 200-10] ----------------------------------------------------------------
INFO: [SCHED 204-11] Starting scheduling ...
INFO: [HLS 200-486] Changing DSP latency (root=visual_gate_1) to 3 in order to utilize available DSP registers.
INFO: [HLS 200-486] Changing DSP latency (root=visual_candidate_1) to 3 in order to utilize available DSP registers.
INFO: [SCHED 204-61] Pipelining loop 'VITIS_LOOP_210_5'.
WARNING: [HLS 200-885] The II Violation in module 'p_anonymous_namespace_fuse_layer_Pipeline_VITIS_LOOP_210_5' (loop 'VITIS_LOOP_210_5'): Unable to schedule bus request operation ('word_7_req', /home/frank/TurboVLA-codex-T015-b3761ce/hardware/hls/e2e/e2e.cpp:27->/home/frank/TurboVLA-codex-T015-b3761ce/hardware/hls/e2e/e2e.cpp:67->/home/frank/TurboVLA-codex-T015-b3761ce/hardware/hls/e2e/e2e.cpp:219) on port 'gmem0' (/home/frank/TurboVLA-codex-T015-b3761ce/hardware/hls/e2e/e2e.cpp:27->/home/frank/TurboVLA-codex-T015-b3761ce/hardware/hls/e2e/e2e.cpp:67->/home/frank/TurboVLA-codex-T015-b3761ce/hardware/hls/e2e/e2e.cpp:219) due to limited memory ports (II = 1). Please consider using a memory core with more ports or partitioning the array.
Resolution: For help on HLS 200-885 see docs.xilinx.com/access/sources/dita/topic?Doc_Version=2025.1%20English&url=ug1448-hls-guidance&resourceid=200-885.html
INFO: [HLS 200-1470] Pipelining result : Target II = 1, Final II = 2, Depth = 15, loop 'VITIS_LOOP_210_5'
INFO: [SCHED 204-11] Finished scheduling.
INFO: [HLS 200-111] Finished Scheduling: CPU user time: 0.07 seconds. CPU system time: 0 seconds. Elapsed time: 0.07 seconds; current allocated memory: 538.836 MB.
INFO: [BIND 205-100] Starting micro-architecture generation ...
INFO: [BIND 205-101] Performing variable lifetime analysis.
INFO: [BIND 205-101] Exploring resource sharing.
INFO: [BIND 205-101] Binding ...
INFO: [BIND 205-100] Finished micro-architecture generation.
INFO: [HLS 200-111] Finished Binding: CPU user time: 0.02 seconds. CPU system time: 0.01 seconds. Elapsed time: 0.02 seconds; current allocated memory: 538.836 MB.
INFO: [HLS 200-10] ----------------------------------------------------------------
INFO: [HLS 200-42] -- Implementing module 'exp_generic_double_s' 
INFO: [HLS 200-10] ----------------------------------------------------------------
INFO: [SCHED 204-11] Starting scheduling ...
INFO: [HLS 200-486] Changing DSP latency (root=add_ln243) to 3 in order to utilize available DSP registers.
INFO: [SCHED 204-61] Pipelining function 'exp_generic<double>'.
INFO: [HLS 200-1470] Pipelining result : Target II = NA, Final II = 1, Depth = 19, function 'exp_generic<double>'
INFO: [SCHED 204-11] Finished scheduling.
INFO: [HLS 200-111] Finished Scheduling: CPU user time: 0.15 seconds. CPU system time: 0 seconds. Elapsed time: 0.16 seconds; current allocated memory: 540.562 MB.
INFO: [BIND 205-100] Starting micro-architecture generation ...
INFO: [BIND 205-101] Performing variable lifetime analysis.
INFO: [BIND 205-101] Exploring resource sharing.
INFO: [BIND 205-101] Binding ...
INFO: [BIND 205-100] Finished micro-architecture generation.
INFO: [HLS 200-111] Finished Binding: CPU user time: 0.03 seconds. CPU system time: 0 seconds. Elapsed time: 0.02 seconds; current allocated memory: 540.562 MB.
INFO: [HLS 200-10] ----------------------------------------------------------------
INFO: [HLS 200-42] -- Implementing module 'generic_tanh_float_s' 
INFO: [HLS 200-10] ----------------------------------------------------------------
INFO: [SCHED 204-11] Starting scheduling ...
INFO: [SCHED 204-61] Pipelining function 'generic_tanh<float>'.
INFO: [HLS 200-1470] Pipelining result : Target II = NA, Final II = 1, Depth = 75, function 'generic_tanh<float>'
INFO: [SCHED 204-11] Finished scheduling.
INFO: [HLS 200-111] Finished Scheduling: CPU user time: 0.07 seconds. CPU system time: 0 seconds. Elapsed time: 0.08 seconds; current allocated memory: 541.086 MB.
INFO: [BIND 205-100] Starting micro-architecture generation ...
INFO: [BIND 205-101] Performing variable lifetime analysis.
INFO: [BIND 205-101] Exploring resource sharing.
INFO: [BIND 205-101] Binding ...
INFO: [BIND 205-100] Finished micro-architecture generation.
INFO: [HLS 200-111] Finished Binding: CPU user time: 0.02 seconds. CPU system time: 0 seconds. Elapsed time: 0.02 seconds; current allocated memory: 541.086 MB.
INFO: [HLS 200-10] ----------------------------------------------------------------
INFO: [HLS 200-42] -- Implementing module 'p_anonymous_namespace_fuse_layer' 
INFO: [HLS 200-10] ----------------------------------------------------------------
INFO: [SCHED 204-11] Starting scheduling ...
INFO: [SCHED 204-11] Finished scheduling.
INFO: [HLS 200-111] Finished Scheduling: CPU user time: 0.14 seconds. CPU system time: 0.01 seconds. Elapsed time: 0.14 seconds; current allocated memory: 543.863 MB.
INFO: [BIND 205-100] Starting micro-architecture generation ...
INFO: [BIND 205-101] Performing variable lifetime analysis.
INFO: [BIND 205-101] Exploring resource sharing.
INFO: [BIND 205-101] Binding ...
INFO: [BIND 205-100] Finished micro-architecture generation.
INFO: [HLS 200-111] Finished Binding: CPU user time: 0.07 seconds. CPU system time: 0 seconds. Elapsed time: 0.06 seconds; current allocated memory: 543.863 MB.
INFO: [HLS 200-10] ----------------------------------------------------------------
INFO: [HLS 200-42] -- Implementing module 'p_anonymous_namespace_fuse_layer_1_Pipeline_1' 
INFO: [HLS 200-10] ----------------------------------------------------------------
INFO: [SCHED 204-11] Starting scheduling ...
INFO: [SCHED 204-61] Pipelining loop 'Loop 1'.
INFO: [HLS 200-1470] Pipelining result : Target II = NA, Final II = 1, Depth = 1, loop 'Loop 1'
INFO: [SCHED 204-11] Finished scheduling.
INFO: [HLS 200-111] Finished Scheduling: CPU user time: 0.06 seconds. CPU system time: 0 seconds. Elapsed time: 0.06 seconds; current allocated memory: 544.770 MB.
INFO: [BIND 205-100] Starting micro-architecture generation ...
INFO: [BIND 205-101] Performing variable lifetime analysis.
INFO: [BIND 205-101] Exploring resource sharing.
INFO: [BIND 205-101] Binding ...
INFO: [BIND 205-100] Finished micro-architecture generation.
INFO: [HLS 200-111] Finished Binding: CPU user time: 0 seconds. CPU system time: 0 seconds. Elapsed time: 0.02 seconds; current allocated memory: 544.770 MB.
INFO: [HLS 200-10] ----------------------------------------------------------------
INFO: [HLS 200-42] -- Implementing module 'p_anonymous_namespace_fuse_layer_1_Pipeline_2' 
INFO: [HLS 200-10] ----------------------------------------------------------------
INFO: [SCHED 204-11] Starting scheduling ...
INFO: [SCHED 204-61] Pipelining loop 'Loop 1'.
INFO: [HLS 200-1470] Pipelining result : Target II = NA, Final II = 1, Depth = 1, loop 'Loop 1'
INFO: [SCHED 204-11] Finished scheduling.
INFO: [HLS 200-111] Finished Scheduling: CPU user time: 0.02 seconds. CPU system time: 0 seconds. Elapsed time: 0.02 seconds; current allocated memory: 544.930 MB.
INFO: [BIND 205-100] Starting micro-architecture generation ...
INFO: [BIND 205-101] Performing variable lifetime analysis.
INFO: [BIND 205-101] Exploring resource sharing.
INFO: [BIND 205-101] Binding ...
INFO: [BIND 205-100] Finished micro-architecture generation.
INFO: [HLS 200-111] Finished Binding: CPU user time: 0.01 seconds. CPU system time: 0 seconds. Elapsed time: 0.01 seconds; current allocated memory: 544.930 MB.
INFO: [HLS 200-10] ----------------------------------------------------------------
INFO: [HLS 200-42] -- Implementing module 'p_anonymous_namespace_fuse_layer_1_Pipeline_VITIS_LOOP_195_1_VITIS_LOOP_196_2' 
INFO: [HLS 200-10] ----------------------------------------------------------------
INFO: [SCHED 204-11] Starting scheduling ...
INFO: [HLS 200-486] Changing DSP latency (root=add_ln200) to 3 in order to utilize available DSP registers.
INFO: [HLS 200-486] Changing DSP latency (root=add_ln197) to 3 in order to utilize available DSP registers.
INFO: [SCHED 204-61] Pipelining loop 'VITIS_LOOP_195_1_VITIS_LOOP_196_2'.
WARNING: [HLS 200-885] The II Violation in module 'p_anonymous_namespace_fuse_layer_1_Pipeline_VITIS_LOOP_195_1_VITIS_LOOP_196_2' (loop 'VITIS_LOOP_195_1_VITIS_LOOP_196_2'): Unable to schedule bus request operation ('word_2_req', /home/frank/TurboVLA-codex-T015-b3761ce/hardware/hls/e2e/e2e.cpp:27->/home/frank/TurboVLA-codex-T015-b3761ce/hardware/hls/e2e/e2e.cpp:67->/home/frank/TurboVLA-codex-T015-b3761ce/hardware/hls/e2e/e2e.cpp:202) on port 'gmem0' (/home/frank/TurboVLA-codex-T015-b3761ce/hardware/hls/e2e/e2e.cpp:27->/home/frank/TurboVLA-codex-T015-b3761ce/hardware/hls/e2e/e2e.cpp:67->/home/frank/TurboVLA-codex-T015-b3761ce/hardware/hls/e2e/e2e.cpp:202) due to limited memory ports (II = 1). Please consider using a memory core with more ports or partitioning the array.
Resolution: For help on HLS 200-885 see docs.xilinx.com/access/sources/dita/topic?Doc_Version=2025.1%20English&url=ug1448-hls-guidance&resourceid=200-885.html
INFO: [HLS 200-1470] Pipelining result : Target II = NA, Final II = 2, Depth = 15, loop 'VITIS_LOOP_195_1_VITIS_LOOP_196_2'
INFO: [SCHED 204-11] Finished scheduling.
INFO: [HLS 200-111] Finished Scheduling: CPU user time: 0.06 seconds. CPU system time: 0 seconds. Elapsed time: 0.06 seconds; current allocated memory: 545.914 MB.
INFO: [BIND 205-100] Starting micro-architecture generation ...
INFO: [BIND 205-101] Performing variable lifetime analysis.
INFO: [BIND 205-101] Exploring resource sharing.
INFO: [BIND 205-101] Binding ...
INFO: [BIND 205-100] Finished micro-architecture generation.
INFO: [HLS 200-111] Finished Binding: CPU user time: 0.02 seconds. CPU system time: 0.01 seconds. Elapsed time: 0.03 seconds; current allocated memory: 545.914 MB.
INFO: [HLS 200-10] ----------------------------------------------------------------
INFO: [HLS 200-42] -- Implementing module 'p_anonymous_namespace_fuse_layer_1_Pipeline_VITIS_LOOP_210_5' 
INFO: [HLS 200-10] ----------------------------------------------------------------
INFO: [SCHED 204-11] Starting scheduling ...
INFO: [HLS 200-486] Changing DSP latency (root=visual_gate_2) to 3 in order to utilize available DSP registers.
INFO: [HLS 200-486] Changing DSP latency (root=visual_candidate_2) to 3 in order to utilize available DSP registers.
INFO: [SCHED 204-61] Pipelining loop 'VITIS_LOOP_210_5'.
WARNING: [HLS 200-885] The II Violation in module 'p_anonymous_namespace_fuse_layer_1_Pipeline_VITIS_LOOP_210_5' (loop 'VITIS_LOOP_210_5'): Unable to schedule bus request operation ('word_4_req', /home/frank/TurboVLA-codex-T015-b3761ce/hardware/hls/e2e/e2e.cpp:27->/home/frank/TurboVLA-codex-T015-b3761ce/hardware/hls/e2e/e2e.cpp:67->/home/frank/TurboVLA-codex-T015-b3761ce/hardware/hls/e2e/e2e.cpp:219) on port 'gmem0' (/home/frank/TurboVLA-codex-T015-b3761ce/hardware/hls/e2e/e2e.cpp:27->/home/frank/TurboVLA-codex-T015-b3761ce/hardware/hls/e2e/e2e.cpp:67->/home/frank/TurboVLA-codex-T015-b3761ce/hardware/hls/e2e/e2e.cpp:219) due to limited memory ports (II = 1). Please consider using a memory core with more ports or partitioning the array.
Resolution: For help on HLS 200-885 see docs.xilinx.com/access/sources/dita/topic?Doc_Version=2025.1%20English&url=ug1448-hls-guidance&resourceid=200-885.html
INFO: [HLS 200-1470] Pipelining result : Target II = 1, Final II = 2, Depth = 15, loop 'VITIS_LOOP_210_5'
INFO: [SCHED 204-11] Finished scheduling.
INFO: [HLS 200-111] Finished Scheduling: CPU user time: 0.06 seconds. CPU system time: 0 seconds. Elapsed time: 0.06 seconds; current allocated memory: 546.414 MB.
INFO: [BIND 205-100] Starting micro-architecture generation ...
INFO: [BIND 205-101] Performing variable lifetime analysis.
INFO: [BIND 205-101] Exploring resource sharing.
INFO: [BIND 205-101] Binding ...
INFO: [BIND 205-100] Finished micro-architecture generation.
INFO: [HLS 200-111] Finished Binding: CPU user time: 0.02 seconds. CPU system time: 0 seconds. Elapsed time: 0.03 seconds; current allocated memory: 546.414 MB.
INFO: [HLS 200-10] ----------------------------------------------------------------
INFO: [HLS 200-42] -- Implementing module 'p_anonymous_namespace_fuse_layer_1' 
INFO: [HLS 200-10] ----------------------------------------------------------------
INFO: [SCHED 204-11] Starting scheduling ...
INFO: [HLS 200-1457] Automatically inferring inferring RAM_1WNR storage type for array 'output_1'. Use bind_storage pragma to override this type.
INFO: [HLS 200-1457] Automatically inferring inferring RAM_1WNR storage type for array 'output_0'. Use bind_storage pragma to override this type.
INFO: [SCHED 204-11] Finished scheduling.
INFO: [HLS 200-111] Finished Scheduling: CPU user time: 0.13 seconds. CPU system time: 0 seconds. Elapsed time: 0.13 seconds; current allocated memory: 548.805 MB.
INFO: [BIND 205-100] Starting micro-architecture generation ...
INFO: [BIND 205-101] Performing variable lifetime analysis.
INFO: [BIND 205-101] Exploring resource sharing.
INFO: [BIND 205-101] Binding ...
INFO: [BIND 205-100] Finished micro-architecture generation.
INFO: [HLS 200-111] Finished Binding: CPU user time: 0.07 seconds. CPU system time: 0 seconds. Elapsed time: 0.07 seconds; current allocated memory: 548.805 MB.
INFO: [HLS 200-10] ----------------------------------------------------------------
INFO: [HLS 200-42] -- Implementing module 'p_anonymous_namespace_decode_action_Pipeline_VITIS_LOOP_248_1' 
INFO: [HLS 200-10] ----------------------------------------------------------------
INFO: [SCHED 204-11] Starting scheduling ...
INFO: [SCHED 204-61] Pipelining loop 'VITIS_LOOP_248_1'.
INFO: [HLS 200-1470] Pipelining result : Target II = NA, Final II = 1, Depth = 45, loop 'VITIS_LOOP_248_1'
INFO: [SCHED 204-11] Finished scheduling.
INFO: [HLS 200-111] Finished Scheduling: CPU user time: 0.08 seconds. CPU system time: 0 seconds. Elapsed time: 0.08 seconds; current allocated memory: 549.836 MB.
INFO: [BIND 205-100] Starting micro-architecture generation ...
INFO: [BIND 205-101] Performing variable lifetime analysis.
INFO: [BIND 205-101] Exploring resource sharing.
INFO: [BIND 205-101] Binding ...
INFO: [BIND 205-100] Finished micro-architecture generation.
INFO: [HLS 200-111] Finished Binding: CPU user time: 0.02 seconds. CPU system time: 0 seconds. Elapsed time: 0.02 seconds; current allocated memory: 549.836 MB.
INFO: [HLS 200-10] ----------------------------------------------------------------
INFO: [HLS 200-42] -- Implementing module 'p_anonymous_namespace_decode_action_Pipeline_VITIS_LOOP_254_2' 
INFO: [HLS 200-10] ----------------------------------------------------------------
INFO: [SCHED 204-11] Starting scheduling ...
INFO: [HLS 200-486] Changing DSP latency (root=add_ln261_4) to 3 in order to utilize available DSP registers.
INFO: [HLS 200-486] Changing DSP latency (root=add_ln261_3) to 3 in order to utilize available DSP registers.
INFO: [HLS 200-486] Changing DSP latency (root=add_ln261_1) to 3 in order to utilize available DSP registers.
INFO: [HLS 200-486] Changing DSP latency (root=add_ln261) to 3 in order to utilize available DSP registers.
INFO: [HLS 200-1457] Automatically inferring inferring RAM_1WNR storage type for array 'fused_1'. Use bind_storage pragma to override this type.
INFO: [HLS 200-1457] Automatically inferring inferring RAM_1WNR storage type for array 'fused_0'. Use bind_storage pragma to override this type.
INFO: [SCHED 204-61] Pipelining loop 'VITIS_LOOP_254_2'.
WARNING: [HLS 200-885] The II Violation in module 'p_anonymous_namespace_decode_action_Pipeline_VITIS_LOOP_254_2' (loop 'VITIS_LOOP_254_2'): Unable to schedule bus request operation ('word_39_req', /home/frank/TurboVLA-codex-T015-b3761ce/hardware/hls/e2e/e2e.cpp:27->/home/frank/TurboVLA-codex-T015-b3761ce/hardware/hls/e2e/e2e.cpp:67->/home/frank/TurboVLA-codex-T015-b3761ce/hardware/hls/e2e/e2e.cpp:263) on port 'gmem0' (/home/frank/TurboVLA-codex-T015-b3761ce/hardware/hls/e2e/e2e.cpp:27->/home/frank/TurboVLA-codex-T015-b3761ce/hardware/hls/e2e/e2e.cpp:67->/home/frank/TurboVLA-codex-T015-b3761ce/hardware/hls/e2e/e2e.cpp:263) due to limited memory ports (II = 1). Please consider using a memory core with more ports or partitioning the array.
Resolution: For help on HLS 200-885 see docs.xilinx.com/access/sources/dita/topic?Doc_Version=2025.1%20English&url=ug1448-hls-guidance&resourceid=200-885.html
WARNING: [HLS 200-885] The II Violation in module 'p_anonymous_namespace_decode_action_Pipeline_VITIS_LOOP_254_2' (loop 'VITIS_LOOP_254_2'): Unable to schedule bus request operation ('word_40_req', /home/frank/TurboVLA-codex-T015-b3761ce/hardware/hls/e2e/e2e.cpp:27->/home/frank/TurboVLA-codex-T015-b3761ce/hardware/hls/e2e/e2e.cpp:67->/home/frank/TurboVLA-codex-T015-b3761ce/hardware/hls/e2e/e2e.cpp:263) on port 'gmem0' (/home/frank/TurboVLA-codex-T015-b3761ce/hardware/hls/e2e/e2e.cpp:27->/home/frank/TurboVLA-codex-T015-b3761ce/hardware/hls/e2e/e2e.cpp:67->/home/frank/TurboVLA-codex-T015-b3761ce/hardware/hls/e2e/e2e.cpp:263) due to limited memory ports (II = 2). Please consider using a memory core with more ports or partitioning the array.
Resolution: For help on HLS 200-885 see docs.xilinx.com/access/sources/dita/topic?Doc_Version=2025.1%20English&url=ug1448-hls-guidance&resourceid=200-885.html
WARNING: [HLS 200-885] The II Violation in module 'p_anonymous_namespace_decode_action_Pipeline_VITIS_LOOP_254_2' (loop 'VITIS_LOOP_254_2'): Unable to schedule bus request operation ('word_41_req', /home/frank/TurboVLA-codex-T015-b3761ce/hardware/hls/e2e/e2e.cpp:27->/home/frank/TurboVLA-codex-T015-b3761ce/hardware/hls/e2e/e2e.cpp:67->/home/frank/TurboVLA-codex-T015-b3761ce/hardware/hls/e2e/e2e.cpp:263) on port 'gmem0' (/home/frank/TurboVLA-codex-T015-b3761ce/hardware/hls/e2e/e2e.cpp:27->/home/frank/TurboVLA-codex-T015-b3761ce/hardware/hls/e2e/e2e.cpp:67->/home/frank/TurboVLA-codex-T015-b3761ce/hardware/hls/e2e/e2e.cpp:263) due to limited memory ports (II = 3). Please consider using a memory core with more ports or partitioning the array.
Resolution: For help on HLS 200-885 see docs.xilinx.com/access/sources/dita/topic?Doc_Version=2025.1%20English&url=ug1448-hls-guidance&resourceid=200-885.html
WARNING: [HLS 200-885] The II Violation in module 'p_anonymous_namespace_decode_action_Pipeline_VITIS_LOOP_254_2' (loop 'VITIS_LOOP_254_2'): Unable to schedule bus request operation ('word_42_req', /home/frank/TurboVLA-codex-T015-b3761ce/hardware/hls/e2e/e2e.cpp:27->/home/frank/TurboVLA-codex-T015-b3761ce/hardware/hls/e2e/e2e.cpp:67->/home/frank/TurboVLA-codex-T015-b3761ce/hardware/hls/e2e/e2e.cpp:263) on port 'gmem0' (/home/frank/TurboVLA-codex-T015-b3761ce/hardware/hls/e2e/e2e.cpp:27->/home/frank/TurboVLA-codex-T015-b3761ce/hardware/hls/e2e/e2e.cpp:67->/home/frank/TurboVLA-codex-T015-b3761ce/hardware/hls/e2e/e2e.cpp:263) due to limited memory ports (II = 4). Please consider using a memory core with more ports or partitioning the array.
Resolution: For help on HLS 200-885 see docs.xilinx.com/access/sources/dita/topic?Doc_Version=2025.1%20English&url=ug1448-hls-guidance&resourceid=200-885.html
WARNING: [HLS 200-885] The II Violation in module 'p_anonymous_namespace_decode_action_Pipeline_VITIS_LOOP_254_2' (loop 'VITIS_LOOP_254_2'): Unable to schedule bus request operation ('word_45_req', /home/frank/TurboVLA-codex-T015-b3761ce/hardware/hls/e2e/e2e.cpp:27->/home/frank/TurboVLA-codex-T015-b3761ce/hardware/hls/e2e/e2e.cpp:67->/home/frank/TurboVLA-codex-T015-b3761ce/hardware/hls/e2e/e2e.cpp:263) on port 'gmem0' (/home/frank/TurboVLA-codex-T015-b3761ce/hardware/hls/e2e/e2e.cpp:27->/home/frank/TurboVLA-codex-T015-b3761ce/hardware/hls/e2e/e2e.cpp:67->/home/frank/TurboVLA-codex-T015-b3761ce/hardware/hls/e2e/e2e.cpp:263) due to limited memory ports (II = 7). Please consider using a memory core with more ports or partitioning the array.
Resolution: For help on HLS 200-885 see docs.xilinx.com/access/sources/dita/topic?Doc_Version=2025.1%20English&url=ug1448-hls-guidance&resourceid=200-885.html
WARNING: [HLS 200-885] The II Violation in module 'p_anonymous_namespace_decode_action_Pipeline_VITIS_LOOP_254_2' (loop 'VITIS_LOOP_254_2'): Unable to schedule bus request operation ('converted_41_req', /home/frank/TurboVLA-codex-T015-b3761ce/hardware/hls/e2e/e2e.cpp:41->/home/frank/TurboVLA-codex-T015-b3761ce/hardware/hls/e2e/e2e.cpp:53->/home/frank/TurboVLA-codex-T015-b3761ce/hardware/hls/e2e/e2e.cpp:268) on port 'gmem0' (/home/frank/TurboVLA-codex-T015-b3761ce/hardware/hls/e2e/e2e.cpp:41->/home/frank/TurboVLA-codex-T015-b3761ce/hardware/hls/e2e/e2e.cpp:53->/home/frank/TurboVLA-codex-T015-b3761ce/hardware/hls/e2e/e2e.cpp:268) due to limited memory ports (II = 8). Please consider using a memory core with more ports or partitioning the array.
Resolution: For help on HLS 200-885 see docs.xilinx.com/access/sources/dita/topic?Doc_Version=2025.1%20English&url=ug1448-hls-guidance&resourceid=200-885.html
INFO: [SCHED 204-61] Discarding stage scheduling solution.
INFO: [HLS 200-1470] Pipelining result : Target II = NA, Final II = 9, Depth = 78, loop 'VITIS_LOOP_254_2'
INFO: [SCHED 204-11] Finished scheduling.
INFO: [HLS 200-111] Finished Scheduling: CPU user time: 0.36 seconds. CPU system time: 0.01 seconds. Elapsed time: 0.37 seconds; current allocated memory: 553.227 MB.
INFO: [BIND 205-100] Starting micro-architecture generation ...
INFO: [BIND 205-101] Performing variable lifetime analysis.
INFO: [BIND 205-101] Exploring resource sharing.
INFO: [BIND 205-101] Binding ...
INFO: [BIND 205-100] Finished micro-architecture generation.
INFO: [HLS 200-111] Finished Binding: CPU user time: 0.1 seconds. CPU system time: 0 seconds. Elapsed time: 0.1 seconds; current allocated memory: 553.227 MB.
INFO: [HLS 200-10] ----------------------------------------------------------------
INFO: [HLS 200-42] -- Implementing module 'p_anonymous_namespace_decode_action_Pipeline_VITIS_LOOP_277_6' 
INFO: [HLS 200-10] ----------------------------------------------------------------
INFO: [SCHED 204-11] Starting scheduling ...
INFO: [HLS 200-486] Changing DSP latency (root=accumulator) to 3 in order to utilize available DSP registers.
INFO: [SCHED 204-61] Pipelining loop 'VITIS_LOOP_277_6'.
INFO: [HLS 200-1470] Pipelining result : Target II = NA, Final II = 1, Depth = 14, loop 'VITIS_LOOP_277_6'
INFO: [SCHED 204-11] Finished scheduling.
INFO: [HLS 200-111] Finished Scheduling: CPU user time: 0.09 seconds. CPU system time: 0.01 seconds. Elapsed time: 0.09 seconds; current allocated memory: 553.711 MB.
INFO: [BIND 205-100] Starting micro-architecture generation ...
INFO: [BIND 205-101] Performing variable lifetime analysis.
INFO: [BIND 205-101] Exploring resource sharing.
INFO: [BIND 205-101] Binding ...
INFO: [BIND 205-100] Finished micro-architecture generation.
INFO: [HLS 200-111] Finished Binding: CPU user time: 0.02 seconds. CPU system time: 0 seconds. Elapsed time: 0.02 seconds; current allocated memory: 553.711 MB.
INFO: [HLS 200-10] ----------------------------------------------------------------
INFO: [HLS 200-42] -- Implementing module 'p_anonymous_namespace_decode_action_Pipeline_VITIS_LOOP_291_7' 
INFO: [HLS 200-10] ----------------------------------------------------------------
INFO: [SCHED 204-11] Starting scheduling ...
INFO: [HLS 200-486] Changing DSP latency (root=add_ln294_57) to 3 in order to utilize available DSP registers.
INFO: [HLS 200-486] Changing DSP latency (root=add_ln294_56) to 3 in order to utilize available DSP registers.
INFO: [HLS 200-486] Changing DSP latency (root=add_ln294_54) to 3 in order to utilize available DSP registers.
INFO: [HLS 200-486] Changing DSP latency (root=add_ln294_53) to 3 in order to utilize available DSP registers.
INFO: [HLS 200-486] Changing DSP latency (root=add_ln294_50) to 3 in order to utilize available DSP registers.
INFO: [HLS 200-486] Changing DSP latency (root=add_ln294_49) to 3 in order to utilize available DSP registers.
INFO: [HLS 200-486] Changing DSP latency (root=add_ln294_47) to 3 in order to utilize available DSP registers.
INFO: [HLS 200-486] Changing DSP latency (root=add_ln294_46) to 3 in order to utilize available DSP registers.
INFO: [HLS 200-486] Changing DSP latency (root=add_ln294_42) to 3 in order to utilize available DSP registers.
INFO: [HLS 200-486] Changing DSP latency (root=add_ln294_41) to 3 in order to utilize available DSP registers.
INFO: [HLS 200-486] Changing DSP latency (root=add_ln294_39) to 3 in order to utilize available DSP registers.
INFO: [HLS 200-486] Changing DSP latency (root=add_ln294_38) to 3 in order to utilize available DSP registers.
INFO: [HLS 200-486] Changing DSP latency (root=add_ln294_35) to 3 in order to utilize available DSP registers.
INFO: [HLS 200-486] Changing DSP latency (root=add_ln294_34) to 3 in order to utilize available DSP registers.
INFO: [HLS 200-486] Changing DSP latency (root=add_ln294_32) to 3 in order to utilize available DSP registers.
INFO: [HLS 200-486] Changing DSP latency (root=add_ln294_31) to 3 in order to utilize available DSP registers.
INFO: [HLS 200-486] Changing DSP latency (root=add_ln294_26) to 3 in order to utilize available DSP registers.
INFO: [HLS 200-486] Changing DSP latency (root=add_ln294_25) to 3 in order to utilize available DSP registers.
INFO: [HLS 200-486] Changing DSP latency (root=add_ln294_23) to 3 in order to utilize available DSP registers.
INFO: [HLS 200-486] Changing DSP latency (root=add_ln294_22) to 3 in order to utilize available DSP registers.
INFO: [HLS 200-486] Changing DSP latency (root=add_ln294_19) to 3 in order to utilize available DSP registers.
INFO: [HLS 200-486] Changing DSP latency (root=add_ln294_18) to 3 in order to utilize available DSP registers.
INFO: [HLS 200-486] Changing DSP latency (root=add_ln294_16) to 3 in order to utilize available DSP registers.
INFO: [HLS 200-486] Changing DSP latency (root=add_ln294_15) to 3 in order to utilize available DSP registers.
INFO: [HLS 200-486] Changing DSP latency (root=add_ln294_11) to 3 in order to utilize available DSP registers.
INFO: [HLS 200-486] Changing DSP latency (root=add_ln294_10) to 3 in order to utilize available DSP registers.
INFO: [HLS 200-486] Changing DSP latency (root=add_ln294_8) to 3 in order to utilize available DSP registers.
INFO: [HLS 200-486] Changing DSP latency (root=add_ln294_7) to 3 in order to utilize available DSP registers.
INFO: [HLS 200-486] Changing DSP latency (root=add_ln294_4) to 3 in order to utilize available DSP registers.
INFO: [HLS 200-486] Changing DSP latency (root=add_ln294_3) to 3 in order to utilize available DSP registers.
INFO: [HLS 200-486] Changing DSP latency (root=add_ln294_1) to 3 in order to utilize available DSP registers.
INFO: [HLS 200-486] Changing DSP latency (root=add_ln294) to 3 in order to utilize available DSP registers.
INFO: [SCHED 204-61] Pipelining loop 'VITIS_LOOP_291_7'.
WARNING: [HLS 200-885] The II Violation in module 'p_anonymous_namespace_decode_action_Pipeline_VITIS_LOOP_291_7' (loop 'VITIS_LOOP_291_7'): Unable to schedule bus request operation ('word_47_req', /home/frank/TurboVLA-codex-T015-b3761ce/hardware/hls/e2e/e2e.cpp:27->/home/frank/TurboVLA-codex-T015-b3761ce/hardware/hls/e2e/e2e.cpp:67->/home/frank/TurboVLA-codex-T015-b3761ce/hardware/hls/e2e/e2e.cpp:296) on port 'gmem0' (/home/frank/TurboVLA-codex-T015-b3761ce/hardware/hls/e2e/e2e.cpp:27->/home/frank/TurboVLA-codex-T015-b3761ce/hardware/hls/e2e/e2e.cpp:67->/home/frank/TurboVLA-codex-T015-b3761ce/hardware/hls/e2e/e2e.cpp:296) due to limited memory ports (II = 1). Please consider using a memory core with more ports or partitioning the array.
Resolution: For help on HLS 200-885 see docs.xilinx.com/access/sources/dita/topic?Doc_Version=2025.1%20English&url=ug1448-hls-guidance&resourceid=200-885.html
WARNING: [HLS 200-885] The II Violation in module 'p_anonymous_namespace_decode_action_Pipeline_VITIS_LOOP_291_7' (loop 'VITIS_LOOP_291_7'): Unable to schedule bus request operation ('word_48_req', /home/frank/TurboVLA-codex-T015-b3761ce/hardware/hls/e2e/e2e.cpp:27->/home/frank/TurboVLA-codex-T015-b3761ce/hardware/hls/e2e/e2e.cpp:67->/home/frank/TurboVLA-codex-T015-b3761ce/hardware/hls/e2e/e2e.cpp:296) on port 'gmem0' (/home/frank/TurboVLA-codex-T015-b3761ce/hardware/hls/e2e/e2e.cpp:27->/home/frank/TurboVLA-codex-T015-b3761ce/hardware/hls/e2e/e2e.cpp:67->/home/frank/TurboVLA-codex-T015-b3761ce/hardware/hls/e2e/e2e.cpp:296) due to limited memory ports (II = 2). Please consider using a memory core with more ports or partitioning the array.
Resolution: For help on HLS 200-885 see docs.xilinx.com/access/sources/dita/topic?Doc_Version=2025.1%20English&url=ug1448-hls-guidance&resourceid=200-885.html
WARNING: [HLS 200-885] The II Violation in module 'p_anonymous_namespace_decode_action_Pipeline_VITIS_LOOP_291_7' (loop 'VITIS_LOOP_291_7'): Unable to schedule bus request operation ('word_49_req', /home/frank/TurboVLA-codex-T015-b3761ce/hardware/hls/e2e/e2e.cpp:27->/home/frank/TurboVLA-codex-T015-b3761ce/hardware/hls/e2e/e2e.cpp:67->/home/frank/TurboVLA-codex-T015-b3761ce/hardware/hls/e2e/e2e.cpp:296) on port 'gmem0' (/home/frank/TurboVLA-codex-T015-b3761ce/hardware/hls/e2e/e2e.cpp:27->/home/frank/TurboVLA-codex-T015-b3761ce/hardware/hls/e2e/e2e.cpp:67->/home/frank/TurboVLA-codex-T015-b3761ce/hardware/hls/e2e/e2e.cpp:296) due to limited memory ports (II = 3). Please consider using a memory core with more ports or partitioning the array.
Resolution: For help on HLS 200-885 see docs.xilinx.com/access/sources/dita/topic?Doc_Version=2025.1%20English&url=ug1448-hls-guidance&resourceid=200-885.html
WARNING: [HLS 200-885] The II Violation in module 'p_anonymous_namespace_decode_action_Pipeline_VITIS_LOOP_291_7' (loop 'VITIS_LOOP_291_7'): Unable to schedule bus request operation ('word_50_req', /home/frank/TurboVLA-codex-T015-b3761ce/hardware/hls/e2e/e2e.cpp:27->/home/frank/TurboVLA-codex-T015-b3761ce/hardware/hls/e2e/e2e.cpp:67->/home/frank/TurboVLA-codex-T015-b3761ce/hardware/hls/e2e/e2e.cpp:296) on port 'gmem0' (/home/frank/TurboVLA-codex-T015-b3761ce/hardware/hls/e2e/e2e.cpp:27->/home/frank/TurboVLA-codex-T015-b3761ce/hardware/hls/e2e/e2e.cpp:67->/home/frank/TurboVLA-codex-T015-b3761ce/hardware/hls/e2e/e2e.cpp:296) due to limited memory ports (II = 4). Please consider using a memory core with more ports or partitioning the array.
Resolution: For help on HLS 200-885 see docs.xilinx.com/access/sources/dita/topic?Doc_Version=2025.1%20English&url=ug1448-hls-guidance&resourceid=200-885.html
WARNING: [HLS 200-885] The II Violation in module 'p_anonymous_namespace_decode_action_Pipeline_VITIS_LOOP_291_7' (loop 'VITIS_LOOP_291_7'): Unable to schedule bus request operation ('word_81_req', /home/frank/TurboVLA-codex-T015-b3761ce/hardware/hls/e2e/e2e.cpp:27->/home/frank/TurboVLA-codex-T015-b3761ce/hardware/hls/e2e/e2e.cpp:67->/home/frank/TurboVLA-codex-T015-b3761ce/hardware/hls/e2e/e2e.cpp:296) on port 'gmem0' (/home/frank/TurboVLA-codex-T015-b3761ce/hardware/hls/e2e/e2e.cpp:27->/home/frank/TurboVLA-codex-T015-b3761ce/hardware/hls/e2e/e2e.cpp:67->/home/frank/TurboVLA-codex-T015-b3761ce/hardware/hls/e2e/e2e.cpp:296) due to limited memory ports (II = 35). Please consider using a memory core with more ports or partitioning the array.
Resolution: For help on HLS 200-885 see docs.xilinx.com/access/sources/dita/topic?Doc_Version=2025.1%20English&url=ug1448-hls-guidance&resourceid=200-885.html
WARNING: [HLS 200-885] The II Violation in module 'p_anonymous_namespace_decode_action_Pipeline_VITIS_LOOP_291_7' (loop 'VITIS_LOOP_291_7'): Unable to schedule bus request operation ('word_97_req', /home/frank/TurboVLA-codex-T015-b3761ce/hardware/hls/e2e/e2e.cpp:27->/home/frank/TurboVLA-codex-T015-b3761ce/hardware/hls/e2e/e2e.cpp:67->/home/frank/TurboVLA-codex-T015-b3761ce/hardware/hls/e2e/e2e.cpp:296) on port 'gmem0' (/home/frank/TurboVLA-codex-T015-b3761ce/hardware/hls/e2e/e2e.cpp:27->/home/frank/TurboVLA-codex-T015-b3761ce/hardware/hls/e2e/e2e.cpp:67->/home/frank/TurboVLA-codex-T015-b3761ce/hardware/hls/e2e/e2e.cpp:296) due to limited memory ports (II = 51). Please consider using a memory core with more ports or partitioning the array.
Resolution: For help on HLS 200-885 see docs.xilinx.com/access/sources/dita/topic?Doc_Version=2025.1%20English&url=ug1448-hls-guidance&resourceid=200-885.html
WARNING: [HLS 200-885] The II Violation in module 'p_anonymous_namespace_decode_action_Pipeline_VITIS_LOOP_291_7' (loop 'VITIS_LOOP_291_7'): Unable to schedule bus request operation ('word_105_req', /home/frank/TurboVLA-codex-T015-b3761ce/hardware/hls/e2e/e2e.cpp:27->/home/frank/TurboVLA-codex-T015-b3761ce/hardware/hls/e2e/e2e.cpp:67->/home/frank/TurboVLA-codex-T015-b3761ce/hardware/hls/e2e/e2e.cpp:296) on port 'gmem0' (/home/frank/TurboVLA-codex-T015-b3761ce/hardware/hls/e2e/e2e.cpp:27->/home/frank/TurboVLA-codex-T015-b3761ce/hardware/hls/e2e/e2e.cpp:67->/home/frank/TurboVLA-codex-T015-b3761ce/hardware/hls/e2e/e2e.cpp:296) due to limited memory ports (II = 59). Please consider using a memory core with more ports or partitioning the array.
Resolution: For help on HLS 200-885 see docs.xilinx.com/access/sources/dita/topic?Doc_Version=2025.1%20English&url=ug1448-hls-guidance&resourceid=200-885.html
WARNING: [HLS 200-885] The II Violation in module 'p_anonymous_namespace_decode_action_Pipeline_VITIS_LOOP_291_7' (loop 'VITIS_LOOP_291_7'): Unable to schedule bus request operation ('word_109_req', /home/frank/TurboVLA-codex-T015-b3761ce/hardware/hls/e2e/e2e.cpp:27->/home/frank/TurboVLA-codex-T015-b3761ce/hardware/hls/e2e/e2e.cpp:67->/home/frank/TurboVLA-codex-T015-b3761ce/hardware/hls/e2e/e2e.cpp:296) on port 'gmem0' (/home/frank/TurboVLA-codex-T015-b3761ce/hardware/hls/e2e/e2e.cpp:27->/home/frank/TurboVLA-codex-T015-b3761ce/hardware/hls/e2e/e2e.cpp:67->/home/frank/TurboVLA-codex-T015-b3761ce/hardware/hls/e2e/e2e.cpp:296) due to limited memory ports (II = 63). Please consider using a memory core with more ports or partitioning the array.
Resolution: For help on HLS 200-885 see docs.xilinx.com/access/sources/dita/topic?Doc_Version=2025.1%20English&url=ug1448-hls-guidance&resourceid=200-885.html
WARNING: [HLS 200-885] The II Violation in module 'p_anonymous_namespace_decode_action_Pipeline_VITIS_LOOP_291_7' (loop 'VITIS_LOOP_291_7'): Unable to schedule bus request operation ('converted_42_req', /home/frank/TurboVLA-codex-T015-b3761ce/hardware/hls/e2e/e2e.cpp:41->/home/frank/TurboVLA-codex-T015-b3761ce/hardware/hls/e2e/e2e.cpp:53->/home/frank/TurboVLA-codex-T015-b3761ce/hardware/hls/e2e/e2e.cpp:300) on port 'gmem0' (/home/frank/TurboVLA-codex-T015-b3761ce/hardware/hls/e2e/e2e.cpp:41->/home/frank/TurboVLA-codex-T015-b3761ce/hardware/hls/e2e/e2e.cpp:53->/home/frank/TurboVLA-codex-T015-b3761ce/hardware/hls/e2e/e2e.cpp:300) due to limited memory ports (II = 64). Please consider using a memory core with more ports or partitioning the array.
Resolution: For help on HLS 200-885 see docs.xilinx.com/access/sources/dita/topic?Doc_Version=2025.1%20English&url=ug1448-hls-guidance&resourceid=200-885.html
INFO: [HLS 200-1470] Pipelining result : Target II = NA, Final II = 65, Depth = 178, loop 'VITIS_LOOP_291_7'
INFO: [SCHED 204-11] Finished scheduling.
INFO: [HLS 200-111] Finished Scheduling: CPU user time: 1.86 seconds. CPU system time: 0.01 seconds. Elapsed time: 1.88 seconds; current allocated memory: 564.340 MB.
INFO: [BIND 205-100] Starting micro-architecture generation ...
INFO: [BIND 205-101] Performing variable lifetime analysis.
INFO: [BIND 205-101] Exploring resource sharing.
INFO: [BIND 205-101] Binding ...
INFO: [BIND 205-100] Finished micro-architecture generation.
INFO: [HLS 200-111] Finished Binding: CPU user time: 0.61 seconds. CPU system time: 0.01 seconds. Elapsed time: 0.63 seconds; current allocated memory: 564.340 MB.
INFO: [HLS 200-10] ----------------------------------------------------------------
INFO: [HLS 200-42] -- Implementing module 'p_anonymous_namespace_decode_action' 
INFO: [HLS 200-10] ----------------------------------------------------------------
INFO: [SCHED 204-11] Starting scheduling ...
INFO: [SCHED 204-11] Finished scheduling.
INFO: [HLS 200-111] Finished Scheduling: CPU user time: 0.38 seconds. CPU system time: 0.01 seconds. Elapsed time: 0.39 seconds; current allocated memory: 566.488 MB.
INFO: [BIND 205-100] Starting micro-architecture generation ...
INFO: [BIND 205-101] Performing variable lifetime analysis.
INFO: [BIND 205-101] Exploring resource sharing.
INFO: [BIND 205-101] Binding ...
INFO: [BIND 205-100] Finished micro-architecture generation.
INFO: [HLS 200-111] Finished Binding: CPU user time: 0.07 seconds. CPU system time: 0 seconds. Elapsed time: 0.06 seconds; current allocated memory: 566.488 MB.
INFO: [HLS 200-10] ----------------------------------------------------------------
INFO: [HLS 200-42] -- Implementing module 'run_Pipeline_VITIS_LOOP_328_2' 
INFO: [HLS 200-10] ----------------------------------------------------------------
INFO: [SCHED 204-11] Starting scheduling ...
INFO: [SCHED 204-61] Pipelining loop 'VITIS_LOOP_328_2'.
INFO: [HLS 200-1470] Pipelining result : Target II = NA, Final II = 1, Depth = 3, loop 'VITIS_LOOP_328_2'
INFO: [SCHED 204-11] Finished scheduling.
INFO: [HLS 200-111] Finished Scheduling: CPU user time: 0.08 seconds. CPU system time: 0 seconds. Elapsed time: 0.09 seconds; current allocated memory: 566.602 MB.
INFO: [BIND 205-100] Starting micro-architecture generation ...
INFO: [BIND 205-101] Performing variable lifetime analysis.
INFO: [BIND 205-101] Exploring resource sharing.
INFO: [BIND 205-101] Binding ...
INFO: [BIND 205-100] Finished micro-architecture generation.
INFO: [HLS 200-111] Finished Binding: CPU user time: 0.01 seconds. CPU system time: 0 seconds. Elapsed time: 0.02 seconds; current allocated memory: 566.602 MB.
INFO: [HLS 200-10] ----------------------------------------------------------------
INFO: [HLS 200-42] -- Implementing module 'run' 
INFO: [HLS 200-10] ----------------------------------------------------------------
INFO: [SCHED 204-11] Starting scheduling ...
INFO: [SCHED 204-11] Finished scheduling.
INFO: [HLS 200-111] Finished Scheduling: CPU user time: 0.1 seconds. CPU system time: 0.01 seconds. Elapsed time: 0.1 seconds; current allocated memory: 569.688 MB.
INFO: [BIND 205-100] Starting micro-architecture generation ...
INFO: [BIND 205-101] Performing variable lifetime analysis.
INFO: [BIND 205-101] Exploring resource sharing.
INFO: [BIND 205-101] Binding ...
INFO: [BIND 205-100] Finished micro-architecture generation.
INFO: [HLS 200-111] Finished Binding: CPU user time: 0.09 seconds. CPU system time: 0 seconds. Elapsed time: 0.09 seconds; current allocated memory: 569.688 MB.
INFO: [HLS 200-10] ----------------------------------------------------------------
INFO: [HLS 200-42] -- Implementing module 'turbovla_lite_e2e' 
INFO: [HLS 200-10] ----------------------------------------------------------------
INFO: [SCHED 204-11] Starting scheduling ...
INFO: [SCHED 204-11] Finished scheduling.
INFO: [HLS 200-111] Finished Scheduling: CPU user time: 0.13 seconds. CPU system time: 0.01 seconds. Elapsed time: 0.13 seconds; current allocated memory: 569.688 MB.
INFO: [BIND 205-100] Starting micro-architecture generation ...
INFO: [BIND 205-101] Performing variable lifetime analysis.
INFO: [BIND 205-101] Exploring resource sharing.
INFO: [BIND 205-101] Binding ...
INFO: [BIND 205-100] Finished micro-architecture generation.
INFO: [HLS 200-111] Finished Binding: CPU user time: 0.05 seconds. CPU system time: 0 seconds. Elapsed time: 0.05 seconds; current allocated memory: 569.688 MB.
INFO: [HLS 200-10] ----------------------------------------------------------------
INFO: [HLS 200-10] -- Generating RTL for module 'p_anonymous_namespace_encode_visual_Pipeline_1' 
INFO: [HLS 200-10] ----------------------------------------------------------------
INFO: [RTGEN 206-100] Finished creating RTL model for 'p_anonymous_namespace_encode_visual_Pipeline_1'.
INFO: [HLS 200-111] Finished Creating RTL model: CPU user time: 0.12 seconds. CPU system time: 0 seconds. Elapsed time: 0.13 seconds; current allocated memory: 569.688 MB.
INFO: [HLS 200-10] ----------------------------------------------------------------
INFO: [HLS 200-10] -- Generating RTL for module 'p_anonymous_namespace_quantize' 
INFO: [HLS 200-10] ----------------------------------------------------------------
INFO: [RTGEN 206-100] Generating core module 'fcmp_32ns_32ns_1_2_no_dsp_0': 2 instance(s).
INFO: [RTGEN 206-100] Generating core module 'fdiv_32ns_32ns_32_16_no_dsp_0': 1 instance(s).
INFO: [RTGEN 206-100] Generating core module 'sparsemux_7_2_32_1_0': 1 instance(s).
INFO: [RTGEN 206-100] Finished creating RTL model for 'p_anonymous_namespace_quantize'.
INFO: [RTMG 210-279] Implementing memory 'turbovla_lite_e2e_p_anonymous_namespace_quantize_mask_table_ROM_AUTO_1R' using auto ROMs.
INFO: [RTMG 210-279] Implementing memory 'turbovla_lite_e2e_p_anonymous_namespace_quantize_one_half_table_ROM_AUTO_1R' using auto ROMs.
INFO: [HLS 200-111] Finished Creating RTL model: CPU user time: 0.06 seconds. CPU system time: 0.01 seconds. Elapsed time: 0.07 seconds; current allocated memory: 569.688 MB.
INFO: [HLS 200-10] ----------------------------------------------------------------
INFO: [HLS 200-10] -- Generating RTL for module 'p_anonymous_namespace_encode_visual_Pipeline_VITIS_LOOP_123_1_VITIS_LOOP_124_2_VI' 
INFO: [HLS 200-10] ----------------------------------------------------------------
INFO: [HLS 200-1030] Apply Unified Pipeline Control on module 'p_anonymous_namespace_encode_visual_Pipeline_VITIS_LOOP_123_1_VITIS_LOOP_124_2_VI' pipeline 'VITIS_LOOP_123_1_VITIS_LOOP_124_2_VITIS_LOOP_126_3_VITIS_LOOP_128_4' pipeline type 'loop pipeline'
INFO: [RTGEN 206-100] Generating core module 'fadd_32ns_32ns_32_8_full_dsp_1': 1 instance(s).
INFO: [RTGEN 206-100] Generating core module 'faddfsub_32ns_32ns_32_8_full_dsp_1': 1 instance(s).
INFO: [RTGEN 206-100] Generating core module 'fcmp_32ns_32ns_1_2_no_dsp_0': 1 instance(s).
INFO: [RTGEN 206-100] Generating core module 'fdiv_32ns_32ns_32_16_no_dsp_0': 1 instance(s).
INFO: [RTGEN 206-100] Generating core module 'fmul_32ns_32ns_32_5_max_dsp_1': 2 instance(s).
INFO: [RTGEN 206-100] Generating core module 'mac_muladd_8s_8s_16s_17_4_1': 16 instance(s).
INFO: [RTGEN 206-100] Generating core module 'mac_muladd_8s_8s_17s_17_4_1': 16 instance(s).
INFO: [RTGEN 206-100] Generating core module 'mul_8s_8s_16_1_1': 16 instance(s).
INFO: [RTGEN 206-100] Generating core module 'sitofp_32s_32_6_no_dsp_1': 1 instance(s).
INFO: [RTGEN 206-100] Generating core module 'uitofp_32ns_32_6_no_dsp_1': 1 instance(s).
INFO: [RTGEN 206-100] Finished creating RTL model for 'p_anonymous_namespace_encode_visual_Pipeline_VITIS_LOOP_123_1_VITIS_LOOP_124_2_VI'.
INFO: [HLS 200-111] Finished Creating RTL model: CPU user time: 0.43 seconds. CPU system time: 0.01 seconds. Elapsed time: 0.45 seconds; current allocated memory: 579.992 MB.
INFO: [HLS 200-10] ----------------------------------------------------------------
INFO: [HLS 200-10] -- Generating RTL for module 'p_anonymous_namespace_encode_visual_Pipeline_VITIS_LOOP_158_8_VITIS_LOOP_159_9' 
INFO: [HLS 200-10] ----------------------------------------------------------------
INFO: [HLS 200-1030] Apply Unified Pipeline Control on module 'p_anonymous_namespace_encode_visual_Pipeline_VITIS_LOOP_158_8_VITIS_LOOP_159_9' pipeline 'VITIS_LOOP_158_8_VITIS_LOOP_159_9' pipeline type 'loop pipeline'
INFO: [RTGEN 206-100] Generating core module 'faddfsub_32ns_32ns_32_8_full_dsp_1': 1 instance(s).
INFO: [RTGEN 206-100] Generating core module 'fcmp_32ns_32ns_1_2_no_dsp_0': 1 instance(s).
INFO: [RTGEN 206-100] Generating core module 'fmul_32ns_32ns_32_5_max_dsp_1': 1 instance(s).
INFO: [RTGEN 206-100] Generating core module 'mac_muladd_8s_8s_16s_17_4_1': 8 instance(s).
INFO: [RTGEN 206-100] Generating core module 'mul_8s_8s_16_1_1': 8 instance(s).
INFO: [RTGEN 206-100] Generating core module 'sitofp_32s_32_6_no_dsp_1': 1 instance(s).
INFO: [RTGEN 206-100] Finished creating RTL model for 'p_anonymous_namespace_encode_visual_Pipeline_VITIS_LOOP_158_8_VITIS_LOOP_159_9'.
INFO: [HLS 200-111] Finished Creating RTL model: CPU user time: 0.67 seconds. CPU system time: 0.05 seconds. Elapsed time: 0.72 seconds; current allocated memory: 599.734 MB.
INFO: [HLS 200-10] ----------------------------------------------------------------
INFO: [HLS 200-10] -- Generating RTL for module 'p_anonymous_namespace_encode_visual' 
INFO: [HLS 200-10] ----------------------------------------------------------------
WARNING: [RTGEN 206-101] Setting dangling out port 'p_anonymous_namespace_encode_visual/grp_fu_921_p_opcode' to 0.
INFO: [RTGEN 206-100] Generating core module 'fadd_32ns_32ns_32_8_full_dsp_1': 1 instance(s).
INFO: [RTGEN 206-100] Generating core module 'faddfsub_32ns_32ns_32_8_full_dsp_1': 1 instance(s).
INFO: [RTGEN 206-100] Generating core module 'fcmp_32ns_32ns_1_2_no_dsp_0': 1 instance(s).
INFO: [RTGEN 206-100] Generating core module 'fdiv_32ns_32ns_32_16_no_dsp_0': 1 instance(s).
INFO: [RTGEN 206-100] Generating core module 'fmul_32ns_32ns_32_5_max_dsp_1': 2 instance(s).
INFO: [RTGEN 206-100] Finished creating RTL model for 'p_anonymous_namespace_encode_visual'.
INFO: [RTMG 210-278] Implementing memory 'turbovla_lite_e2e_p_anonymous_namespace_encode_visual_pooled_RAM_AUTO_1R1W' using auto RAMs.
INFO: [HLS 200-111] Finished Creating RTL model: CPU user time: 0.4 seconds. CPU system time: 0.04 seconds. Elapsed time: 0.44 seconds; current allocated memory: 609.047 MB.
INFO: [HLS 200-10] ----------------------------------------------------------------
INFO: [HLS 200-10] -- Generating RTL for module 'run_Pipeline_VITIS_LOOP_322_1' 
INFO: [HLS 200-10] ----------------------------------------------------------------
INFO: [HLS 200-1030] Apply Unified Pipeline Control on module 'run_Pipeline_VITIS_LOOP_322_1' pipeline 'VITIS_LOOP_322_1' pipeline type 'loop pipeline'
INFO: [RTGEN 206-100] Finished creating RTL model for 'run_Pipeline_VITIS_LOOP_322_1'.
INFO: [HLS 200-111] Finished Creating RTL model: CPU user time: 0.23 seconds. CPU system time: 0.02 seconds. Elapsed time: 0.26 seconds; current allocated memory: 616.500 MB.
INFO: [HLS 200-10] ----------------------------------------------------------------
INFO: [HLS 200-10] -- Generating RTL for module 'p_anonymous_namespace_fuse_layer_Pipeline_1' 
INFO: [HLS 200-10] ----------------------------------------------------------------
INFO: [RTGEN 206-100] Finished creating RTL model for 'p_anonymous_namespace_fuse_layer_Pipeline_1'.
INFO: [HLS 200-111] Finished Creating RTL model: CPU user time: 0.07 seconds. CPU system time: 0.01 seconds. Elapsed time: 0.07 seconds; current allocated memory: 618.023 MB.
INFO: [HLS 200-10] ----------------------------------------------------------------
INFO: [HLS 200-10] -- Generating RTL for module 'p_anonymous_namespace_fuse_layer_Pipeline_2' 
INFO: [HLS 200-10] ----------------------------------------------------------------
INFO: [RTGEN 206-100] Finished creating RTL model for 'p_anonymous_namespace_fuse_layer_Pipeline_2'.
INFO: [HLS 200-111] Finished Creating RTL model: CPU user time: 0.05 seconds. CPU system time: 0 seconds. Elapsed time: 0.06 seconds; current allocated memory: 618.551 MB.
INFO: [HLS 200-10] ----------------------------------------------------------------
INFO: [HLS 200-10] -- Generating RTL for module 'p_anonymous_namespace_fuse_layer_Pipeline_VITIS_LOOP_195_1_VITIS_LOOP_196_2' 
INFO: [HLS 200-10] ----------------------------------------------------------------
INFO: [HLS 200-1030] Apply Unified Pipeline Control on module 'p_anonymous_namespace_fuse_layer_Pipeline_VITIS_LOOP_195_1_VITIS_LOOP_196_2' pipeline 'VITIS_LOOP_195_1_VITIS_LOOP_196_2' pipeline type 'loop pipeline'
INFO: [RTGEN 206-100] Generating core module 'mac_muladd_8s_8s_32s_32_4_1': 2 instance(s).
INFO: [RTGEN 206-100] Finished creating RTL model for 'p_anonymous_namespace_fuse_layer_Pipeline_VITIS_LOOP_195_1_VITIS_LOOP_196_2'.
INFO: [HLS 200-111] Finished Creating RTL model: CPU user time: 0.08 seconds. CPU system time: 0.01 seconds. Elapsed time: 0.1 seconds; current allocated memory: 619.074 MB.
INFO: [HLS 200-10] ----------------------------------------------------------------
INFO: [HLS 200-10] -- Generating RTL for module 'p_anonymous_namespace_fuse_layer_Pipeline_VITIS_LOOP_210_5' 
INFO: [HLS 200-10] ----------------------------------------------------------------
INFO: [HLS 200-1030] Apply Unified Pipeline Control on module 'p_anonymous_namespace_fuse_layer_Pipeline_VITIS_LOOP_210_5' pipeline 'VITIS_LOOP_210_5' pipeline type 'loop pipeline'
INFO: [RTGEN 206-100] Generating core module 'mac_muladd_8s_8s_23s_23_4_1': 2 instance(s).
INFO: [RTGEN 206-100] Finished creating RTL model for 'p_anonymous_namespace_fuse_layer_Pipeline_VITIS_LOOP_210_5'.
INFO: [HLS 200-111] Finished Creating RTL model: CPU user time: 0.13 seconds. CPU system time: 0.01 seconds. Elapsed time: 0.15 seconds; current allocated memory: 621.906 MB.
INFO: [HLS 200-10] ----------------------------------------------------------------
INFO: [HLS 200-10] -- Generating RTL for module 'exp_generic_double_s' 
INFO: [HLS 200-10] ----------------------------------------------------------------
INFO: [SYN 201-210] Renamed object name 'exp_generic_double_s_table_exp_Z1_ap_ufixed_58_1_ap_q_mode_5_ap_o_mode_3_0_array_ROM_AUTO_1R' to 'exp_generic_double_s_table_exp_Z1_ap_ufixed_58_1_ap_q_mode_5_ap_o_mode_3_0_arbkb' due to the length limit 80
INFO: [SYN 201-210] Renamed object name 'exp_generic_double_s_table_f_Z3_ap_ufixed_59_0_ap_q_mode_5_ap_o_mode_3_0_array_ROM_AUTO_1R' to 'exp_generic_double_s_table_f_Z3_ap_ufixed_59_0_ap_q_mode_5_ap_o_mode_3_0_arracud' due to the length limit 80
INFO: [SYN 201-210] Renamed object name 'exp_generic_double_s_table_f_Z2_ap_ufixed_59_0_ap_q_mode_5_ap_o_mode_3_0_array_ROM_AUTO_1R' to 'exp_generic_double_s_table_f_Z2_ap_ufixed_59_0_ap_q_mode_5_ap_o_mode_3_0_arradEe' due to the length limit 80
INFO: [RTGEN 206-100] Generating core module 'mac_muladd_16s_15ns_19s_31_4_1': 1 instance(s).
INFO: [RTGEN 206-100] Generating core module 'mul_13s_71s_71_3_1': 1 instance(s).
INFO: [RTGEN 206-100] Generating core module 'mul_43ns_36ns_79_2_1': 1 instance(s).
INFO: [RTGEN 206-100] Generating core module 'mul_49ns_44ns_93_2_1': 1 instance(s).
INFO: [RTGEN 206-100] Generating core module 'mul_50ns_50ns_99_2_1': 1 instance(s).
INFO: [RTGEN 206-100] Generating core module 'sparsemux_9_3_64_1_1': 1 instance(s).
INFO: [RTGEN 206-100] Finished creating RTL model for 'exp_generic_double_s'.
INFO: [RTMG 210-279] Implementing memory 'turbovla_lite_e2e_exp_generic_double_s_table_exp_Z1_ap_ufixed_58_1_ap_q_mode_5_ap_o_mode_3_0_arbkb' using auto ROMs.
INFO: [HLS 200-2168] Implementing memory 'turbovla_lite_e2e_exp_generic_double_s_table_f_Z3_ap_ufixed_59_0_ap_q_mode_5_ap_o_mode_3_0_arracud' using auto ROMs with 2 copies to ensure enough ports to satisfy II or latency constraints.
INFO: [RTMG 210-279] Implementing memory 'turbovla_lite_e2e_exp_generic_double_s_table_f_Z2_ap_ufixed_59_0_ap_q_mode_5_ap_o_mode_3_0_arradEe' using auto ROMs.
INFO: [HLS 200-111] Finished Creating RTL model: CPU user time: 0.13 seconds. CPU system time: 0.01 seconds. Elapsed time: 0.15 seconds; current allocated memory: 624.309 MB.
INFO: [HLS 200-10] ----------------------------------------------------------------
INFO: [HLS 200-10] -- Generating RTL for module 'generic_tanh_float_s' 
INFO: [HLS 200-10] ----------------------------------------------------------------
INFO: [RTGEN 206-104] Estimated max fanout for 'generic_tanh_float_s' is 5180 from HDL expression: ((1'b1 == ap_ce_reg) & (1'b0 == ap_block_pp0_stage0_11001))
INFO: [RTGEN 206-100] Generating core module 'dadd_64ns_64ns_64_9_full_dsp_0': 1 instance(s).
INFO: [RTGEN 206-100] Generating core module 'fadd_32ns_32ns_32_8_full_dsp_1': 3 instance(s).
INFO: [RTGEN 206-100] Generating core module 'fcmp_32ns_32ns_1_2_no_dsp_0': 1 instance(s).
INFO: [RTGEN 206-100] Generating core module 'fdiv_32ns_32ns_32_16_no_dsp_0': 1 instance(s).
INFO: [RTGEN 206-100] Generating core module 'fmul_32ns_32ns_32_5_max_dsp_1': 1 instance(s).
INFO: [RTGEN 206-100] Generating core module 'fpext_32ns_64_2_no_dsp_0': 1 instance(s).
INFO: [RTGEN 206-100] Generating core module 'fptrunc_64ns_32_2_no_dsp_0': 1 instance(s).
INFO: [RTGEN 206-100] Generating core module 'fsub_32ns_32ns_32_8_full_dsp_0': 2 instance(s).
INFO: [RTGEN 206-100] Finished creating RTL model for 'generic_tanh_float_s'.
INFO: [HLS 200-111] Finished Creating RTL model: CPU user time: 0.24 seconds. CPU system time: 0.02 seconds. Elapsed time: 0.26 seconds; current allocated memory: 628.688 MB.
INFO: [HLS 200-10] ----------------------------------------------------------------
INFO: [HLS 200-10] -- Generating RTL for module 'p_anonymous_namespace_fuse_layer' 
INFO: [HLS 200-10] ----------------------------------------------------------------
INFO: [RTGEN 206-100] Generating core module 'fadd_32ns_32ns_32_8_full_dsp_1': 1 instance(s).
INFO: [RTGEN 206-100] Generating core module 'faddfsub_32ns_32ns_32_8_full_dsp_1': 1 instance(s).
INFO: [RTGEN 206-100] Generating core module 'fcmp_32ns_32ns_1_2_no_dsp_0': 2 instance(s).
INFO: [RTGEN 206-100] Generating core module 'fdiv_32ns_32ns_32_16_no_dsp_0': 1 instance(s).
INFO: [RTGEN 206-100] Generating core module 'fexp_32ns_32ns_32_13_full_dsp_1': 1 instance(s).
INFO: [RTGEN 206-100] Generating core module 'fmul_32ns_32ns_32_5_max_dsp_1': 4 instance(s).
INFO: [RTGEN 206-100] Generating core module 'sitofp_32ns_32_6_no_dsp_1': 2 instance(s).
INFO: [RTGEN 206-100] Generating core module 'sitofp_32s_32_6_no_dsp_1': 2 instance(s).
INFO: [RTGEN 206-100] Generating core module 'sparsemux_7_2_32_1_0': 1 instance(s).
INFO: [RTGEN 206-100] Finished creating RTL model for 'p_anonymous_namespace_fuse_layer'.
INFO: [RTMG 210-278] Implementing memory 'turbovla_lite_e2e_p_anonymous_namespace_fuse_layer_language_candidate_RAM_AUTO_1R1W' using auto RAMs.
INFO: [RTMG 210-278] Implementing memory 'turbovla_lite_e2e_p_anonymous_namespace_fuse_layer_language_gate_RAM_AUTO_1R1W' using auto RAMs.
INFO: [HLS 200-111] Finished Creating RTL model: CPU user time: 0.26 seconds. CPU system time: 0.01 seconds. Elapsed time: 0.28 seconds; current allocated memory: 634.262 MB.
INFO: [HLS 200-10] ----------------------------------------------------------------
INFO: [HLS 200-10] -- Generating RTL for module 'p_anonymous_namespace_fuse_layer_1_Pipeline_1' 
INFO: [HLS 200-10] ----------------------------------------------------------------
INFO: [RTGEN 206-100] Finished creating RTL model for 'p_anonymous_namespace_fuse_layer_1_Pipeline_1'.
INFO: [HLS 200-111] Finished Creating RTL model: CPU user time: 0.19 seconds. CPU system time: 0.02 seconds. Elapsed time: 0.2 seconds; current allocated memory: 643.055 MB.
INFO: [HLS 200-10] ----------------------------------------------------------------
INFO: [HLS 200-10] -- Generating RTL for module 'p_anonymous_namespace_fuse_layer_1_Pipeline_2' 
INFO: [HLS 200-10] ----------------------------------------------------------------
INFO: [RTGEN 206-100] Finished creating RTL model for 'p_anonymous_namespace_fuse_layer_1_Pipeline_2'.
INFO: [HLS 200-111] Finished Creating RTL model: CPU user time: 0.04 seconds. CPU system time: 0.01 seconds. Elapsed time: 0.06 seconds; current allocated memory: 643.836 MB.
INFO: [HLS 200-10] ----------------------------------------------------------------
INFO: [HLS 200-10] -- Generating RTL for module 'p_anonymous_namespace_fuse_layer_1_Pipeline_VITIS_LOOP_195_1_VITIS_LOOP_196_2' 
INFO: [HLS 200-10] ----------------------------------------------------------------
INFO: [HLS 200-1030] Apply Unified Pipeline Control on module 'p_anonymous_namespace_fuse_layer_1_Pipeline_VITIS_LOOP_195_1_VITIS_LOOP_196_2' pipeline 'VITIS_LOOP_195_1_VITIS_LOOP_196_2' pipeline type 'loop pipeline'
INFO: [RTGEN 206-100] Generating core module 'mac_muladd_8s_8s_32s_32_4_1': 2 instance(s).
INFO: [RTGEN 206-100] Finished creating RTL model for 'p_anonymous_namespace_fuse_layer_1_Pipeline_VITIS_LOOP_195_1_VITIS_LOOP_196_2'.
INFO: [HLS 200-111] Finished Creating RTL model: CPU user time: 0.08 seconds. CPU system time: 0.01 seconds. Elapsed time: 0.09 seconds; current allocated memory: 644.391 MB.
INFO: [HLS 200-10] ----------------------------------------------------------------
INFO: [HLS 200-10] -- Generating RTL for module 'p_anonymous_namespace_fuse_layer_1_Pipeline_VITIS_LOOP_210_5' 
INFO: [HLS 200-10] ----------------------------------------------------------------
INFO: [HLS 200-1030] Apply Unified Pipeline Control on module 'p_anonymous_namespace_fuse_layer_1_Pipeline_VITIS_LOOP_210_5' pipeline 'VITIS_LOOP_210_5' pipeline type 'loop pipeline'
INFO: [RTGEN 206-100] Generating core module 'mac_muladd_8s_8s_23s_23_4_1': 2 instance(s).
INFO: [RTGEN 206-100] Finished creating RTL model for 'p_anonymous_namespace_fuse_layer_1_Pipeline_VITIS_LOOP_210_5'.
INFO: [HLS 200-111] Finished Creating RTL model: CPU user time: 0.13 seconds. CPU system time: 0.01 seconds. Elapsed time: 0.14 seconds; current allocated memory: 647.285 MB.
INFO: [HLS 200-10] ----------------------------------------------------------------
INFO: [HLS 200-10] -- Generating RTL for module 'p_anonymous_namespace_fuse_layer_1' 
INFO: [HLS 200-10] ----------------------------------------------------------------
INFO: [RTGEN 206-100] Generating core module 'fadd_32ns_32ns_32_8_full_dsp_1': 1 instance(s).
INFO: [RTGEN 206-100] Generating core module 'faddfsub_32ns_32ns_32_8_full_dsp_1': 1 instance(s).
INFO: [RTGEN 206-100] Generating core module 'fcmp_32ns_32ns_1_2_no_dsp_0': 2 instance(s).
INFO: [RTGEN 206-100] Generating core module 'fdiv_32ns_32ns_32_16_no_dsp_0': 1 instance(s).
INFO: [RTGEN 206-100] Generating core module 'fexp_32ns_32ns_32_13_full_dsp_1': 1 instance(s).
INFO: [RTGEN 206-100] Generating core module 'fmul_32ns_32ns_32_5_max_dsp_1': 4 instance(s).
INFO: [RTGEN 206-100] Generating core module 'sitofp_32ns_32_6_no_dsp_1': 2 instance(s).
INFO: [RTGEN 206-100] Generating core module 'sitofp_32s_32_6_no_dsp_1': 2 instance(s).
INFO: [RTGEN 206-100] Generating core module 'sparsemux_7_2_32_1_0': 1 instance(s).
INFO: [RTGEN 206-100] Finished creating RTL model for 'p_anonymous_namespace_fuse_layer_1'.
INFO: [HLS 200-111] Finished Creating RTL model: CPU user time: 0.2 seconds. CPU system time: 0.01 seconds. Elapsed time: 0.21 seconds; current allocated memory: 649.848 MB.
INFO: [HLS 200-10] ----------------------------------------------------------------
INFO: [HLS 200-10] -- Generating RTL for module 'p_anonymous_namespace_decode_action_Pipeline_VITIS_LOOP_248_1' 
INFO: [HLS 200-10] ----------------------------------------------------------------
INFO: [HLS 200-1030] Apply Unified Pipeline Control on module 'p_anonymous_namespace_decode_action_Pipeline_VITIS_LOOP_248_1' pipeline 'VITIS_LOOP_248_1' pipeline type 'loop pipeline'
INFO: [RTGEN 206-100] Generating core module 'fmul_32ns_32ns_32_5_max_dsp_1': 1 instance(s).
INFO: [RTGEN 206-100] Generating core module 'sitofp_32s_32_6_no_dsp_1': 1 instance(s).
INFO: [RTGEN 206-100] Finished creating RTL model for 'p_anonymous_namespace_decode_action_Pipeline_VITIS_LOOP_248_1'.
INFO: [HLS 200-111] Finished Creating RTL model: CPU user time: 0.23 seconds. CPU system time: 0.02 seconds. Elapsed time: 0.26 seconds; current allocated memory: 658.902 MB.
INFO: [HLS 200-10] ----------------------------------------------------------------
INFO: [HLS 200-10] -- Generating RTL for module 'p_anonymous_namespace_decode_action_Pipeline_VITIS_LOOP_254_2' 
INFO: [HLS 200-10] ----------------------------------------------------------------
INFO: [HLS 200-1030] Apply Unified Pipeline Control on module 'p_anonymous_namespace_decode_action_Pipeline_VITIS_LOOP_254_2' pipeline 'VITIS_LOOP_254_2' pipeline type 'loop pipeline'
INFO: [RTGEN 206-100] Generating core module 'faddfsub_32ns_32ns_32_8_full_dsp_1': 1 instance(s).
INFO: [RTGEN 206-100] Generating core module 'fcmp_32ns_32ns_1_2_no_dsp_0': 1 instance(s).
INFO: [RTGEN 206-100] Generating core module 'fmul_32ns_32ns_32_5_max_dsp_1': 1 instance(s).
INFO: [RTGEN 206-100] Generating core module 'mac_muladd_8s_8s_16s_17_4_1': 4 instance(s).
INFO: [RTGEN 206-100] Generating core module 'mul_8s_8s_16_1_1': 4 instance(s).
INFO: [RTGEN 206-100] Generating core module 'sitofp_32s_32_6_no_dsp_1': 1 instance(s).
INFO: [RTGEN 206-100] Finished creating RTL model for 'p_anonymous_namespace_decode_action_Pipeline_VITIS_LOOP_254_2'.
INFO: [HLS 200-111] Finished Creating RTL model: CPU user time: 0.23 seconds. CPU system time: 0.02 seconds. Elapsed time: 0.24 seconds; current allocated memory: 661.652 MB.
INFO: [HLS 200-10] ----------------------------------------------------------------
INFO: [HLS 200-10] -- Generating RTL for module 'p_anonymous_namespace_decode_action_Pipeline_VITIS_LOOP_277_6' 
INFO: [HLS 200-10] ----------------------------------------------------------------
INFO: [HLS 200-1030] Apply Unified Pipeline Control on module 'p_anonymous_namespace_decode_action_Pipeline_VITIS_LOOP_277_6' pipeline 'VITIS_LOOP_277_6' pipeline type 'loop pipeline'
INFO: [RTGEN 206-100] Generating core module 'mac_muladd_8s_8s_23s_23_4_1': 1 instance(s).
INFO: [RTGEN 206-100] Finished creating RTL model for 'p_anonymous_namespace_decode_action_Pipeline_VITIS_LOOP_277_6'.
INFO: [HLS 200-111] Finished Creating RTL model: CPU user time: 0.26 seconds. CPU system time: 0.02 seconds. Elapsed time: 0.29 seconds; current allocated memory: 671.492 MB.
INFO: [HLS 200-10] ----------------------------------------------------------------
INFO: [HLS 200-10] -- Generating RTL for module 'p_anonymous_namespace_decode_action_Pipeline_VITIS_LOOP_291_7' 
INFO: [HLS 200-10] ----------------------------------------------------------------
INFO: [HLS 200-1030] Apply Unified Pipeline Control on module 'p_anonymous_namespace_decode_action_Pipeline_VITIS_LOOP_291_7' pipeline 'VITIS_LOOP_291_7' pipeline type 'loop pipeline'
INFO: [RTGEN 206-100] Generating core module 'faddfsub_32ns_32ns_32_8_full_dsp_1': 1 instance(s).
INFO: [RTGEN 206-100] Generating core module 'fmul_32ns_32ns_32_5_max_dsp_1': 1 instance(s).
INFO: [RTGEN 206-100] Generating core module 'mac_muladd_8s_8s_16s_17_4_1': 32 instance(s).
INFO: [RTGEN 206-100] Generating core module 'mul_8s_8s_16_1_1': 32 instance(s).
INFO: [RTGEN 206-100] Generating core module 'sitofp_32s_32_6_no_dsp_1': 1 instance(s).
INFO: [RTGEN 206-100] Finished creating RTL model for 'p_anonymous_namespace_decode_action_Pipeline_VITIS_LOOP_291_7'.
INFO: [HLS 200-111] Finished Creating RTL model: CPU user time: 0.92 seconds. CPU system time: 0.02 seconds. Elapsed time: 0.93 seconds; current allocated memory: 684.414 MB.
INFO: [HLS 200-10] ----------------------------------------------------------------
INFO: [HLS 200-10] -- Generating RTL for module 'p_anonymous_namespace_decode_action' 
INFO: [HLS 200-10] ----------------------------------------------------------------
INFO: [RTGEN 206-100] Generating core module 'faddfsub_32ns_32ns_32_8_full_dsp_1': 1 instance(s).
INFO: [RTGEN 206-100] Generating core module 'fcmp_32ns_32ns_1_2_no_dsp_0': 1 instance(s).
INFO: [RTGEN 206-100] Generating core module 'fmul_32ns_32ns_32_5_max_dsp_1': 1 instance(s).
INFO: [RTGEN 206-100] Generating core module 'sitofp_32s_32_6_no_dsp_1': 1 instance(s).
INFO: [RTGEN 206-100] Finished creating RTL model for 'p_anonymous_namespace_decode_action'.
INFO: [RTMG 210-278] Implementing memory 'turbovla_lite_e2e_p_anonymous_namespace_decode_action_state_q_RAM_AUTO_1R1W' using auto RAMs.
INFO: [RTMG 210-278] Implementing memory 'turbovla_lite_e2e_p_anonymous_namespace_decode_action_pooled_q_RAM_AUTO_1R1W' using auto RAMs.
INFO: [RTMG 210-278] Implementing memory 'turbovla_lite_e2e_p_anonymous_namespace_decode_action_hidden_q_RAM_AUTO_1R1W' using auto RAMs.
INFO: [HLS 200-111] Finished Creating RTL model: CPU user time: 0.9 seconds. CPU system time: 0.06 seconds. Elapsed time: 0.97 seconds; current allocated memory: 716.652 MB.
INFO: [HLS 200-10] ----------------------------------------------------------------
INFO: [HLS 200-10] -- Generating RTL for module 'run_Pipeline_VITIS_LOOP_328_2' 
INFO: [HLS 200-10] ----------------------------------------------------------------
INFO: [HLS 200-1030] Apply Unified Pipeline Control on module 'run_Pipeline_VITIS_LOOP_328_2' pipeline 'VITIS_LOOP_328_2' pipeline type 'loop pipeline'
WARNING: [RTGEN 206-101] Setting dangling out port 'run_Pipeline_VITIS_LOOP_328_2/m_axi_gmem0_0_AWVALID' to 0.
WARNING: [RTGEN 206-101] Setting dangling out port 'run_Pipeline_VITIS_LOOP_328_2/m_axi_gmem0_0_AWADDR' to 0.
WARNING: [RTGEN 206-101] Setting dangling out port 'run_Pipeline_VITIS_LOOP_328_2/m_axi_gmem0_0_AWID' to 0.
WARNING: [RTGEN 206-101] Setting dangling out port 'run_Pipeline_VITIS_LOOP_328_2/m_axi_gmem0_0_AWLEN' to 0.
WARNING: [RTGEN 206-101] Setting dangling out port 'run_Pipeline_VITIS_LOOP_328_2/m_axi_gmem0_0_AWSIZE' to 0.
WARNING: [RTGEN 206-101] Setting dangling out port 'run_Pipeline_VITIS_LOOP_328_2/m_axi_gmem0_0_AWBURST' to 0.
WARNING: [RTGEN 206-101] Setting dangling out port 'run_Pipeline_VITIS_LOOP_328_2/m_axi_gmem0_0_AWLOCK' to 0.
WARNING: [RTGEN 206-101] Setting dangling out port 'run_Pipeline_VITIS_LOOP_328_2/m_axi_gmem0_0_AWCACHE' to 0.
WARNING: [RTGEN 206-101] Setting dangling out port 'run_Pipeline_VITIS_LOOP_328_2/m_axi_gmem0_0_AWPROT' to 0.
WARNING: [RTGEN 206-101] Setting dangling out port 'run_Pipeline_VITIS_LOOP_328_2/m_axi_gmem0_0_AWQOS' to 0.
WARNING: [RTGEN 206-101] Setting dangling out port 'run_Pipeline_VITIS_LOOP_328_2/m_axi_gmem0_0_AWREGION' to 0.
WARNING: [RTGEN 206-101] Setting dangling out port 'run_Pipeline_VITIS_LOOP_328_2/m_axi_gmem0_0_AWUSER' to 0.
WARNING: [RTGEN 206-101] Setting dangling out port 'run_Pipeline_VITIS_LOOP_328_2/m_axi_gmem0_0_BREADY' to 0.
INFO: [RTGEN 206-100] Finished creating RTL model for 'run_Pipeline_VITIS_LOOP_328_2'.
INFO: [HLS 200-111] Finished Creating RTL model: CPU user time: 0.21 seconds. CPU system time: 0.02 seconds. Elapsed time: 0.22 seconds; current allocated memory: 719.070 MB.
INFO: [HLS 200-10] ----------------------------------------------------------------
INFO: [HLS 200-10] -- Generating RTL for module 'run' 
INFO: [HLS 200-10] ----------------------------------------------------------------
INFO: [RTGEN 206-104] Estimated max fanout for 'run' is 8448 from HDL expression: (1'b1 == ap_CS_fsm_state79)
INFO: [RTGEN 206-100] Generating core module 'fadd_32ns_32ns_32_8_full_dsp_1': 1 instance(s).
INFO: [RTGEN 206-100] Generating core module 'faddfsub_32ns_32ns_32_8_full_dsp_1': 1 instance(s).
INFO: [RTGEN 206-100] Generating core module 'fcmp_32ns_32ns_1_2_no_dsp_0': 3 instance(s).
INFO: [RTGEN 206-100] Generating core module 'fdiv_32ns_32ns_32_16_no_dsp_0': 1 instance(s).
INFO: [RTGEN 206-100] Generating core module 'fexp_32ns_32ns_32_13_full_dsp_1': 1 instance(s).
INFO: [RTGEN 206-100] Generating core module 'fmul_32ns_32ns_32_5_max_dsp_1': 4 instance(s).
INFO: [RTGEN 206-100] Generating core module 'sitofp_32ns_32_6_no_dsp_1': 2 instance(s).
INFO: [RTGEN 206-100] Generating core module 'sitofp_32s_32_6_no_dsp_1': 2 instance(s).
INFO: [RTGEN 206-100] Finished creating RTL model for 'run'.
INFO: [RTMG 210-278] Implementing memory 'turbovla_lite_e2e_run_visual_RAM_AUTO_1R1W' using auto RAMs.
INFO: [RTMG 210-278] Implementing memory 'turbovla_lite_e2e_run_language_RAM_AUTO_1R1W' using auto RAMs.
INFO: [RTMG 210-278] Implementing memory 'turbovla_lite_e2e_run_fusion_1_RAM_1WNR_AUTO_1R1W' using auto RAMs.
INFO: [RTMG 210-278] Implementing memory 'turbovla_lite_e2e_run_action_RAM_AUTO_1R1W' using auto RAMs.
INFO: [HLS 200-111] Finished Creating RTL model: CPU user time: 0.16 seconds. CPU system time: 0.01 seconds. Elapsed time: 0.18 seconds; current allocated memory: 720.188 MB.
INFO: [HLS 200-10] ----------------------------------------------------------------
INFO: [HLS 200-10] -- Generating RTL for module 'turbovla_lite_e2e' 
INFO: [HLS 200-10] ----------------------------------------------------------------
WARNING: [RTGEN 206-101] Design contains AXI ports. Reset is fixed to synchronous and active low.
INFO: [RTGEN 206-500] Setting interface mode on port 'turbovla_lite_e2e/gmem0' to 'm_axi'.
INFO: [RTGEN 206-500] Setting interface mode on port 'turbovla_lite_e2e/arena' to 's_axilite & ap_none'.
INFO: [RTGEN 206-500] Setting interface mode on function 'turbovla_lite_e2e' to 's_axilite & ap_ctrl_hs'.
INFO: [RTGEN 206-100] Bundling port 'return' and 'arena' to AXI-Lite port control.
INFO: [RTGEN 206-100] Finished creating RTL model for 'turbovla_lite_e2e'.
INFO: [HLS 200-111] Finished Creating RTL model: CPU user time: 0.29 seconds. CPU system time: 0.02 seconds. Elapsed time: 0.31 seconds; current allocated memory: 728.633 MB.
INFO: [HLS 200-111] Finished Generating all RTL models: CPU user time: 0.69 seconds. CPU system time: 0.08 seconds. Elapsed time: 0.78 seconds; current allocated memory: 729.930 MB.
INFO: [HLS 200-1603] Design has inferred MAXI bursts and missed bursts, see Vitis HLS GUI synthesis summary report for detailed information.
INFO: [HLS 200-111] Finished Updating report files: CPU user time: 1.75 seconds. CPU system time: 0.11 seconds. Elapsed time: 1.86 seconds; current allocated memory: 754.883 MB.
INFO: [VHDL 208-304] Generating VHDL RTL for turbovla_lite_e2e.
INFO: [VLOG 209-307] Generating Verilog RTL for turbovla_lite_e2e.
INFO: [HLS 200-789] **** Estimated Fmax: 263.27 MHz
INFO: [HLS 200-2161] Finished Command csynth_design Elapsed time: 00:00:40; Allocated memory: 537.980 MB.
INFO: [HLS 200-1510] Running: export_design -format ip_catalog -output /home/frank/TurboVLA-codex-T015-b3761ce/build/hls/e2e/ip/turbovla_lite_e2e 
INFO: [IMPL 213-8] Exporting RTL as a Vivado IP.

****** Vivado v2025.1 (64-bit)
  **** SW Build 6140274 on Wed May 21 22:58:25 MDT 2025
  **** IP Build 6138677 on Thu May 22 03:10:11 MDT 2025
  **** SharedData Build 6139179 on Tue May 20 17:58:58 MDT 2025
  **** Start of session at: Tue Sep 22 02:19:15 2026
    ** Copyright 1986-2022 Xilinx, Inc. All Rights Reserved.
    ** Copyright 2022-2025 Advanced Micro Devices, Inc. All Rights Reserved.

source run_ippack.tcl -notrace
INFO: calling package_hls_ip ip_types=vitis sysgen json_file=/home/frank/TurboVLA-codex-T015-b3761ce/build/hls/e2e/e2e_solution/e2e_solution_data.json outdir=/home/frank/TurboVLA-codex-T015-b3761ce/build/hls/e2e/e2e_solution/impl/ip srcdir=/home/frank/TurboVLA-codex-T015-b3761ce/build/hls/e2e/e2e_solution ippack_options_dict= ippack_options_dict=
INFO: Copied 1 ipmisc file(s) to /home/frank/TurboVLA-codex-T015-b3761ce/build/hls/e2e/e2e_solution/impl/ip/misc
INFO: Copied 75 verilog file(s) to /home/frank/TurboVLA-codex-T015-b3761ce/build/hls/e2e/e2e_solution/impl/ip/hdl/verilog
INFO: Copied 69 vhdl file(s) to /home/frank/TurboVLA-codex-T015-b3761ce/build/hls/e2e/e2e_solution/impl/ip/hdl/vhdl
INFO: Copied 10 swdriver file(s) to /home/frank/TurboVLA-codex-T015-b3761ce/build/hls/e2e/e2e_solution/impl/ip/drivers
Generating 13 subcores in /home/frank/TurboVLA-codex-T015-b3761ce/build/hls/e2e/e2e_solution/impl/ip/subcore_prj:
impl/misc/turbovla_lite_e2e_dadd_64ns_64ns_64_9_full_dsp_0_ip.tcl
impl/misc/turbovla_lite_e2e_fadd_32ns_32ns_32_8_full_dsp_1_ip.tcl
impl/misc/turbovla_lite_e2e_faddfsub_32ns_32ns_32_8_full_dsp_1_ip.tcl
impl/misc/turbovla_lite_e2e_fcmp_32ns_32ns_1_2_no_dsp_0_ip.tcl
impl/misc/turbovla_lite_e2e_fdiv_32ns_32ns_32_16_no_dsp_0_ip.tcl
impl/misc/turbovla_lite_e2e_fexp_32ns_32ns_32_13_full_dsp_1_ip.tcl
impl/misc/turbovla_lite_e2e_fmul_32ns_32ns_32_5_max_dsp_1_ip.tcl
impl/misc/turbovla_lite_e2e_fpext_32ns_64_2_no_dsp_0_ip.tcl
impl/misc/turbovla_lite_e2e_fptrunc_64ns_32_2_no_dsp_0_ip.tcl
impl/misc/turbovla_lite_e2e_fsub_32ns_32ns_32_8_full_dsp_0_ip.tcl
impl/misc/turbovla_lite_e2e_sitofp_32ns_32_6_no_dsp_1_ip.tcl
impl/misc/turbovla_lite_e2e_sitofp_32s_32_6_no_dsp_1_ip.tcl
impl/misc/turbovla_lite_e2e_uitofp_32ns_32_6_no_dsp_1_ip.tcl
INFO: Using COE_DIR=/home/frank/TurboVLA-codex-T015-b3761ce/build/hls/e2e/e2e_solution/impl/ip/hdl/verilog
INFO: Generating turbovla_lite_e2e_dadd_64ns_64ns_64_9_full_dsp_0_ip via file impl/misc/turbovla_lite_e2e_dadd_64ns_64ns_64_9_full_dsp_0_ip.tcl
INFO: [IP_Flow 19-234] Refreshing IP repositories
INFO: [IP_Flow 19-1704] No user IP repositories specified
INFO: [IP_Flow 19-2313] Loaded Vivado IP repository '/home/frank/AMD/vivado/2025.01/2025.1/Vivado/data/ip'.
INFO: [IP_Flow 19-1686] Generating 'Synthesis' target for IP 'turbovla_lite_e2e_dadd_64ns_64ns_64_9_full_dsp_0_ip'...
INFO: [IP_Flow 19-1686] Generating 'Simulation' target for IP 'turbovla_lite_e2e_dadd_64ns_64ns_64_9_full_dsp_0_ip'...
INFO: Done generating turbovla_lite_e2e_dadd_64ns_64ns_64_9_full_dsp_0_ip via file impl/misc/turbovla_lite_e2e_dadd_64ns_64ns_64_9_full_dsp_0_ip.tcl
INFO: Generating turbovla_lite_e2e_fadd_32ns_32ns_32_8_full_dsp_1_ip via file impl/misc/turbovla_lite_e2e_fadd_32ns_32ns_32_8_full_dsp_1_ip.tcl
INFO: [IP_Flow 19-1686] Generating 'Synthesis' target for IP 'turbovla_lite_e2e_fadd_32ns_32ns_32_8_full_dsp_1_ip'...
INFO: [IP_Flow 19-1686] Generating 'Simulation' target for IP 'turbovla_lite_e2e_fadd_32ns_32ns_32_8_full_dsp_1_ip'...
INFO: Done generating turbovla_lite_e2e_fadd_32ns_32ns_32_8_full_dsp_1_ip via file impl/misc/turbovla_lite_e2e_fadd_32ns_32ns_32_8_full_dsp_1_ip.tcl
INFO: Generating turbovla_lite_e2e_faddfsub_32ns_32ns_32_8_full_dsp_1_ip via file impl/misc/turbovla_lite_e2e_faddfsub_32ns_32ns_32_8_full_dsp_1_ip.tcl
INFO: [IP_Flow 19-1686] Generating 'Synthesis' target for IP 'turbovla_lite_e2e_faddfsub_32ns_32ns_32_8_full_dsp_1_ip'...
INFO: [IP_Flow 19-1686] Generating 'Simulation' target for IP 'turbovla_lite_e2e_faddfsub_32ns_32ns_32_8_full_dsp_1_ip'...
INFO: Done generating turbovla_lite_e2e_faddfsub_32ns_32ns_32_8_full_dsp_1_ip via file impl/misc/turbovla_lite_e2e_faddfsub_32ns_32ns_32_8_full_dsp_1_ip.tcl
INFO: Generating turbovla_lite_e2e_fcmp_32ns_32ns_1_2_no_dsp_0_ip via file impl/misc/turbovla_lite_e2e_fcmp_32ns_32ns_1_2_no_dsp_0_ip.tcl
INFO: [IP_Flow 19-1686] Generating 'Synthesis' target for IP 'turbovla_lite_e2e_fcmp_32ns_32ns_1_2_no_dsp_0_ip'...
INFO: [IP_Flow 19-1686] Generating 'Simulation' target for IP 'turbovla_lite_e2e_fcmp_32ns_32ns_1_2_no_dsp_0_ip'...
INFO: Done generating turbovla_lite_e2e_fcmp_32ns_32ns_1_2_no_dsp_0_ip via file impl/misc/turbovla_lite_e2e_fcmp_32ns_32ns_1_2_no_dsp_0_ip.tcl
INFO: Generating turbovla_lite_e2e_fdiv_32ns_32ns_32_16_no_dsp_0_ip via file impl/misc/turbovla_lite_e2e_fdiv_32ns_32ns_32_16_no_dsp_0_ip.tcl
INFO: [IP_Flow 19-1686] Generating 'Synthesis' target for IP 'turbovla_lite_e2e_fdiv_32ns_32ns_32_16_no_dsp_0_ip'...
INFO: [IP_Flow 19-1686] Generating 'Simulation' target for IP 'turbovla_lite_e2e_fdiv_32ns_32ns_32_16_no_dsp_0_ip'...
INFO: Done generating turbovla_lite_e2e_fdiv_32ns_32ns_32_16_no_dsp_0_ip via file impl/misc/turbovla_lite_e2e_fdiv_32ns_32ns_32_16_no_dsp_0_ip.tcl
INFO: Generating turbovla_lite_e2e_fexp_32ns_32ns_32_13_full_dsp_1_ip via file impl/misc/turbovla_lite_e2e_fexp_32ns_32ns_32_13_full_dsp_1_ip.tcl
INFO: [IP_Flow 19-1686] Generating 'Synthesis' target for IP 'turbovla_lite_e2e_fexp_32ns_32ns_32_13_full_dsp_1_ip'...
INFO: [IP_Flow 19-1686] Generating 'Simulation' target for IP 'turbovla_lite_e2e_fexp_32ns_32ns_32_13_full_dsp_1_ip'...
INFO: Done generating turbovla_lite_e2e_fexp_32ns_32ns_32_13_full_dsp_1_ip via file impl/misc/turbovla_lite_e2e_fexp_32ns_32ns_32_13_full_dsp_1_ip.tcl
INFO: Generating turbovla_lite_e2e_fmul_32ns_32ns_32_5_max_dsp_1_ip via file impl/misc/turbovla_lite_e2e_fmul_32ns_32ns_32_5_max_dsp_1_ip.tcl
INFO: [IP_Flow 19-1686] Generating 'Synthesis' target for IP 'turbovla_lite_e2e_fmul_32ns_32ns_32_5_max_dsp_1_ip'...
INFO: [IP_Flow 19-1686] Generating 'Simulation' target for IP 'turbovla_lite_e2e_fmul_32ns_32ns_32_5_max_dsp_1_ip'...
INFO: Done generating turbovla_lite_e2e_fmul_32ns_32ns_32_5_max_dsp_1_ip via file impl/misc/turbovla_lite_e2e_fmul_32ns_32ns_32_5_max_dsp_1_ip.tcl
INFO: Generating turbovla_lite_e2e_fpext_32ns_64_2_no_dsp_0_ip via file impl/misc/turbovla_lite_e2e_fpext_32ns_64_2_no_dsp_0_ip.tcl
INFO: [IP_Flow 19-1686] Generating 'Synthesis' target for IP 'turbovla_lite_e2e_fpext_32ns_64_2_no_dsp_0_ip'...
INFO: [IP_Flow 19-1686] Generating 'Simulation' target for IP 'turbovla_lite_e2e_fpext_32ns_64_2_no_dsp_0_ip'...
INFO: Done generating turbovla_lite_e2e_fpext_32ns_64_2_no_dsp_0_ip via file impl/misc/turbovla_lite_e2e_fpext_32ns_64_2_no_dsp_0_ip.tcl
INFO: Generating turbovla_lite_e2e_fptrunc_64ns_32_2_no_dsp_0_ip via file impl/misc/turbovla_lite_e2e_fptrunc_64ns_32_2_no_dsp_0_ip.tcl
INFO: [IP_Flow 19-1686] Generating 'Synthesis' target for IP 'turbovla_lite_e2e_fptrunc_64ns_32_2_no_dsp_0_ip'...
INFO: [IP_Flow 19-1686] Generating 'Simulation' target for IP 'turbovla_lite_e2e_fptrunc_64ns_32_2_no_dsp_0_ip'...
INFO: Done generating turbovla_lite_e2e_fptrunc_64ns_32_2_no_dsp_0_ip via file impl/misc/turbovla_lite_e2e_fptrunc_64ns_32_2_no_dsp_0_ip.tcl
INFO: Generating turbovla_lite_e2e_fsub_32ns_32ns_32_8_full_dsp_0_ip via file impl/misc/turbovla_lite_e2e_fsub_32ns_32ns_32_8_full_dsp_0_ip.tcl
INFO: [IP_Flow 19-1686] Generating 'Synthesis' target for IP 'turbovla_lite_e2e_fsub_32ns_32ns_32_8_full_dsp_0_ip'...
INFO: [IP_Flow 19-1686] Generating 'Simulation' target for IP 'turbovla_lite_e2e_fsub_32ns_32ns_32_8_full_dsp_0_ip'...
INFO: Done generating turbovla_lite_e2e_fsub_32ns_32ns_32_8_full_dsp_0_ip via file impl/misc/turbovla_lite_e2e_fsub_32ns_32ns_32_8_full_dsp_0_ip.tcl
INFO: Generating turbovla_lite_e2e_sitofp_32ns_32_6_no_dsp_1_ip via file impl/misc/turbovla_lite_e2e_sitofp_32ns_32_6_no_dsp_1_ip.tcl
INFO: [IP_Flow 19-1686] Generating 'Synthesis' target for IP 'turbovla_lite_e2e_sitofp_32ns_32_6_no_dsp_1_ip'...
INFO: [IP_Flow 19-1686] Generating 'Simulation' target for IP 'turbovla_lite_e2e_sitofp_32ns_32_6_no_dsp_1_ip'...
INFO: Done generating turbovla_lite_e2e_sitofp_32ns_32_6_no_dsp_1_ip via file impl/misc/turbovla_lite_e2e_sitofp_32ns_32_6_no_dsp_1_ip.tcl
INFO: Generating turbovla_lite_e2e_sitofp_32s_32_6_no_dsp_1_ip via file impl/misc/turbovla_lite_e2e_sitofp_32s_32_6_no_dsp_1_ip.tcl
INFO: [IP_Flow 19-1686] Generating 'Synthesis' target for IP 'turbovla_lite_e2e_sitofp_32s_32_6_no_dsp_1_ip'...
INFO: [IP_Flow 19-1686] Generating 'Simulation' target for IP 'turbovla_lite_e2e_sitofp_32s_32_6_no_dsp_1_ip'...
INFO: Done generating turbovla_lite_e2e_sitofp_32s_32_6_no_dsp_1_ip via file impl/misc/turbovla_lite_e2e_sitofp_32s_32_6_no_dsp_1_ip.tcl
INFO: Generating turbovla_lite_e2e_uitofp_32ns_32_6_no_dsp_1_ip via file impl/misc/turbovla_lite_e2e_uitofp_32ns_32_6_no_dsp_1_ip.tcl
INFO: [IP_Flow 19-1686] Generating 'Synthesis' target for IP 'turbovla_lite_e2e_uitofp_32ns_32_6_no_dsp_1_ip'...
INFO: [IP_Flow 19-1686] Generating 'Simulation' target for IP 'turbovla_lite_e2e_uitofp_32ns_32_6_no_dsp_1_ip'...
INFO: Done generating turbovla_lite_e2e_uitofp_32ns_32_6_no_dsp_1_ip via file impl/misc/turbovla_lite_e2e_uitofp_32ns_32_6_no_dsp_1_ip.tcl
INFO: Found 1 unique subcore IP: xilinx.com:ip:floating_point:7.1
INFO: Copied 13 subcore files: /home/frank/TurboVLA-codex-T015-b3761ce/build/hls/e2e/e2e_solution/impl/ip/hdl/ip/turbovla_lite_e2e_fadd_32ns_32ns_32_8_full_dsp_1_ip/turbovla_lite_e2e_fadd_32ns_32ns_32_8_full_dsp_1_ip.xci /home/frank/TurboVLA-codex-T015-b3761ce/build/hls/e2e/e2e_solution/impl/ip/hdl/ip/turbovla_lite_e2e_dadd_64ns_64ns_64_9_full_dsp_0_ip/turbovla_lite_e2e_dadd_64ns_64ns_64_9_full_dsp_0_ip.xci /home/frank/TurboVLA-codex-T015-b3761ce/build/hls/e2e/e2e_solution/impl/ip/hdl/ip/turbovla_lite_e2e_uitofp_32ns_32_6_no_dsp_1_ip/turbovla_lite_e2e_uitofp_32ns_32_6_no_dsp_1_ip.xci /home/frank/TurboVLA-codex-T015-b3761ce/build/hls/e2e/e2e_solution/impl/ip/hdl/ip/turbovla_lite_e2e_faddfsub_32ns_32ns_32_8_full_dsp_1_ip/turbovla_lite_e2e_faddfsub_32ns_32ns_32_8_full_dsp_1_ip.xci /home/frank/TurboVLA-codex-T015-b3761ce/build/hls/e2e/e2e_solution/impl/ip/hdl/ip/turbovla_lite_e2e_fsub_32ns_32ns_32_8_full_dsp_0_ip/turbovla_lite_e2e_fsub_32ns_32ns_32_8_full_dsp_0_ip.xci /home/frank/TurboVLA-codex-T015-b3761ce/build/hls/e2e/e2e_solution/impl/ip/hdl/ip/turbovla_lite_e2e_fmul_32ns_32ns_32_5_max_dsp_1_ip/turbovla_lite_e2e_fmul_32ns_32ns_32_5_max_dsp_1_ip.xci /home/frank/TurboVLA-codex-T015-b3761ce/build/hls/e2e/e2e_solution/impl/ip/hdl/ip/turbovla_lite_e2e_fptrunc_64ns_32_2_no_dsp_0_ip/turbovla_lite_e2e_fptrunc_64ns_32_2_no_dsp_0_ip.xci /home/frank/TurboVLA-codex-T015-b3761ce/build/hls/e2e/e2e_solution/impl/ip/hdl/ip/turbovla_lite_e2e_sitofp_32ns_32_6_no_dsp_1_ip/turbovla_lite_e2e_sitofp_32ns_32_6_no_dsp_1_ip.xci /home/frank/TurboVLA-codex-T015-b3761ce/build/hls/e2e/e2e_solution/impl/ip/hdl/ip/turbovla_lite_e2e_fpext_32ns_64_2_no_dsp_0_ip/turbovla_lite_e2e_fpext_32ns_64_2_no_dsp_0_ip.xci /home/frank/TurboVLA-codex-T015-b3761ce/build/hls/e2e/e2e_solution/impl/ip/hdl/ip/turbovla_lite_e2e_fexp_32ns_32ns_32_13_full_dsp_1_ip/turbovla_lite_e2e_fexp_32ns_32ns_32_13_full_dsp_1_ip.xci /home/frank/TurboVLA-codex-T015-b3761ce/build/hls/e2e/e2e_solution/impl/ip/hdl/ip/turbovla_lite_e2e_fcmp_32ns_32ns_1_2_no_dsp_0_ip/turbovla_lite_e2e_fcmp_32ns_32ns_1_2_no_dsp_0_ip.xci /home/frank/TurboVLA-codex-T015-b3761ce/build/hls/e2e/e2e_solution/impl/ip/hdl/ip/turbovla_lite_e2e_sitofp_32s_32_6_no_dsp_1_ip/turbovla_lite_e2e_sitofp_32s_32_6_no_dsp_1_ip.xci /home/frank/TurboVLA-codex-T015-b3761ce/build/hls/e2e/e2e_solution/impl/ip/hdl/ip/turbovla_lite_e2e_fdiv_32ns_32ns_32_16_no_dsp_0_ip/turbovla_lite_e2e_fdiv_32ns_32ns_32_16_no_dsp_0_ip.xci
INFO: Import ports from HDL: /home/frank/TurboVLA-codex-T015-b3761ce/build/hls/e2e/e2e_solution/impl/ip/hdl/vhdl/turbovla_lite_e2e.vhd (turbovla_lite_e2e)
INFO: Add axi4lite interface s_axi_control
INFO: Add clock interface ap_clk
INFO: Add reset interface ap_rst_n
INFO: Add interrupt interface interrupt
INFO: [IP_Flow 19-234] Refreshing IP repositories
INFO: [IP_Flow 19-1704] No user IP repositories specified
INFO: [IP_Flow 19-2313] Loaded Vivado IP repository '/home/frank/AMD/vivado/2025.01/2025.1/Vivado/data/ip'.
INFO: Add axi4full interface m_axi_gmem0
INFO: Calling post_process_vitis to specialize IP
INFO: Calling post_process_sysgen to specialize IP
Generating sysgen info xml from json file
INFO: Created IP /home/frank/TurboVLA-codex-T015-b3761ce/build/hls/e2e/e2e_solution/impl/ip/component.xml
INFO: Created IP archive /home/frank/TurboVLA-codex-T015-b3761ce/build/hls/e2e/e2e_solution/impl/ip/xilinx_com_hls_turbovla_lite_e2e_1_0.zip
INFO: [Common 17-206] Exiting Vivado at Tue Sep 22 02:19:28 2026...
INFO: [HLS 200-802] Generated output file build/hls/e2e/ip/turbovla_lite_e2e.zip
INFO: [HLS 200-2161] Finished Command export_design Elapsed time: 00:00:23; Allocated memory: 1.977 MB.
TURBOVLA_COSIM_CASE_START: 1
INFO: [HLS 200-1510] Running: cosim_design -setup -trace_level none -rtl verilog -tool xsim -argv /home/frank/TurboVLA-codex-T015-b3761ce/tests/data/lite_parameter_pack_qat 1 
INFO: [COSIM 212-47] Using XSIM for RTL simulation.
INFO: [COSIM 212-14] Instrumenting C test bench ...
   Build using "/home/frank/AMD/vivado/2025.01/2025.1/Vitis/lnx64/tools/vcxx/libexec//clang++"
   Compiling apatb_turbovla_lite_e2e.cpp
   Compiling e2e.cpp_pre.cpp.tb.cpp
   Compiling tb_e2e.cpp_pre.cpp.tb.cpp
   Compiling apatb_turbovla_lite_e2e_ir.ll
   Generating cosim.tv.exe
INFO: [COSIM 212-302] Starting C TB testing ... 
e2e invalid-instruction gate passed
INFO: [COSIM 212-333] Generating C post check test bench ...
INFO: [COSIM 212-12] Generating RTL test bench ...

****** Vivado v2025.1 (64-bit)
  **** SW Build 6140274 on Wed May 21 22:58:25 MDT 2025
  **** IP Build 6138677 on Thu May 22 03:10:11 MDT 2025
  **** SharedData Build 6139179 on Tue May 20 17:58:58 MDT 2025
  **** Start of session at: Tue Sep 22 02:19:48 2026
    ** Copyright 1986-2022 Xilinx, Inc. All Rights Reserved.
    ** Copyright 2022-2025 Advanced Micro Devices, Inc. All Rights Reserved.

source run_vivado_gen_ip.tcl -notrace
INFO: [IP_Flow 19-234] Refreshing IP repositories
INFO: [IP_Flow 19-1704] No user IP repositories specified
INFO: [IP_Flow 19-2313] Loaded Vivado IP repository '/home/frank/AMD/vivado/2025.01/2025.1/Vivado/data/ip'.
INFO: [IP_Flow 19-1686] Generating 'Synthesis' target for IP 'turbovla_lite_e2e_fadd_32ns_32ns_32_8_full_dsp_1_ip'...
INFO: [IP_Flow 19-1686] Generating 'Simulation' target for IP 'turbovla_lite_e2e_fadd_32ns_32ns_32_8_full_dsp_1_ip'...
INFO: [IP_Flow 19-1686] Generating 'Synthesis' target for IP 'turbovla_lite_e2e_fdiv_32ns_32ns_32_16_no_dsp_0_ip'...
INFO: [IP_Flow 19-1686] Generating 'Simulation' target for IP 'turbovla_lite_e2e_fdiv_32ns_32ns_32_16_no_dsp_0_ip'...
INFO: [IP_Flow 19-1686] Generating 'Synthesis' target for IP 'turbovla_lite_e2e_dadd_64ns_64ns_64_9_full_dsp_0_ip'...
INFO: [IP_Flow 19-1686] Generating 'Simulation' target for IP 'turbovla_lite_e2e_dadd_64ns_64ns_64_9_full_dsp_0_ip'...
INFO: [IP_Flow 19-1686] Generating 'Synthesis' target for IP 'turbovla_lite_e2e_fexp_32ns_32ns_32_13_full_dsp_1_ip'...
INFO: [IP_Flow 19-1686] Generating 'Simulation' target for IP 'turbovla_lite_e2e_fexp_32ns_32ns_32_13_full_dsp_1_ip'...
INFO: [IP_Flow 19-1686] Generating 'Synthesis' target for IP 'turbovla_lite_e2e_faddfsub_32ns_32ns_32_8_full_dsp_1_ip'...
INFO: [IP_Flow 19-1686] Generating 'Simulation' target for IP 'turbovla_lite_e2e_faddfsub_32ns_32ns_32_8_full_dsp_1_ip'...
INFO: [IP_Flow 19-1686] Generating 'Synthesis' target for IP 'turbovla_lite_e2e_sitofp_32ns_32_6_no_dsp_1_ip'...
INFO: [IP_Flow 19-1686] Generating 'Simulation' target for IP 'turbovla_lite_e2e_sitofp_32ns_32_6_no_dsp_1_ip'...
INFO: [IP_Flow 19-1686] Generating 'Synthesis' target for IP 'turbovla_lite_e2e_fpext_32ns_64_2_no_dsp_0_ip'...
INFO: [IP_Flow 19-1686] Generating 'Simulation' target for IP 'turbovla_lite_e2e_fpext_32ns_64_2_no_dsp_0_ip'...
INFO: [IP_Flow 19-1686] Generating 'Synthesis' target for IP 'turbovla_lite_e2e_fmul_32ns_32ns_32_5_max_dsp_1_ip'...
INFO: [IP_Flow 19-1686] Generating 'Simulation' target for IP 'turbovla_lite_e2e_fmul_32ns_32ns_32_5_max_dsp_1_ip'...
INFO: [IP_Flow 19-1686] Generating 'Synthesis' target for IP 'turbovla_lite_e2e_fcmp_32ns_32ns_1_2_no_dsp_0_ip'...
INFO: [IP_Flow 19-1686] Generating 'Simulation' target for IP 'turbovla_lite_e2e_fcmp_32ns_32ns_1_2_no_dsp_0_ip'...
INFO: [IP_Flow 19-1686] Generating 'Synthesis' target for IP 'turbovla_lite_e2e_fptrunc_64ns_32_2_no_dsp_0_ip'...
INFO: [IP_Flow 19-1686] Generating 'Simulation' target for IP 'turbovla_lite_e2e_fptrunc_64ns_32_2_no_dsp_0_ip'...
INFO: [IP_Flow 19-1686] Generating 'Synthesis' target for IP 'turbovla_lite_e2e_sitofp_32s_32_6_no_dsp_1_ip'...
INFO: [IP_Flow 19-1686] Generating 'Simulation' target for IP 'turbovla_lite_e2e_sitofp_32s_32_6_no_dsp_1_ip'...
INFO: [IP_Flow 19-1686] Generating 'Synthesis' target for IP 'turbovla_lite_e2e_uitofp_32ns_32_6_no_dsp_1_ip'...
INFO: [IP_Flow 19-1686] Generating 'Simulation' target for IP 'turbovla_lite_e2e_uitofp_32ns_32_6_no_dsp_1_ip'...
INFO: [IP_Flow 19-1686] Generating 'Synthesis' target for IP 'turbovla_lite_e2e_fsub_32ns_32ns_32_8_full_dsp_0_ip'...
INFO: [IP_Flow 19-1686] Generating 'Simulation' target for IP 'turbovla_lite_e2e_fsub_32ns_32ns_32_8_full_dsp_0_ip'...
INFO: [Common 17-206] Exiting Vivado at Tue Sep 22 02:20:01 2026...
INFO: [COSIM 212-1] *** C/RTL co-simulation file generation completed. ***
INFO: [COSIM 212-211] II is measurable only when transaction number is greater than 1 in RTL simulation. Otherwise, they will be marked as all NA. If user wants to calculate them, please make sure there are at least 2 transactions in RTL simulation.
INFO: [HLS 200-2161] Finished Command cosim_design Elapsed time: 00:00:33; Allocated memory: 4.355 MB.
INFO: [HLS 200-1510] Running: source run_sim.tcl
INFO: [HLS 200-1510] Running: source check_sim.tcl
INFO: [HLS 200-1510] Running: source dataflow_monitor_API.tcl
INFO: [COSIM 212-302] Starting C TB testing ...  
e2e invalid-instruction gate passed
INFO: [COSIM 212-323] Starting verilog simulation...
INFO: [COSIM 212-15] Starting XSIM ...
Vivado Simulator v2025.1.0
Copyright 1986-2022 Xilinx, Inc. All Rights Reserved.
Copyright 2022-2025 Advanced Micro Devices, Inc. All Rights Reserved.
Running: /home/frank/AMD/vivado/2025.01/2025.1/Vivado/bin/unwrapped/lnx64.o/xelab xil_defaultlib.apatb_turbovla_lite_e2e_top xil_defaultlib.glbl -Oenable_linking_all_libraries -prj turbovla_lite_e2e.prj -L smartconnect_v1_0 -L axi_protocol_checker_v1_1_12 -L axi_protocol_checker_v1_1_13 -L axis_protocol_checker_v1_1_11 -L axis_protocol_checker_v1_1_12 -L xil_defaultlib -L unisims_ver -L xpm -L floating_point_v7_1_20 -L floating_point_v7_0_25 --lib ieee_proposed=./ieee_proposed -L uvm -relax -i ./svr -i ./svtb -i ./file_agent -i ./turbovla_lite_e2e_subsystem -s turbovla_lite_e2e 
Multi-threading is on. Using 12 slave threads.
Determining compilation order of HDL files.
WARNING: [XSIM 43-3431] One or more environment variables have been detected which affect the operation of the C compiler. These are typically not set in standard installations and are not tested by AMD, however they may be appropriate for your system, so the flow will attempt to continue.  If errors occur, try running xelab with the "-mt off -v 1" switches to see more information from the C compiler. The following environment variables have been detected:
    LIBRARY_PATH
INFO: [VRFC 10-2263] Analyzing SystemVerilog file "/home/frank/TurboVLA-codex-T015-b3761ce/build/hls/e2e/e2e_solution/sim/verilog/glbl.v" into library xil_defaultlib
INFO: [VRFC 10-311] analyzing module glbl
INFO: [VRFC 10-2263] Analyzing SystemVerilog file "/home/frank/TurboVLA-codex-T015-b3761ce/build/hls/e2e/e2e_solution/sim/verilog/turbovla_lite_e2e_fmul_32ns_32ns_32_5_max_dsp_1.v" into library xil_defaultlib
INFO: [VRFC 10-311] analyzing module turbovla_lite_e2e_fmul_32ns_32ns_32_5_max_dsp_1
INFO: [VRFC 10-2263] Analyzing SystemVerilog file "/home/frank/TurboVLA-codex-T015-b3761ce/build/hls/e2e/e2e_solution/sim/verilog/turbovla_lite_e2e_p_anonymous_namespace_quantize.v" into library xil_defaultlib
INFO: [VRFC 10-311] analyzing module turbovla_lite_e2e_p_anonymous_namespace_quantize
INFO: [VRFC 10-2263] Analyzing SystemVerilog file "/home/frank/TurboVLA-codex-T015-b3761ce/build/hls/e2e/e2e_solution/sim/verilog/turbovla_lite_e2e_p_anonymous_namespace_quantize_mask_table_ROM_AUTO_1R.v" into library xil_defaultlib
INFO: [VRFC 10-311] analyzing module turbovla_lite_e2e_p_anonymous_namespace_quantize_mask_table_ROM_AUTO_1R
INFO: [VRFC 10-2263] Analyzing SystemVerilog file "/home/frank/TurboVLA-codex-T015-b3761ce/build/hls/e2e/e2e_solution/sim/verilog/turbovla_lite_e2e_faddfsub_32ns_32ns_32_8_full_dsp_1.v" into library xil_defaultlib
INFO: [VRFC 10-311] analyzing module turbovla_lite_e2e_faddfsub_32ns_32ns_32_8_full_dsp_1
INFO: [VRFC 10-2263] Analyzing SystemVerilog file "/home/frank/TurboVLA-codex-T015-b3761ce/build/hls/e2e/e2e_solution/sim/verilog/turbovla_lite_e2e_p_anonymous_namespace_encode_visual_Pipeline_1.v" into library xil_defaultlib
INFO: [VRFC 10-311] analyzing module turbovla_lite_e2e_p_anonymous_namespace_encode_visual_Pipeline_1
INFO: [VRFC 10-2263] Analyzing SystemVerilog file "/home/frank/TurboVLA-codex-T015-b3761ce/build/hls/e2e/e2e_solution/sim/verilog/turbovla_lite_e2e_fpext_32ns_64_2_no_dsp_0.v" into library xil_defaultlib
INFO: [VRFC 10-311] analyzing module turbovla_lite_e2e_fpext_32ns_64_2_no_dsp_0
INFO: [VRFC 10-2263] Analyzing SystemVerilog file "/home/frank/TurboVLA-codex-T015-b3761ce/build/hls/e2e/e2e_solution/sim/verilog/turbovla_lite_e2e_p_anonymous_namespace_fuse_layer_Pipeline_1.v" into library xil_defaultlib
INFO: [VRFC 10-311] analyzing module turbovla_lite_e2e_p_anonymous_namespace_fuse_layer_Pipeline_1
INFO: [VRFC 10-2263] Analyzing SystemVerilog file "/home/frank/TurboVLA-codex-T015-b3761ce/build/hls/e2e/e2e_solution/sim/verilog/turbovla_lite_e2e_generic_tanh_float_s.v" into library xil_defaultlib
INFO: [VRFC 10-311] analyzing module turbovla_lite_e2e_generic_tanh_float_s
INFO: [VRFC 10-2263] Analyzing SystemVerilog file "/home/frank/TurboVLA-codex-T015-b3761ce/build/hls/e2e/e2e_solution/sim/verilog/turbovla_lite_e2e_mac_muladd_8s_8s_16s_17_4_1.v" into library xil_defaultlib
INFO: [VRFC 10-311] analyzing module turbovla_lite_e2e_mac_muladd_8s_8s_16s_17_4_1_DSP48_0
INFO: [VRFC 10-311] analyzing module turbovla_lite_e2e_mac_muladd_8s_8s_16s_17_4_1
INFO: [VRFC 10-2263] Analyzing SystemVerilog file "/home/frank/TurboVLA-codex-T015-b3761ce/build/hls/e2e/e2e_solution/sim/verilog/turbovla_lite_e2e_uitofp_32ns_32_6_no_dsp_1.v" into library xil_defaultlib
INFO: [VRFC 10-311] analyzing module turbovla_lite_e2e_uitofp_32ns_32_6_no_dsp_1
INFO: [VRFC 10-2263] Analyzing SystemVerilog file "/home/frank/TurboVLA-codex-T015-b3761ce/build/hls/e2e/e2e_solution/sim/verilog/turbovla_lite_e2e_fexp_32ns_32ns_32_13_full_dsp_1.v" into library xil_defaultlib
INFO: [VRFC 10-311] analyzing module turbovla_lite_e2e_fexp_32ns_32ns_32_13_full_dsp_1
INFO: [VRFC 10-2263] Analyzing SystemVerilog file "/home/frank/TurboVLA-codex-T015-b3761ce/build/hls/e2e/e2e_solution/sim/verilog/turbovla_lite_e2e_mac_muladd_8s_8s_32s_32_4_1.v" into library xil_defaultlib
INFO: [VRFC 10-311] analyzing module turbovla_lite_e2e_mac_muladd_8s_8s_32s_32_4_1_DSP48_0
INFO: [VRFC 10-311] analyzing module turbovla_lite_e2e_mac_muladd_8s_8s_32s_32_4_1
INFO: [VRFC 10-2263] Analyzing SystemVerilog file "/home/frank/TurboVLA-codex-T015-b3761ce/build/hls/e2e/e2e_solution/sim/verilog/turbovla_lite_e2e_exp_generic_double_s_table_f_Z2_ap_ufixed_59_0_ap_q_mode_5_ap_o_mode_3_0_arradEe.v" into library xil_defaultlib
INFO: [VRFC 10-311] analyzing module turbovla_lite_e2e_exp_generic_double_s_table_f_Z2_ap_ufixed_59_0_ap_q_mode_5_ap_o_mode_3_0_arradEe
INFO: [VRFC 10-2263] Analyzing SystemVerilog file "/home/frank/TurboVLA-codex-T015-b3761ce/build/hls/e2e/e2e_solution/sim/verilog/turbovla_lite_e2e_control_s_axi.v" into library xil_defaultlib
INFO: [VRFC 10-311] analyzing module turbovla_lite_e2e_control_s_axi
INFO: [VRFC 10-2263] Analyzing SystemVerilog file "/home/frank/TurboVLA-codex-T015-b3761ce/build/hls/e2e/e2e_solution/sim/verilog/turbovla_lite_e2e.autotb.v" into library xil_defaultlib
INFO: [VRFC 10-311] analyzing module apatb_turbovla_lite_e2e_top
INFO: [VRFC 10-2263] Analyzing SystemVerilog file "/home/frank/TurboVLA-codex-T015-b3761ce/build/hls/e2e/e2e_solution/sim/verilog/turbovla_lite_e2e_run.v" into library xil_defaultlib
INFO: [VRFC 10-311] analyzing module turbovla_lite_e2e_run
INFO: [VRFC 10-2263] Analyzing SystemVerilog file "/home/frank/TurboVLA-codex-T015-b3761ce/build/hls/e2e/e2e_solution/sim/verilog/turbovla_lite_e2e_p_anonymous_namespace_decode_action_state_q_RAM_AUTO_1R1W.v" into library xil_defaultlib
INFO: [VRFC 10-311] analyzing module turbovla_lite_e2e_p_anonymous_namespace_decode_action_state_q_RAM_AUTO_1R1W
INFO: [VRFC 10-2263] Analyzing SystemVerilog file "/home/frank/TurboVLA-codex-T015-b3761ce/build/hls/e2e/e2e_solution/sim/verilog/turbovla_lite_e2e_exp_generic_double_s_table_exp_Z1_ap_ufixed_58_1_ap_q_mode_5_ap_o_mode_3_0_arbkb.v" into library xil_defaultlib
INFO: [VRFC 10-311] analyzing module turbovla_lite_e2e_exp_generic_double_s_table_exp_Z1_ap_ufixed_58_1_ap_q_mode_5_ap_o_mode_3_0_arbkb
INFO: [VRFC 10-2263] Analyzing SystemVerilog file "/home/frank/TurboVLA-codex-T015-b3761ce/build/hls/e2e/e2e_solution/sim/verilog/turbovla_lite_e2e_fptrunc_64ns_32_2_no_dsp_0.v" into library xil_defaultlib
INFO: [VRFC 10-311] analyzing module turbovla_lite_e2e_fptrunc_64ns_32_2_no_dsp_0
INFO: [VRFC 10-2263] Analyzing SystemVerilog file "/home/frank/TurboVLA-codex-T015-b3761ce/build/hls/e2e/e2e_solution/sim/verilog/turbovla_lite_e2e_p_anonymous_namespace_decode_action.v" into library xil_defaultlib
INFO: [VRFC 10-311] analyzing module turbovla_lite_e2e_p_anonymous_namespace_decode_action
INFO: [VRFC 10-2263] Analyzing SystemVerilog file "/home/frank/TurboVLA-codex-T015-b3761ce/build/hls/e2e/e2e_solution/sim/verilog/turbovla_lite_e2e_fdiv_32ns_32ns_32_16_no_dsp_0.v" into library xil_defaultlib
INFO: [VRFC 10-311] analyzing module turbovla_lite_e2e_fdiv_32ns_32ns_32_16_no_dsp_0
INFO: [VRFC 10-2263] Analyzing SystemVerilog file "/home/frank/TurboVLA-codex-T015-b3761ce/build/hls/e2e/e2e_solution/sim/verilog/turbovla_lite_e2e_p_anonymous_namespace_fuse_layer_Pipeline_2.v" into library xil_defaultlib
INFO: [VRFC 10-311] analyzing module turbovla_lite_e2e_p_anonymous_namespace_fuse_layer_Pipeline_2
INFO: [VRFC 10-2263] Analyzing SystemVerilog file "/home/frank/TurboVLA-codex-T015-b3761ce/build/hls/e2e/e2e_solution/sim/verilog/turbovla_lite_e2e_p_anonymous_namespace_decode_action_hidden_q_RAM_AUTO_1R1W.v" into library xil_defaultlib
INFO: [VRFC 10-311] analyzing module turbovla_lite_e2e_p_anonymous_namespace_decode_action_hidden_q_RAM_AUTO_1R1W
INFO: [VRFC 10-2263] Analyzing SystemVerilog file "/home/frank/TurboVLA-codex-T015-b3761ce/build/hls/e2e/e2e_solution/sim/verilog/turbovla_lite_e2e_flow_control_loop_pipe_sequential_init.v" into library xil_defaultlib
INFO: [VRFC 10-311] analyzing module turbovla_lite_e2e_flow_control_loop_pipe_sequential_init
INFO: [VRFC 10-2263] Analyzing SystemVerilog file "/home/frank/TurboVLA-codex-T015-b3761ce/build/hls/e2e/e2e_solution/sim/verilog/turbovla_lite_e2e_exp_generic_double_s_table_f_Z3_ap_ufixed_59_0_ap_q_mode_5_ap_o_mode_3_0_arracud.v" into library xil_defaultlib
INFO: [VRFC 10-311] analyzing module turbovla_lite_e2e_exp_generic_double_s_table_f_Z3_ap_ufixed_59_0_ap_q_mode_5_ap_o_mode_3_0_arracud
INFO: [VRFC 10-2263] Analyzing SystemVerilog file "/home/frank/TurboVLA-codex-T015-b3761ce/build/hls/e2e/e2e_solution/sim/verilog/turbovla_lite_e2e_mac_muladd_8s_8s_23s_23_4_1.v" into library xil_defaultlib
INFO: [VRFC 10-311] analyzing module turbovla_lite_e2e_mac_muladd_8s_8s_23s_23_4_1_DSP48_0
INFO: [VRFC 10-311] analyzing module turbovla_lite_e2e_mac_muladd_8s_8s_23s_23_4_1
INFO: [VRFC 10-2263] Analyzing SystemVerilog file "/home/frank/TurboVLA-codex-T015-b3761ce/build/hls/e2e/e2e_solution/sim/verilog/turbovla_lite_e2e_mac_muladd_8s_8s_17s_17_4_1.v" into library xil_defaultlib
INFO: [VRFC 10-311] analyzing module turbovla_lite_e2e_mac_muladd_8s_8s_17s_17_4_1_DSP48_0
INFO: [VRFC 10-311] analyzing module turbovla_lite_e2e_mac_muladd_8s_8s_17s_17_4_1
INFO: [VRFC 10-2263] Analyzing SystemVerilog file "/home/frank/TurboVLA-codex-T015-b3761ce/build/hls/e2e/e2e_solution/sim/verilog/turbovla_lite_e2e_mul_13s_71s_71_3_1.v" into library xil_defaultlib
INFO: [VRFC 10-311] analyzing module turbovla_lite_e2e_mul_13s_71s_71_3_1
INFO: [VRFC 10-2263] Analyzing SystemVerilog file "/home/frank/TurboVLA-codex-T015-b3761ce/build/hls/e2e/e2e_solution/sim/verilog/turbovla_lite_e2e_run_action_RAM_AUTO_1R1W.v" into library xil_defaultlib
INFO: [VRFC 10-311] analyzing module turbovla_lite_e2e_run_action_RAM_AUTO_1R1W
INFO: [VRFC 10-2263] Analyzing SystemVerilog file "/home/frank/TurboVLA-codex-T015-b3761ce/build/hls/e2e/e2e_solution/sim/verilog/turbovla_lite_e2e_run_Pipeline_VITIS_LOOP_322_1.v" into library xil_defaultlib
INFO: [VRFC 10-311] analyzing module turbovla_lite_e2e_run_Pipeline_VITIS_LOOP_322_1
INFO: [VRFC 10-2263] Analyzing SystemVerilog file "/home/frank/TurboVLA-codex-T015-b3761ce/build/hls/e2e/e2e_solution/sim/verilog/turbovla_lite_e2e_dadd_64ns_64ns_64_9_full_dsp_0.v" into library xil_defaultlib
INFO: [VRFC 10-311] analyzing module turbovla_lite_e2e_dadd_64ns_64ns_64_9_full_dsp_0
INFO: [VRFC 10-2263] Analyzing SystemVerilog file "/home/frank/TurboVLA-codex-T015-b3761ce/build/hls/e2e/e2e_solution/sim/verilog/turbovla_lite_e2e_p_anonymous_namespace_decode_action_Pipeline_VITIS_LOOP_254_2.v" into library xil_defaultlib
INFO: [VRFC 10-311] analyzing module turbovla_lite_e2e_p_anonymous_namespace_decode_action_Pipeline_VITIS_LOOP_254_2
INFO: [VRFC 10-2263] Analyzing SystemVerilog file "/home/frank/TurboVLA-codex-T015-b3761ce/build/hls/e2e/e2e_solution/sim/verilog/turbovla_lite_e2e_p_anonymous_namespace_quantize_one_half_table_ROM_AUTO_1R.v" into library xil_defaultlib
INFO: [VRFC 10-311] analyzing module turbovla_lite_e2e_p_anonymous_namespace_quantize_one_half_table_ROM_AUTO_1R
INFO: [VRFC 10-2263] Analyzing SystemVerilog file "/home/frank/TurboVLA-codex-T015-b3761ce/build/hls/e2e/e2e_solution/sim/verilog/turbovla_lite_e2e_mul_50ns_50ns_99_2_1.v" into library xil_defaultlib
INFO: [VRFC 10-311] analyzing module turbovla_lite_e2e_mul_50ns_50ns_99_2_1
INFO: [VRFC 10-2263] Analyzing SystemVerilog file "/home/frank/TurboVLA-codex-T015-b3761ce/build/hls/e2e/e2e_solution/sim/verilog/turbovla_lite_e2e_p_anonymous_namespace_fuse_layer_1_Pipeline_VITIS_LOOP_195_1_VITIS_LOOP_196_2.v" into library xil_defaultlib
INFO: [VRFC 10-311] analyzing module turbovla_lite_e2e_p_anonymous_namespace_fuse_layer_1_Pipeline_VITIS_LOOP_195_1_VITIS_LOOP_196_2
INFO: [VRFC 10-2263] Analyzing SystemVerilog file "/home/frank/TurboVLA-codex-T015-b3761ce/build/hls/e2e/e2e_solution/sim/verilog/turbovla_lite_e2e_p_anonymous_namespace_fuse_layer_1_Pipeline_2.v" into library xil_defaultlib
INFO: [VRFC 10-311] analyzing module turbovla_lite_e2e_p_anonymous_namespace_fuse_layer_1_Pipeline_2
INFO: [VRFC 10-2263] Analyzing SystemVerilog file "/home/frank/TurboVLA-codex-T015-b3761ce/build/hls/e2e/e2e_solution/sim/verilog/turbovla_lite_e2e_sparsemux_7_2_32_1_0.v" into library xil_defaultlib
INFO: [VRFC 10-311] analyzing module turbovla_lite_e2e_sparsemux_7_2_32_1_0
INFO: [VRFC 10-2263] Analyzing SystemVerilog file "/home/frank/TurboVLA-codex-T015-b3761ce/build/hls/e2e/e2e_solution/sim/verilog/turbovla_lite_e2e_p_anonymous_namespace_fuse_layer_Pipeline_VITIS_LOOP_195_1_VITIS_LOOP_196_2.v" into library xil_defaultlib
INFO: [VRFC 10-311] analyzing module turbovla_lite_e2e_p_anonymous_namespace_fuse_layer_Pipeline_VITIS_LOOP_195_1_VITIS_LOOP_196_2
INFO: [VRFC 10-2263] Analyzing SystemVerilog file "/home/frank/TurboVLA-codex-T015-b3761ce/build/hls/e2e/e2e_solution/sim/verilog/turbovla_lite_e2e_sitofp_32ns_32_6_no_dsp_1.v" into library xil_defaultlib
INFO: [VRFC 10-311] analyzing module turbovla_lite_e2e_sitofp_32ns_32_6_no_dsp_1
INFO: [VRFC 10-2263] Analyzing SystemVerilog file "/home/frank/TurboVLA-codex-T015-b3761ce/build/hls/e2e/e2e_solution/sim/verilog/turbovla_lite_e2e.v" into library xil_defaultlib
INFO: [VRFC 10-311] analyzing module turbovla_lite_e2e
INFO: [VRFC 10-2263] Analyzing SystemVerilog file "/home/frank/TurboVLA-codex-T015-b3761ce/build/hls/e2e/e2e_solution/sim/verilog/turbovla_lite_e2e_p_anonymous_namespace_fuse_layer_1_Pipeline_VITIS_LOOP_210_5.v" into library xil_defaultlib
INFO: [VRFC 10-311] analyzing module turbovla_lite_e2e_p_anonymous_namespace_fuse_layer_1_Pipeline_VITIS_LOOP_210_5
INFO: [VRFC 10-2263] Analyzing SystemVerilog file "/home/frank/TurboVLA-codex-T015-b3761ce/build/hls/e2e/e2e_solution/sim/verilog/turbovla_lite_e2e_p_anonymous_namespace_decode_action_Pipeline_VITIS_LOOP_277_6.v" into library xil_defaultlib
INFO: [VRFC 10-311] analyzing module turbovla_lite_e2e_p_anonymous_namespace_decode_action_Pipeline_VITIS_LOOP_277_6
INFO: [VRFC 10-2263] Analyzing SystemVerilog file "/home/frank/TurboVLA-codex-T015-b3761ce/build/hls/e2e/e2e_solution/sim/verilog/turbovla_lite_e2e_fadd_32ns_32ns_32_8_full_dsp_1.v" into library xil_defaultlib
INFO: [VRFC 10-311] analyzing module turbovla_lite_e2e_fadd_32ns_32ns_32_8_full_dsp_1
INFO: [VRFC 10-2263] Analyzing SystemVerilog file "/home/frank/TurboVLA-codex-T015-b3761ce/build/hls/e2e/e2e_solution/sim/verilog/turbovla_lite_e2e_fsub_32ns_32ns_32_8_full_dsp_0.v" into library xil_defaultlib
INFO: [VRFC 10-311] analyzing module turbovla_lite_e2e_fsub_32ns_32ns_32_8_full_dsp_0
INFO: [VRFC 10-2263] Analyzing SystemVerilog file "/home/frank/TurboVLA-codex-T015-b3761ce/build/hls/e2e/e2e_solution/sim/verilog/turbovla_lite_e2e_p_anonymous_namespace_decode_action_Pipeline_VITIS_LOOP_248_1.v" into library xil_defaultlib
INFO: [VRFC 10-311] analyzing module turbovla_lite_e2e_p_anonymous_namespace_decode_action_Pipeline_VITIS_LOOP_248_1
INFO: [VRFC 10-2263] Analyzing SystemVerilog file "/home/frank/TurboVLA-codex-T015-b3761ce/build/hls/e2e/e2e_solution/sim/verilog/turbovla_lite_e2e_exp_generic_double_s.v" into library xil_defaultlib
INFO: [VRFC 10-311] analyzing module turbovla_lite_e2e_exp_generic_double_s
INFO: [VRFC 10-2263] Analyzing SystemVerilog file "/home/frank/TurboVLA-codex-T015-b3761ce/build/hls/e2e/e2e_solution/sim/verilog/turbovla_lite_e2e_p_anonymous_namespace_encode_visual_pooled_RAM_AUTO_1R1W.v" into library xil_defaultlib
INFO: [VRFC 10-311] analyzing module turbovla_lite_e2e_p_anonymous_namespace_encode_visual_pooled_RAM_AUTO_1R1W
INFO: [VRFC 10-2263] Analyzing SystemVerilog file "/home/frank/TurboVLA-codex-T015-b3761ce/build/hls/e2e/e2e_solution/sim/verilog/turbovla_lite_e2e_p_anonymous_namespace_encode_visual.v" into library xil_defaultlib
INFO: [VRFC 10-311] analyzing module turbovla_lite_e2e_p_anonymous_namespace_encode_visual
INFO: [VRFC 10-2263] Analyzing SystemVerilog file "/home/frank/TurboVLA-codex-T015-b3761ce/build/hls/e2e/e2e_solution/sim/verilog/turbovla_lite_e2e_run_fusion_1_RAM_1WNR_AUTO_1R1W.v" into library xil_defaultlib
INFO: [VRFC 10-311] analyzing module turbovla_lite_e2e_run_fusion_1_RAM_1WNR_AUTO_1R1W
INFO: [VRFC 10-2263] Analyzing SystemVerilog file "/home/frank/TurboVLA-codex-T015-b3761ce/build/hls/e2e/e2e_solution/sim/verilog/turbovla_lite_e2e_sparsemux_9_3_64_1_1.v" into library xil_defaultlib
INFO: [VRFC 10-311] analyzing module turbovla_lite_e2e_sparsemux_9_3_64_1_1
INFO: [VRFC 10-2263] Analyzing SystemVerilog file "/home/frank/TurboVLA-codex-T015-b3761ce/build/hls/e2e/e2e_solution/sim/verilog/turbovla_lite_e2e_p_anonymous_namespace_fuse_layer_language_candidate_RAM_AUTO_1R1W.v" into library xil_defaultlib
INFO: [VRFC 10-311] analyzing module turbovla_lite_e2e_p_anonymous_namespace_fuse_layer_language_candidate_RAM_AUTO_1R1W
INFO: [VRFC 10-2263] Analyzing SystemVerilog file "/home/frank/TurboVLA-codex-T015-b3761ce/build/hls/e2e/e2e_solution/sim/verilog/turbovla_lite_e2e_sitofp_32s_32_6_no_dsp_1.v" into library xil_defaultlib
INFO: [VRFC 10-311] analyzing module turbovla_lite_e2e_sitofp_32s_32_6_no_dsp_1
INFO: [VRFC 10-2263] Analyzing SystemVerilog file "/home/frank/TurboVLA-codex-T015-b3761ce/build/hls/e2e/e2e_solution/sim/verilog/turbovla_lite_e2e_mul_49ns_44ns_93_2_1.v" into library xil_defaultlib
INFO: [VRFC 10-311] analyzing module turbovla_lite_e2e_mul_49ns_44ns_93_2_1
INFO: [VRFC 10-2263] Analyzing SystemVerilog file "/home/frank/TurboVLA-codex-T015-b3761ce/build/hls/e2e/e2e_solution/sim/verilog/turbovla_lite_e2e_p_anonymous_namespace_fuse_layer_language_gate_RAM_AUTO_1R1W.v" into library xil_defaultlib
INFO: [VRFC 10-311] analyzing module turbovla_lite_e2e_p_anonymous_namespace_fuse_layer_language_gate_RAM_AUTO_1R1W
INFO: [VRFC 10-2263] Analyzing SystemVerilog file "/home/frank/TurboVLA-codex-T015-b3761ce/build/hls/e2e/e2e_solution/sim/verilog/turbovla_lite_e2e_p_anonymous_namespace_fuse_layer.v" into library xil_defaultlib
INFO: [VRFC 10-311] analyzing module turbovla_lite_e2e_p_anonymous_namespace_fuse_layer
INFO: [VRFC 10-2263] Analyzing SystemVerilog file "/home/frank/TurboVLA-codex-T015-b3761ce/build/hls/e2e/e2e_solution/sim/verilog/turbovla_lite_e2e_mul_8s_8s_16_1_1.v" into library xil_defaultlib
INFO: [VRFC 10-311] analyzing module turbovla_lite_e2e_mul_8s_8s_16_1_1
INFO: [VRFC 10-2263] Analyzing SystemVerilog file "/home/frank/TurboVLA-codex-T015-b3761ce/build/hls/e2e/e2e_solution/sim/verilog/turbovla_lite_e2e_p_anonymous_namespace_fuse_layer_Pipeline_VITIS_LOOP_210_5.v" into library xil_defaultlib
INFO: [VRFC 10-311] analyzing module turbovla_lite_e2e_p_anonymous_namespace_fuse_layer_Pipeline_VITIS_LOOP_210_5
INFO: [VRFC 10-2263] Analyzing SystemVerilog file "/home/frank/TurboVLA-codex-T015-b3761ce/build/hls/e2e/e2e_solution/sim/verilog/turbovla_lite_e2e_p_anonymous_namespace_fuse_layer_1_Pipeline_1.v" into library xil_defaultlib
INFO: [VRFC 10-311] analyzing module turbovla_lite_e2e_p_anonymous_namespace_fuse_layer_1_Pipeline_1
INFO: [VRFC 10-2263] Analyzing SystemVerilog file "/home/frank/TurboVLA-codex-T015-b3761ce/build/hls/e2e/e2e_solution/sim/verilog/turbovla_lite_e2e_run_Pipeline_VITIS_LOOP_328_2.v" into library xil_defaultlib
INFO: [VRFC 10-311] analyzing module turbovla_lite_e2e_run_Pipeline_VITIS_LOOP_328_2
INFO: [VRFC 10-2263] Analyzing SystemVerilog file "/home/frank/TurboVLA-codex-T015-b3761ce/build/hls/e2e/e2e_solution/sim/verilog/turbovla_lite_e2e_p_anonymous_namespace_decode_action_Pipeline_VITIS_LOOP_291_7.v" into library xil_defaultlib
INFO: [VRFC 10-311] analyzing module turbovla_lite_e2e_p_anonymous_namespace_decode_action_Pipeline_VITIS_LOOP_291_7
INFO: [VRFC 10-2263] Analyzing SystemVerilog file "/home/frank/TurboVLA-codex-T015-b3761ce/build/hls/e2e/e2e_solution/sim/verilog/turbovla_lite_e2e_run_language_RAM_AUTO_1R1W.v" into library xil_defaultlib
INFO: [VRFC 10-311] analyzing module turbovla_lite_e2e_run_language_RAM_AUTO_1R1W
INFO: [VRFC 10-2263] Analyzing SystemVerilog file "/home/frank/TurboVLA-codex-T015-b3761ce/build/hls/e2e/e2e_solution/sim/verilog/turbovla_lite_e2e_p_anonymous_namespace_decode_action_pooled_q_RAM_AUTO_1R1W.v" into library xil_defaultlib
INFO: [VRFC 10-311] analyzing module turbovla_lite_e2e_p_anonymous_namespace_decode_action_pooled_q_RAM_AUTO_1R1W
INFO: [VRFC 10-2263] Analyzing SystemVerilog file "/home/frank/TurboVLA-codex-T015-b3761ce/build/hls/e2e/e2e_solution/sim/verilog/turbovla_lite_e2e_gmem0_m_axi.v" into library xil_defaultlib
INFO: [VRFC 10-311] analyzing module turbovla_lite_e2e_gmem0_m_axi
INFO: [VRFC 10-311] analyzing module turbovla_lite_e2e_gmem0_m_axi_load
INFO: [VRFC 10-311] analyzing module turbovla_lite_e2e_gmem0_m_axi_store
INFO: [VRFC 10-311] analyzing module turbovla_lite_e2e_gmem0_m_axi_read
INFO: [VRFC 10-311] analyzing module turbovla_lite_e2e_gmem0_m_axi_write
INFO: [VRFC 10-311] analyzing module turbovla_lite_e2e_gmem0_m_axi_burst_converter
INFO: [VRFC 10-311] analyzing module turbovla_lite_e2e_gmem0_m_axi_burst_interleave
INFO: [VRFC 10-311] analyzing module turbovla_lite_e2e_gmem0_m_axi_burst_sequential
INFO: [VRFC 10-311] analyzing module turbovla_lite_e2e_gmem0_m_axi_throttle
INFO: [VRFC 10-311] analyzing module turbovla_lite_e2e_gmem0_m_axi_reg_slice
INFO: [VRFC 10-311] analyzing module turbovla_lite_e2e_gmem0_m_axi_fifo
INFO: [VRFC 10-311] analyzing module turbovla_lite_e2e_gmem0_m_axi_srl
INFO: [VRFC 10-311] analyzing module turbovla_lite_e2e_gmem0_m_axi_mem
INFO: [VRFC 10-2263] Analyzing SystemVerilog file "/home/frank/TurboVLA-codex-T015-b3761ce/build/hls/e2e/e2e_solution/sim/verilog/turbovla_lite_e2e_p_anonymous_namespace_encode_visual_Pipeline_VITIS_LOOP_123_1_VITIS_LOOP_124_2_VI.v" into library xil_defaultlib
INFO: [VRFC 10-311] analyzing module turbovla_lite_e2e_p_anonymous_namespace_encode_visual_Pipeline_VITIS_LOOP_123_1_VITIS_LOOP_124_2_VI
INFO: [VRFC 10-2263] Analyzing SystemVerilog file "/home/frank/TurboVLA-codex-T015-b3761ce/build/hls/e2e/e2e_solution/sim/verilog/turbovla_lite_e2e_mac_muladd_16s_15ns_19s_31_4_1.v" into library xil_defaultlib
INFO: [VRFC 10-311] analyzing module turbovla_lite_e2e_mac_muladd_16s_15ns_19s_31_4_1_DSP48_0
INFO: [VRFC 10-311] analyzing module turbovla_lite_e2e_mac_muladd_16s_15ns_19s_31_4_1
INFO: [VRFC 10-2263] Analyzing SystemVerilog file "/home/frank/TurboVLA-codex-T015-b3761ce/build/hls/e2e/e2e_solution/sim/verilog/turbovla_lite_e2e_p_anonymous_namespace_fuse_layer_1.v" into library xil_defaultlib
INFO: [VRFC 10-311] analyzing module turbovla_lite_e2e_p_anonymous_namespace_fuse_layer_1
INFO: [VRFC 10-2263] Analyzing SystemVerilog file "/home/frank/TurboVLA-codex-T015-b3761ce/build/hls/e2e/e2e_solution/sim/verilog/turbovla_lite_e2e_p_anonymous_namespace_encode_visual_Pipeline_VITIS_LOOP_158_8_VITIS_LOOP_159_9.v" into library xil_defaultlib
INFO: [VRFC 10-311] analyzing module turbovla_lite_e2e_p_anonymous_namespace_encode_visual_Pipeline_VITIS_LOOP_158_8_VITIS_LOOP_159_9
INFO: [VRFC 10-2263] Analyzing SystemVerilog file "/home/frank/TurboVLA-codex-T015-b3761ce/build/hls/e2e/e2e_solution/sim/verilog/turbovla_lite_e2e_fcmp_32ns_32ns_1_2_no_dsp_0.v" into library xil_defaultlib
INFO: [VRFC 10-311] analyzing module turbovla_lite_e2e_fcmp_32ns_32ns_1_2_no_dsp_0
INFO: [VRFC 10-2263] Analyzing SystemVerilog file "/home/frank/TurboVLA-codex-T015-b3761ce/build/hls/e2e/e2e_solution/sim/verilog/turbovla_lite_e2e_run_visual_RAM_AUTO_1R1W.v" into library xil_defaultlib
INFO: [VRFC 10-311] analyzing module turbovla_lite_e2e_run_visual_RAM_AUTO_1R1W
INFO: [VRFC 10-2263] Analyzing SystemVerilog file "/home/frank/TurboVLA-codex-T015-b3761ce/build/hls/e2e/e2e_solution/sim/verilog/turbovla_lite_e2e_mul_43ns_36ns_79_2_1.v" into library xil_defaultlib
INFO: [VRFC 10-311] analyzing module turbovla_lite_e2e_mul_43ns_36ns_79_2_1
INFO: [VRFC 10-2263] Analyzing SystemVerilog file "/home/frank/TurboVLA-codex-T015-b3761ce/build/hls/e2e/e2e_solution/sim/verilog/dataflow_monitor.sv" into library xil_defaultlib
INFO: [VRFC 10-311] analyzing module dataflow_monitor
INFO: [VRFC 10-2263] Analyzing SystemVerilog file "/home/frank/TurboVLA-codex-T015-b3761ce/build/hls/e2e/e2e_solution/sim/verilog/file_agent/file_agent_pkg.sv" into library xil_defaultlib
INFO: [VRFC 10-2263] Analyzing SystemVerilog file "/home/frank/TurboVLA-codex-T015-b3761ce/build/hls/e2e/e2e_solution/sim/verilog/axivip/axi_pkg.sv" into library xil_defaultlib
INFO: [VRFC 10-2263] Analyzing SystemVerilog file "/home/frank/TurboVLA-codex-T015-b3761ce/build/hls/e2e/e2e_solution/sim/verilog/axivip/axi_if.sv" into library xil_defaultlib
INFO: [VRFC 10-2263] Analyzing SystemVerilog file "/home/frank/TurboVLA-codex-T015-b3761ce/build/hls/e2e/e2e_solution/sim/verilog/turbovla_lite_e2e_subsystem/turbovla_lite_e2e_subsystem_pkg.sv" into library xil_defaultlib
INFO: [VRFC 10-2263] Analyzing SystemVerilog file "/home/frank/TurboVLA-codex-T015-b3761ce/build/hls/e2e/e2e_solution/sim/verilog/svtb/misc_interface.sv" into library xil_defaultlib
INFO: [VRFC 10-2263] Analyzing SystemVerilog file "/home/frank/TurboVLA-codex-T015-b3761ce/build/hls/e2e/e2e_solution/sim/verilog/svtb/sv_module_top.sv" into library xil_defaultlib
INFO: [VRFC 10-311] analyzing module sv_module_top
INFO: [VRFC 10-163] Analyzing VHDL file "/home/frank/TurboVLA-codex-T015-b3761ce/build/hls/e2e/e2e_solution/sim/verilog/ip/xil_defaultlib/turbovla_lite_e2e_fadd_32ns_32ns_32_8_full_dsp_1_ip.vhd" into library xil_defaultlib
INFO: [VRFC 10-3107] analyzing entity 'turbovla_lite_e2e_fadd_32ns_32ns_32_8_full_dsp_1_ip'
INFO: [VRFC 10-163] Analyzing VHDL file "/home/frank/TurboVLA-codex-T015-b3761ce/build/hls/e2e/e2e_solution/sim/verilog/ip/xil_defaultlib/turbovla_lite_e2e_fdiv_32ns_32ns_32_16_no_dsp_0_ip.vhd" into library xil_defaultlib
INFO: [VRFC 10-3107] analyzing entity 'turbovla_lite_e2e_fdiv_32ns_32ns_32_16_no_dsp_0_ip'
INFO: [VRFC 10-163] Analyzing VHDL file "/home/frank/TurboVLA-codex-T015-b3761ce/build/hls/e2e/e2e_solution/sim/verilog/ip/xil_defaultlib/turbovla_lite_e2e_dadd_64ns_64ns_64_9_full_dsp_0_ip.vhd" into library xil_defaultlib
INFO: [VRFC 10-3107] analyzing entity 'turbovla_lite_e2e_dadd_64ns_64ns_64_9_full_dsp_0_ip'
INFO: [VRFC 10-163] Analyzing VHDL file "/home/frank/TurboVLA-codex-T015-b3761ce/build/hls/e2e/e2e_solution/sim/verilog/ip/xil_defaultlib/turbovla_lite_e2e_fexp_32ns_32ns_32_13_full_dsp_1_ip.vhd" into library xil_defaultlib
INFO: [VRFC 10-3107] analyzing entity 'turbovla_lite_e2e_fexp_32ns_32ns_32_13_full_dsp_1_ip'
INFO: [VRFC 10-163] Analyzing VHDL file "/home/frank/TurboVLA-codex-T015-b3761ce/build/hls/e2e/e2e_solution/sim/verilog/ip/xil_defaultlib/turbovla_lite_e2e_faddfsub_32ns_32ns_32_8_full_dsp_1_ip.vhd" into library xil_defaultlib
INFO: [VRFC 10-3107] analyzing entity 'turbovla_lite_e2e_faddfsub_32ns_32ns_32_8_full_dsp_1_ip'
INFO: [VRFC 10-163] Analyzing VHDL file "/home/frank/TurboVLA-codex-T015-b3761ce/build/hls/e2e/e2e_solution/sim/verilog/ip/xil_defaultlib/turbovla_lite_e2e_sitofp_32ns_32_6_no_dsp_1_ip.vhd" into library xil_defaultlib
INFO: [VRFC 10-3107] analyzing entity 'turbovla_lite_e2e_sitofp_32ns_32_6_no_dsp_1_ip'
INFO: [VRFC 10-163] Analyzing VHDL file "/home/frank/TurboVLA-codex-T015-b3761ce/build/hls/e2e/e2e_solution/sim/verilog/ip/xil_defaultlib/turbovla_lite_e2e_fpext_32ns_64_2_no_dsp_0_ip.vhd" into library xil_defaultlib
INFO: [VRFC 10-3107] analyzing entity 'turbovla_lite_e2e_fpext_32ns_64_2_no_dsp_0_ip'
INFO: [VRFC 10-163] Analyzing VHDL file "/home/frank/TurboVLA-codex-T015-b3761ce/build/hls/e2e/e2e_solution/sim/verilog/ip/xil_defaultlib/turbovla_lite_e2e_fmul_32ns_32ns_32_5_max_dsp_1_ip.vhd" into library xil_defaultlib
INFO: [VRFC 10-3107] analyzing entity 'turbovla_lite_e2e_fmul_32ns_32ns_32_5_max_dsp_1_ip'
INFO: [VRFC 10-163] Analyzing VHDL file "/home/frank/TurboVLA-codex-T015-b3761ce/build/hls/e2e/e2e_solution/sim/verilog/ip/xil_defaultlib/turbovla_lite_e2e_fcmp_32ns_32ns_1_2_no_dsp_0_ip.vhd" into library xil_defaultlib
INFO: [VRFC 10-3107] analyzing entity 'turbovla_lite_e2e_fcmp_32ns_32ns_1_2_no_dsp_0_ip'
INFO: [VRFC 10-163] Analyzing VHDL file "/home/frank/TurboVLA-codex-T015-b3761ce/build/hls/e2e/e2e_solution/sim/verilog/ip/xil_defaultlib/turbovla_lite_e2e_fptrunc_64ns_32_2_no_dsp_0_ip.vhd" into library xil_defaultlib
INFO: [VRFC 10-3107] analyzing entity 'turbovla_lite_e2e_fptrunc_64ns_32_2_no_dsp_0_ip'
INFO: [VRFC 10-163] Analyzing VHDL file "/home/frank/TurboVLA-codex-T015-b3761ce/build/hls/e2e/e2e_solution/sim/verilog/ip/xil_defaultlib/turbovla_lite_e2e_sitofp_32s_32_6_no_dsp_1_ip.vhd" into library xil_defaultlib
INFO: [VRFC 10-3107] analyzing entity 'turbovla_lite_e2e_sitofp_32s_32_6_no_dsp_1_ip'
INFO: [VRFC 10-163] Analyzing VHDL file "/home/frank/TurboVLA-codex-T015-b3761ce/build/hls/e2e/e2e_solution/sim/verilog/ip/xil_defaultlib/turbovla_lite_e2e_uitofp_32ns_32_6_no_dsp_1_ip.vhd" into library xil_defaultlib
INFO: [VRFC 10-3107] analyzing entity 'turbovla_lite_e2e_uitofp_32ns_32_6_no_dsp_1_ip'
INFO: [VRFC 10-163] Analyzing VHDL file "/home/frank/TurboVLA-codex-T015-b3761ce/build/hls/e2e/e2e_solution/sim/verilog/ip/xil_defaultlib/turbovla_lite_e2e_fsub_32ns_32ns_32_8_full_dsp_0_ip.vhd" into library xil_defaultlib
INFO: [VRFC 10-3107] analyzing entity 'turbovla_lite_e2e_fsub_32ns_32ns_32_8_full_dsp_0_ip'
Starting static elaboration
Pass Through NonSizing Optimizer
Completed static elaboration
Starting simulation data flow analysis
WARNING: [XSIM 43-4099] "/proj/primebuilds/9999.0_PRIME_0428_0031/installs/data/system_verilog/uvm_1.2/xlnx_uvm_package.sv" Line 4356. Module uvm_pkg doesn't have a timescale but at least one module in design has a timescale.
WARNING: [XSIM 43-4099] "/proj/primebuilds/9999.0_PRIME_0428_0031/installs/data/system_verilog/uvm_1.2/xlnx_uvm_package.sv" Line 4356. Module uvm_pkg doesn't have a timescale but at least one module in design has a timescale.
WARNING: [XSIM 43-4468] File : /proj/primebuilds/9999.0_PRIME_0428_0031/installs/data/system_verilog/uvm_1.2/xlnx_uvm_package.sv, Line : 25994, RANDC variable size more than 8 bits. This will be treated as a RAND variable instead.
Completed simulation data flow analysis
Time Resolution for simulation is 1ps
Compiling package std.standard
Compiling package std.textio
Compiling package ieee.std_logic_1164
Compiling package ieee.numeric_std
Compiling package floating_point_v7_1_20.floating_point_v7_1_20_viv_comp
Compiling package xbip_utils_v3_0_14.xbip_utils_v3_0_14_pkg
Compiling package axi_utils_v2_0_10.axi_utils_v2_0_10_pkg
Compiling package floating_point_v7_1_20.floating_point_v7_1_20_consts
Compiling package ieee.math_real
Compiling package floating_point_v7_1_20.floating_point_v7_1_20_exp_table...
Compiling package mult_gen_v12_0_23.mult_gen_v12_0_23_pkg
Compiling package ieee.std_logic_arith
Compiling package ieee.std_logic_signed
Compiling package floating_point_v7_1_20.floating_point_v7_1_20_pkg
Compiling package floating_point_v7_1_20.flt_utils
Compiling package unisim.vcomponents
Compiling package xbip_pipe_v3_0_10.xbip_pipe_v3_0_10_viv_comp
Compiling package floating_point_v7_1_20.vt2mutils
Compiling package floating_point_v7_1_20.vt2mcomps
Compiling package ieee.vital_timing
Compiling package ieee.vital_primitives
Compiling package unisim.vpkg
Compiling package xil_defaultlib.$unit_sv_module_top_sv
Compiling package uvm.uvm_pkg
Compiling package std.std
Compiling package xil_defaultlib.axi_pkg
Compiling package xil_defaultlib.turbovla_lite_e2e_subsystem_pkg
Compiling package xil_defaultlib.file_agent_pkg
Compiling package xil_defaultlib.$unit_dataflow_monitor_sv
Compiling module xil_defaultlib.turbovla_lite_e2e_p_anonymous_na...
Compiling module xil_defaultlib.turbovla_lite_e2e_p_anonymous_na...
Compiling module xil_defaultlib.turbovla_lite_e2e_run_visual_RAM...
Compiling module xil_defaultlib.turbovla_lite_e2e_run_language_R...
Compiling module xil_defaultlib.turbovla_lite_e2e_run_fusion_1_R...
Compiling module xil_defaultlib.turbovla_lite_e2e_run_action_RAM...
Compiling module xil_defaultlib.turbovla_lite_e2e_p_anonymous_na...
Compiling module xil_defaultlib.turbovla_lite_e2e_flow_control_l...
Compiling module xil_defaultlib.turbovla_lite_e2e_p_anonymous_na...
Compiling architecture synth of entity xbip_pipe_v3_0_10.xbip_pipe_v3_0_10_viv [\xbip_pipe_v3_0_10_viv(c_has_ce=...]
Compiling architecture rtl of entity floating_point_v7_1_20.delay [\delay(width=23,length=0)\]
Compiling architecture muxcy_v of entity unisim.MUXCY [muxcy_default]
Compiling architecture xorcy_v of entity unisim.XORCY [xorcy_default]
Compiling architecture synth of entity xbip_pipe_v3_0_10.xbip_pipe_v3_0_10_viv [\xbip_pipe_v3_0_10_viv(c_has_ce=...]
Compiling architecture rtl of entity floating_point_v7_1_20.delay [\delay(width=25,length=0,fast_in...]
Compiling architecture struct of entity floating_point_v7_1_20.carry_chain [\carry_chain(c_xdevicefamily="zy...]
Compiling architecture synth of entity floating_point_v7_1_20.flt_div_mant_addsub [\flt_div_mant_addsub(c_xdevicefa...]
Compiling architecture synth of entity xbip_pipe_v3_0_10.xbip_pipe_v3_0_10_viv [\xbip_pipe_v3_0_10_viv(c_has_ce=...]
Compiling architecture rtl of entity floating_point_v7_1_20.delay [\delay(width=26,length=0)\]
Compiling architecture synth of entity xbip_pipe_v3_0_10.xbip_pipe_v3_0_10_viv [\xbip_pipe_v3_0_10_viv(c_has_ce=...]
Compiling architecture rtl of entity floating_point_v7_1_20.delay [\delay(length=0)\]
Compiling architecture synth of entity xbip_pipe_v3_0_10.xbip_pipe_v3_0_10_viv [\xbip_pipe_v3_0_10_viv(c_latency...]
Compiling architecture rtl of entity floating_point_v7_1_20.delay [\delay(width=23)\]
Compiling architecture synth of entity xbip_pipe_v3_0_10.xbip_pipe_v3_0_10_viv [\xbip_pipe_v3_0_10_viv(c_has_ce=...]
Compiling architecture rtl of entity floating_point_v7_1_20.delay [\delay(width=24,length=0)\]
Compiling architecture synth of entity xbip_pipe_v3_0_10.xbip_pipe_v3_0_10_viv [\xbip_pipe_v3_0_10_viv(c_latency...]
Compiling architecture rtl of entity floating_point_v7_1_20.delay [\delay(width=25,fast_input=true)...]
Compiling architecture struct of entity floating_point_v7_1_20.carry_chain [\carry_chain(c_xdevicefamily="zy...]
Compiling architecture synth of entity floating_point_v7_1_20.flt_div_mant_addsub [\flt_div_mant_addsub(c_xdevicefa...]
Compiling architecture synth of entity xbip_pipe_v3_0_10.xbip_pipe_v3_0_10_viv [\xbip_pipe_v3_0_10_viv(c_latency...]
Compiling architecture rtl of entity floating_point_v7_1_20.delay [\delay(width=26)\]
Compiling architecture synth of entity xbip_pipe_v3_0_10.xbip_pipe_v3_0_10_viv [\xbip_pipe_v3_0_10_viv(c_latency...]
Compiling architecture rtl of entity floating_point_v7_1_20.delay [delay_default]
Compiling architecture virtex of entity floating_point_v7_1_20.flt_div_mant [\flt_div_mant(c_xdevicefamily="z...]
Compiling architecture synth of entity xbip_pipe_v3_0_10.xbip_pipe_v3_0_10_viv [\xbip_pipe_v3_0_10_viv(c_latency...]
Compiling architecture rtl of entity floating_point_v7_1_20.delay [\delay(width=10,fast_input=true)...]
Compiling architecture synth of entity xbip_pipe_v3_0_10.xbip_pipe_v3_0_10_viv [\xbip_pipe_v3_0_10_viv(c_has_ce=...]
Compiling architecture rtl of entity floating_point_v7_1_20.delay [\delay(length=0,fast_input=true)...]
Compiling architecture rtl of entity floating_point_v7_1_20.special_detect [\special_detect(c_xdevicefamily=...]
Compiling architecture synth of entity xbip_pipe_v3_0_10.xbip_pipe_v3_0_10_viv [\xbip_pipe_v3_0_10_viv(c_latency...]
Compiling architecture rtl of entity floating_point_v7_1_20.delay [\delay(length=13,fast_input=true...]
Compiling architecture synth of entity xbip_pipe_v3_0_10.xbip_pipe_v3_0_10_viv [\xbip_pipe_v3_0_10_viv(c_latency...]
Compiling architecture rtl of entity floating_point_v7_1_20.delay [\delay(width=2,fast_input=true)\]
Compiling architecture synth of entity xbip_pipe_v3_0_10.xbip_pipe_v3_0_10_viv [\xbip_pipe_v3_0_10_viv(c_latency...]
Compiling architecture rtl of entity floating_point_v7_1_20.delay [\delay(fast_input=true)\]
Compiling architecture synth of entity xbip_pipe_v3_0_10.xbip_pipe_v3_0_10_viv [\xbip_pipe_v3_0_10_viv(c_has_ce=...]
Compiling architecture rtl of entity floating_point_v7_1_20.delay [\delay(width=4,length=0,fast_inp...]
Compiling architecture synth of entity xbip_pipe_v3_0_10.xbip_pipe_v3_0_10_viv [\xbip_pipe_v3_0_10_viv(c_latency...]
Compiling architecture rtl of entity floating_point_v7_1_20.delay [\delay(width=8,length=12)\]
Compiling architecture synth of entity xbip_pipe_v3_0_10.xbip_pipe_v3_0_10_viv [\xbip_pipe_v3_0_10_viv(c_latency...]
Compiling architecture rtl of entity floating_point_v7_1_20.delay [\delay(length=12,fast_input=true...]
Compiling architecture synth of entity xbip_pipe_v3_0_10.xbip_pipe_v3_0_10_viv [\xbip_pipe_v3_0_10_viv(c_latency...]
Compiling architecture rtl of entity floating_point_v7_1_20.delay [\delay(width=3,length=12,fast_in...]
Compiling architecture synth of entity xbip_pipe_v3_0_10.xbip_pipe_v3_0_10_viv [\xbip_pipe_v3_0_10_viv(c_latency...]
Compiling architecture rtl of entity floating_point_v7_1_20.delay [\delay(width=4,length=12,fast_in...]
Compiling architecture synth of entity xbip_pipe_v3_0_10.xbip_pipe_v3_0_10_viv [\xbip_pipe_v3_0_10_viv(c_has_ce=...]
Compiling architecture rtl of entity floating_point_v7_1_20.delay [\delay(width=14,length=0)\]
Compiling architecture rtl of entity floating_point_v7_1_20.flt_div_exp [\flt_div_exp(c_xdevicefamily="no...]
Compiling architecture synth of entity xbip_pipe_v3_0_10.xbip_pipe_v3_0_10_viv [\xbip_pipe_v3_0_10_viv(c_has_ce=...]
Compiling architecture rtl of entity floating_point_v7_1_20.delay [\delay(width=8,length=0)\]
Compiling architecture synth of entity xbip_pipe_v3_0_10.xbip_pipe_v3_0_10_viv [\xbip_pipe_v3_0_10_viv(c_has_ce=...]
Compiling architecture rtl of entity floating_point_v7_1_20.delay [\delay(width=12,length=0,fast_in...]
Compiling architecture struct of entity floating_point_v7_1_20.carry_chain [\carry_chain(c_xdevicefamily="zy...]
Compiling architecture struct of entity floating_point_v7_1_20.carry_chain [\carry_chain(c_xdevicefamily="zy...]
Compiling architecture synth of entity xbip_pipe_v3_0_10.xbip_pipe_v3_0_10_viv [\xbip_pipe_v3_0_10_viv(c_has_ce=...]
Compiling architecture rtl of entity floating_point_v7_1_20.delay [\delay(width=3,length=0)\]
Compiling architecture synth of entity xbip_pipe_v3_0_10.xbip_pipe_v3_0_10_viv [\xbip_pipe_v3_0_10_viv(c_has_ce=...]
Compiling architecture rtl of entity floating_point_v7_1_20.delay [\delay(width=2,length=0)\]
Compiling architecture synth of entity xbip_pipe_v3_0_10.xbip_pipe_v3_0_10_viv [\xbip_pipe_v3_0_10_viv(c_has_ce=...]
Compiling architecture rtl of entity floating_point_v7_1_20.delay [\delay(width=2,length=0,fast_inp...]
Compiling architecture struct of entity floating_point_v7_1_20.carry_chain [\carry_chain(c_xdevicefamily="zy...]
Compiling architecture rtl of entity floating_point_v7_1_20.flt_round_bit [\flt_round_bit(c_xdevicefamily="...]
Compiling architecture rtl of entity floating_point_v7_1_20.renorm_and_round_logic [\renorm_and_round_logic(c_xdevic...]
Compiling architecture synth of entity floating_point_v7_1_20.flt_dec_op_lat [\flt_dec_op_lat(c_xdevicefamily=...]
Compiling architecture virtex of entity floating_point_v7_1_20.flt_div [\flt_div(c_xdevicefamily="zynqup...]
Compiling architecture synth of entity xbip_pipe_v3_0_10.xbip_pipe_v3_0_10_viv [\xbip_pipe_v3_0_10_viv(c_latency...]
Compiling architecture synth of entity xbip_pipe_v3_0_10.xbip_pipe_v3_0_10_viv [\xbip_pipe_v3_0_10_viv(c_has_ce=...]
Compiling architecture rtl of entity floating_point_v7_1_20.delay [\delay(width=32,length=0)\]
Compiling architecture xilinx of entity floating_point_v7_1_20.floating_point_v7_1_20_viv [\floating_point_v7_1_20_viv(c_xd...]
Compiling architecture xilinx of entity floating_point_v7_1_20.floating_point_v7_1_20 [\floating_point_v7_1_20(c_xdevic...]
Compiling architecture turbovla_lite_e2e_fdiv_32ns_32ns_32_16_no_dsp_0_ip_arch of entity xil_defaultlib.turbovla_lite_e2e_fdiv_32ns_32ns_32_16_no_dsp_0_ip [turbovla_lite_e2e_fdiv_32ns_32ns...]
Compiling module xil_defaultlib.turbovla_lite_e2e_fdiv_32ns_32ns...
Compiling architecture synth of entity floating_point_v7_1_20.compare_eq_im [\compare_eq_im(c_xdevicefamily="...]
Compiling architecture synth of entity xbip_pipe_v3_0_10.xbip_pipe_v3_0_10_viv [\xbip_pipe_v3_0_10_viv(c_has_ce=...]
Compiling architecture rtl of entity floating_point_v7_1_20.delay [\delay(width=4,length=0)\]
Compiling architecture struct of entity floating_point_v7_1_20.carry_chain [\carry_chain(c_xdevicefamily="zy...]
Compiling architecture synth of entity floating_point_v7_1_20.compare_ne_im [\compare_ne_im(c_xdevicefamily="...]
Compiling architecture struct of entity floating_point_v7_1_20.carry_chain [\carry_chain(c_xdevicefamily="zy...]
Compiling architecture synth of entity floating_point_v7_1_20.compare_eq_im [\compare_eq_im(c_xdevicefamily="...]
Compiling architecture synth of entity xbip_pipe_v3_0_10.xbip_pipe_v3_0_10_viv [\xbip_pipe_v3_0_10_viv(c_has_ce=...]
Compiling architecture rtl of entity floating_point_v7_1_20.delay [\delay(width=11,length=0)\]
Compiling architecture struct of entity floating_point_v7_1_20.carry_chain [\carry_chain(c_xdevicefamily="zy...]
Compiling architecture synth of entity floating_point_v7_1_20.compare_eq [\compare_eq(c_xdevicefamily="zyn...]
Compiling architecture synth of entity xbip_pipe_v3_0_10.xbip_pipe_v3_0_10_viv [\xbip_pipe_v3_0_10_viv(c_has_ce=...]
Compiling architecture rtl of entity floating_point_v7_1_20.delay [\delay(width=16,length=0)\]
Compiling architecture struct of entity floating_point_v7_1_20.carry_chain [\carry_chain(c_xdevicefamily="zy...]
Compiling architecture synth of entity floating_point_v7_1_20.compare_gt [\compare_gt(c_xdevicefamily="zyn...]
Compiling architecture rtl of entity floating_point_v7_1_20.fp_cmp [\fp_cmp(c_xdevicefamily="zynqupl...]
Compiling architecture xilinx of entity floating_point_v7_1_20.floating_point_v7_1_20_viv [\floating_point_v7_1_20_viv(c_xd...]
Compiling architecture xilinx of entity floating_point_v7_1_20.floating_point_v7_1_20 [\floating_point_v7_1_20(c_xdevic...]
Compiling architecture turbovla_lite_e2e_fcmp_32ns_32ns_1_2_no_dsp_0_ip_arch of entity xil_defaultlib.turbovla_lite_e2e_fcmp_32ns_32ns_1_2_no_dsp_0_ip [turbovla_lite_e2e_fcmp_32ns_32ns...]
Compiling module xil_defaultlib.turbovla_lite_e2e_fcmp_32ns_32ns...
Compiling module xil_defaultlib.turbovla_lite_e2e_sparsemux_7_2_...
Compiling module xil_defaultlib.turbovla_lite_e2e_p_anonymous_na...
Compiling architecture rtl of entity floating_point_v7_1_20.norm_zero_det [\norm_zero_det(data_width=7,norm...]
Compiling architecture synth of entity xbip_pipe_v3_0_10.xbip_pipe_v3_0_10_viv [\xbip_pipe_v3_0_10_viv(c_latency...]
Compiling architecture rtl of entity floating_point_v7_1_20.delay [\delay(width=4,fast_input=true)\]
Compiling architecture rtl of entity floating_point_v7_1_20.mux4 [\mux4(c_xdevicefamily="zynquplus...]
Compiling architecture synth of entity xbip_pipe_v3_0_10.xbip_pipe_v3_0_10_viv [\xbip_pipe_v3_0_10_viv(c_latency...]
Compiling architecture rtl of entity floating_point_v7_1_20.delay [\delay(width=2,length=2)\]
Compiling architecture rtl of entity floating_point_v7_1_20.mux4 [\mux4(c_xdevicefamily="zynquplus...]
Compiling architecture synth of entity xbip_pipe_v3_0_10.xbip_pipe_v3_0_10_viv [\xbip_pipe_v3_0_10_viv(c_latency...]
Compiling architecture rtl of entity floating_point_v7_1_20.delay [\delay(width=2)\]
Compiling architecture synth of entity xbip_pipe_v3_0_10.xbip_pipe_v3_0_10_viv [\xbip_pipe_v3_0_10_viv(c_has_ce=...]
Compiling architecture rtl of entity floating_point_v7_1_20.delay [\delay(width=8,length=0,fast_inp...]
Compiling architecture struct of entity floating_point_v7_1_20.carry_chain [\carry_chain(c_xdevicefamily="zy...]
Compiling architecture rtl of entity floating_point_v7_1_20.lead_zero_encode [\lead_zero_encode(c_xdevicefamil...]
Compiling architecture synth of entity xbip_pipe_v3_0_10.xbip_pipe_v3_0_10_viv [\xbip_pipe_v3_0_10_viv(c_latency...]
Compiling architecture rtl of entity floating_point_v7_1_20.delay [\delay(width=32)\]
Compiling architecture rtl of entity floating_point_v7_1_20.shift_msb_first [\shift_msb_first(a_width=32,resu...]
Compiling architecture synth of entity xbip_pipe_v3_0_10.xbip_pipe_v3_0_10_viv [\xbip_pipe_v3_0_10_viv(c_latency...]
Compiling architecture rtl of entity floating_point_v7_1_20.delay [\delay(width=8)\]
Compiling architecture synth of entity xbip_pipe_v3_0_10.xbip_pipe_v3_0_10_viv [\xbip_pipe_v3_0_10_viv(c_latency...]
Compiling architecture rtl of entity floating_point_v7_1_20.delay [\delay(width=12)\]
Compiling architecture struct of entity floating_point_v7_1_20.carry_chain [\carry_chain(c_xdevicefamily="zy...]
Compiling architecture synth of entity xbip_pipe_v3_0_10.xbip_pipe_v3_0_10_viv [\xbip_pipe_v3_0_10_viv(c_latency...]
Compiling architecture rtl of entity floating_point_v7_1_20.delay [\delay(width=11)\]
Compiling architecture struct of entity floating_point_v7_1_20.carry_chain [\carry_chain(c_xdevicefamily="zy...]
Compiling architecture synth of entity xbip_pipe_v3_0_10.xbip_pipe_v3_0_10_viv [\xbip_pipe_v3_0_10_viv(c_has_ce=...]
Compiling architecture rtl of entity floating_point_v7_1_20.delay [\delay(width=25,length=0)\]
Compiling architecture rtl of entity floating_point_v7_1_20.flt_round_bit [\flt_round_bit(c_xdevicefamily="...]
Compiling architecture rtl of entity floating_point_v7_1_20.renorm_and_round_logic [\renorm_and_round_logic(c_xdevic...]
Compiling architecture synth of entity xbip_pipe_v3_0_10.xbip_pipe_v3_0_10_viv [\xbip_pipe_v3_0_10_viv(c_latency...]
Compiling architecture rtl of entity floating_point_v7_1_20.delay [\delay(length=2)\]
Compiling architecture synth of entity floating_point_v7_1_20.fix_to_flt_conv_exp [\fix_to_flt_conv_exp(c_xdevicefa...]
Compiling architecture synth of entity floating_point_v7_1_20.flt_dec_op [\flt_dec_op(c_xdevicefamily="zyn...]
Compiling architecture struct of entity floating_point_v7_1_20.fix_to_flt_conv [\fix_to_flt_conv(c_xdevicefamily...]
Compiling architecture synth of entity xbip_pipe_v3_0_10.xbip_pipe_v3_0_10_viv [\xbip_pipe_v3_0_10_viv(c_latency...]
Compiling architecture xilinx of entity floating_point_v7_1_20.floating_point_v7_1_20_viv [\floating_point_v7_1_20_viv(c_xd...]
Compiling architecture xilinx of entity floating_point_v7_1_20.floating_point_v7_1_20 [\floating_point_v7_1_20(c_xdevic...]
Compiling architecture turbovla_lite_e2e_uitofp_32ns_32_6_no_dsp_1_ip_arch of entity xil_defaultlib.turbovla_lite_e2e_uitofp_32ns_32_6_no_dsp_1_ip [turbovla_lite_e2e_uitofp_32ns_32...]
Compiling module xil_defaultlib.turbovla_lite_e2e_uitofp_32ns_32...
Compiling architecture synth of entity xbip_pipe_v3_0_10.xbip_pipe_v3_0_10_viv [\xbip_pipe_v3_0_10_viv(c_has_ce=...]
Compiling architecture rtl of entity floating_point_v7_1_20.delay [\delay(width=31,length=0)\]
Compiling architecture struct of entity floating_point_v7_1_20.carry_chain [\carry_chain(c_xdevicefamily="zy...]
Compiling architecture synth of entity xbip_pipe_v3_0_10.xbip_pipe_v3_0_10_viv [\xbip_pipe_v3_0_10_viv(c_latency...]
Compiling architecture rtl of entity floating_point_v7_1_20.delay [\delay(width=4)\]
Compiling architecture rtl of entity floating_point_v7_1_20.norm_zero_det [\norm_zero_det(data_width=7,norm...]
Compiling architecture rtl of entity floating_point_v7_1_20.mux4 [\mux4(c_xdevicefamily="zynquplus...]
Compiling architecture fdre_v of entity unisim.FDRE [fdre_default]
Compiling architecture fde_v of entity unisim.FDE [fde_default]
Compiling architecture struct of entity floating_point_v7_1_20.carry_chain [\carry_chain(c_xdevicefamily="zy...]
Compiling architecture rtl of entity floating_point_v7_1_20.lead_zero_encode [\lead_zero_encode(c_xdevicefamil...]
Compiling architecture rtl of entity floating_point_v7_1_20.shift_msb_first [\shift_msb_first(a_width=32,resu...]
Compiling architecture synth of entity xbip_pipe_v3_0_10.xbip_pipe_v3_0_10_viv [\xbip_pipe_v3_0_10_viv(c_has_ce=...]
Compiling architecture rtl of entity floating_point_v7_1_20.delay [\delay(width=12,length=0)\]
Compiling architecture struct of entity floating_point_v7_1_20.carry_chain [\carry_chain(c_xdevicefamily="zy...]
Compiling architecture struct of entity floating_point_v7_1_20.carry_chain [\carry_chain(c_xdevicefamily="zy...]
Compiling architecture rtl of entity floating_point_v7_1_20.renorm_and_round_logic [\renorm_and_round_logic(c_xdevic...]
Compiling architecture synth of entity xbip_pipe_v3_0_10.xbip_pipe_v3_0_10_viv [\xbip_pipe_v3_0_10_viv(c_latency...]
Compiling architecture rtl of entity floating_point_v7_1_20.delay [\delay(length=3)\]
Compiling architecture synth of entity floating_point_v7_1_20.fix_to_flt_conv_exp [\fix_to_flt_conv_exp(c_xdevicefa...]
Compiling architecture struct of entity floating_point_v7_1_20.fix_to_flt_conv [\fix_to_flt_conv(c_xdevicefamily...]
Compiling architecture xilinx of entity floating_point_v7_1_20.floating_point_v7_1_20_viv [\floating_point_v7_1_20_viv(c_xd...]
Compiling architecture xilinx of entity floating_point_v7_1_20.floating_point_v7_1_20 [\floating_point_v7_1_20(c_xdevic...]
Compiling architecture turbovla_lite_e2e_sitofp_32s_32_6_no_dsp_1_ip_arch of entity xil_defaultlib.turbovla_lite_e2e_sitofp_32s_32_6_no_dsp_1_ip [turbovla_lite_e2e_sitofp_32s_32_...]
Compiling module xil_defaultlib.turbovla_lite_e2e_sitofp_32s_32_...
Compiling module xil_defaultlib.turbovla_lite_e2e_mul_8s_8s_16_1...
Compiling module xil_defaultlib.turbovla_lite_e2e_mac_muladd_8s_...
Compiling module xil_defaultlib.turbovla_lite_e2e_mac_muladd_8s_...
Compiling module xil_defaultlib.turbovla_lite_e2e_mac_muladd_8s_...
Compiling module xil_defaultlib.turbovla_lite_e2e_mac_muladd_8s_...
Compiling module xil_defaultlib.turbovla_lite_e2e_p_anonymous_na...
Compiling module xil_defaultlib.turbovla_lite_e2e_p_anonymous_na...
Compiling module xil_defaultlib.turbovla_lite_e2e_p_anonymous_na...
Compiling module xil_defaultlib.turbovla_lite_e2e_run_Pipeline_V...
Compiling module xil_defaultlib.turbovla_lite_e2e_p_anonymous_na...
Compiling module xil_defaultlib.turbovla_lite_e2e_p_anonymous_na...
Compiling module xil_defaultlib.turbovla_lite_e2e_p_anonymous_na...
Compiling module xil_defaultlib.turbovla_lite_e2e_p_anonymous_na...
Compiling module xil_defaultlib.turbovla_lite_e2e_mac_muladd_8s_...
Compiling module xil_defaultlib.turbovla_lite_e2e_mac_muladd_8s_...
Compiling module xil_defaultlib.turbovla_lite_e2e_p_anonymous_na...
Compiling module xil_defaultlib.turbovla_lite_e2e_mac_muladd_8s_...
Compiling module xil_defaultlib.turbovla_lite_e2e_mac_muladd_8s_...
Compiling module xil_defaultlib.turbovla_lite_e2e_p_anonymous_na...
Compiling module xil_defaultlib.turbovla_lite_e2e_p_anonymous_na...
Compiling module xil_defaultlib.turbovla_lite_e2e_p_anonymous_na...
Compiling module xil_defaultlib.turbovla_lite_e2e_p_anonymous_na...
Compiling module xil_defaultlib.turbovla_lite_e2e_p_anonymous_na...
Compiling module xil_defaultlib.turbovla_lite_e2e_p_anonymous_na...
Compiling module xil_defaultlib.turbovla_lite_e2e_p_anonymous_na...
Compiling module xil_defaultlib.turbovla_lite_e2e_p_anonymous_na...
Compiling module xil_defaultlib.turbovla_lite_e2e_p_anonymous_na...
Compiling module xil_defaultlib.turbovla_lite_e2e_p_anonymous_na...
Compiling module xil_defaultlib.turbovla_lite_e2e_p_anonymous_na...
Compiling module xil_defaultlib.turbovla_lite_e2e_p_anonymous_na...
Compiling module xil_defaultlib.turbovla_lite_e2e_p_anonymous_na...
Compiling module xil_defaultlib.turbovla_lite_e2e_p_anonymous_na...
Compiling module xil_defaultlib.turbovla_lite_e2e_p_anonymous_na...
Compiling module xil_defaultlib.turbovla_lite_e2e_run_Pipeline_V...
Compiling module xil_defaultlib.turbovla_lite_e2e_exp_generic_do...
Compiling module xil_defaultlib.turbovla_lite_e2e_exp_generic_do...
Compiling module xil_defaultlib.turbovla_lite_e2e_exp_generic_do...
Compiling module xil_defaultlib.turbovla_lite_e2e_mul_13s_71s_71...
Compiling module xil_defaultlib.turbovla_lite_e2e_mul_43ns_36ns_...
Compiling module xil_defaultlib.turbovla_lite_e2e_mul_49ns_44ns_...
Compiling module xil_defaultlib.turbovla_lite_e2e_mul_50ns_50ns_...
Compiling module xil_defaultlib.turbovla_lite_e2e_sparsemux_9_3_...
Compiling module xil_defaultlib.turbovla_lite_e2e_mac_muladd_16s...
Compiling module xil_defaultlib.turbovla_lite_e2e_mac_muladd_16s...
Compiling module xil_defaultlib.turbovla_lite_e2e_exp_generic_do...
Compiling architecture synth of entity xbip_pipe_v3_0_10.xbip_pipe_v3_0_10_viv [\xbip_pipe_v3_0_10_viv(c_has_ce=...]
Compiling architecture rtl of entity floating_point_v7_1_20.delay [\delay(width=7,length=0)\]
Compiling architecture struct of entity floating_point_v7_1_20.carry_chain [\carry_chain(c_xdevicefamily="zy...]
Compiling architecture synth of entity floating_point_v7_1_20.compare_eq_im [\compare_eq_im(c_xdevicefamily="...]
Compiling architecture struct of entity floating_point_v7_1_20.carry_chain [\carry_chain(c_xdevicefamily="zy...]
Compiling architecture synth of entity xbip_pipe_v3_0_10.xbip_pipe_v3_0_10_viv [\xbip_pipe_v3_0_10_viv(c_has_ce=...]
Compiling architecture rtl of entity floating_point_v7_1_20.delay [\delay(width=24,length=0,fast_in...]
Compiling architecture dsp48e1_v of entity unisim.DSP48E1 [\DSP48E1(acascreg=0,adreg=0,areg...]
Compiling architecture synth of entity xbip_pipe_v3_0_10.xbip_pipe_v3_0_10_viv [\xbip_pipe_v3_0_10_viv(c_has_ce=...]
Compiling architecture rtl of entity floating_point_v7_1_20.delay [\delay(width=48,length=0)\]
Compiling architecture rtl of entity floating_point_v7_1_20.dsp48e1_wrapper [\dsp48e1_wrapper(c_part="xck26-s...]
Compiling architecture synth of entity xbip_pipe_v3_0_10.xbip_pipe_v3_0_10_viv [\xbip_pipe_v3_0_10_viv(c_latency...]
Compiling architecture rtl of entity floating_point_v7_1_20.delay [\delay(width=13)\]
Compiling architecture synth of entity xbip_pipe_v3_0_10.xbip_pipe_v3_0_10_viv [\xbip_pipe_v3_0_10_viv(c_latency...]
Compiling architecture rtl of entity floating_point_v7_1_20.delay [\delay(width=27)\]
Compiling architecture synth of entity floating_point_v7_1_20.align_add_dsp48e1_sgl [\align_add_dsp48e1_sgl(c_xdevice...]
Compiling architecture lut5_v of entity unisim.LUT5 [\LUT5(init="00000000000000001111...]
Compiling architecture lut5_v of entity unisim.LUT5 [\LUT5(init="00000000000000000000...]
Compiling architecture synth of entity xbip_pipe_v3_0_10.xbip_pipe_v3_0_10_viv [\xbip_pipe_v3_0_10_viv(c_has_ce=...]
Compiling architecture rtl of entity floating_point_v7_1_20.delay [\delay(width=27,length=0)\]
Compiling architecture synth of entity xbip_pipe_v3_0_10.xbip_pipe_v3_0_10_viv [\xbip_pipe_v3_0_10_viv(c_latency...]
Compiling architecture rtl of entity floating_point_v7_1_20.delay [\delay(width=16)\]
Compiling architecture synth of entity xbip_pipe_v3_0_10.xbip_pipe_v3_0_10_viv [\xbip_pipe_v3_0_10_viv(c_latency...]
Compiling architecture rtl of entity floating_point_v7_1_20.delay [\delay(width=5)\]
Compiling architecture rtl of entity floating_point_v7_1_20.lead_zero_encode_shift [\lead_zero_encode_shift(ab_fw=24...]
Compiling architecture lut6_v of entity unisim.LUT6 [\LUT6(init="11111110010101001011...]
Compiling architecture lut5_v of entity unisim.LUT5 [\LUT5(init="00010001010111110000...]
Compiling architecture lut5_v of entity unisim.LUT5 [\LUT5(init="11101110101000001111...]
Compiling architecture dsp48e1_v of entity unisim.DSP48E1 [\DSP48E1(adreg=0,bcascreg=0,breg...]
Compiling architecture rtl of entity floating_point_v7_1_20.dsp48e1_wrapper [\dsp48e1_wrapper(a_width=24,c_wi...]
Compiling architecture rtl of entity floating_point_v7_1_20.norm_and_round_dsp48e1_sgl [\norm_and_round_dsp48e1_sgl(c_mu...]
Compiling architecture lut5_v of entity unisim.LUT5 [\LUT5(init="10011001100110011001...]
Compiling architecture lut5_v of entity unisim.LUT5 [\LUT5(init="11111111000000001111...]
Compiling architecture synth of entity xbip_pipe_v3_0_10.xbip_pipe_v3_0_10_viv [\xbip_pipe_v3_0_10_viv(c_has_ce=...]
Compiling architecture rtl of entity floating_point_v7_1_20.delay [\delay(width=9,length=0)\]
Compiling architecture struct of entity floating_point_v7_1_20.carry_chain [\carry_chain(c_xdevicefamily="zy...]
Compiling architecture synth of entity xbip_pipe_v3_0_10.xbip_pipe_v3_0_10_viv [\xbip_pipe_v3_0_10_viv(c_latency...]
Compiling architecture rtl of entity floating_point_v7_1_20.delay [\delay(width=9,length=3)\]
Compiling architecture synth of entity xbip_pipe_v3_0_10.xbip_pipe_v3_0_10_viv [\xbip_pipe_v3_0_10_viv(c_has_ce=...]
Compiling architecture rtl of entity floating_point_v7_1_20.delay [\delay(width=10,length=0)\]
Compiling architecture struct of entity floating_point_v7_1_20.carry_chain [\carry_chain(c_xdevicefamily="zy...]
Compiling architecture synth of entity floating_point_v7_1_20.compare_eq_im [\compare_eq_im(c_xdevicefamily="...]
Compiling architecture rtl of entity floating_point_v7_1_20.special_detect [\special_detect(c_xdevicefamily=...]
Compiling architecture struct of entity floating_point_v7_1_20.carry_chain [\carry_chain(c_xdevicefamily="zy...]
Compiling architecture synth of entity floating_point_v7_1_20.compare_gt [\compare_gt(c_xdevicefamily="zyn...]
Compiling architecture synth of entity floating_point_v7_1_20.compare [\compare(c_xdevicefamily="zynqup...]
Compiling architecture synth of entity xbip_pipe_v3_0_10.xbip_pipe_v3_0_10_viv [\xbip_pipe_v3_0_10_viv(c_latency...]
Compiling architecture rtl of entity floating_point_v7_1_20.delay [\delay(width=9)\]
Compiling architecture synth of entity xbip_pipe_v3_0_10.xbip_pipe_v3_0_10_viv [\xbip_pipe_v3_0_10_viv(c_latency...]
Compiling architecture rtl of entity floating_point_v7_1_20.delay [\delay(width=2,length=4,fast_inp...]
Compiling architecture rtl of entity floating_point_v7_1_20.delay [\delay(length=4,fast_input=true)...]
Compiling architecture synth of entity xbip_pipe_v3_0_10.xbip_pipe_v3_0_10_viv [\xbip_pipe_v3_0_10_viv(c_latency...]
Compiling architecture rtl of entity floating_point_v7_1_20.delay [\delay(length=2,fast_input=true)...]
Compiling architecture rtl of entity floating_point_v7_1_20.flt_add_exp_sp [\flt_add_exp_sp(c_xdevicefamily=...]
Compiling architecture rtl of entity floating_point_v7_1_20.flt_add_dsp [\flt_add_dsp(c_xdevicefamily="zy...]
Compiling architecture rtl of entity floating_point_v7_1_20.flt_add [\flt_add(c_xdevicefamily="zynqup...]
Compiling architecture synth of entity xbip_pipe_v3_0_10.xbip_pipe_v3_0_10_viv [\xbip_pipe_v3_0_10_viv(c_latency...]
Compiling architecture xilinx of entity floating_point_v7_1_20.floating_point_v7_1_20_viv [\floating_point_v7_1_20_viv(c_xd...]
Compiling architecture xilinx of entity floating_point_v7_1_20.floating_point_v7_1_20 [\floating_point_v7_1_20(c_xdevic...]
Compiling architecture turbovla_lite_e2e_fadd_32ns_32ns_32_8_full_dsp_1_ip_arch of entity xil_defaultlib.turbovla_lite_e2e_fadd_32ns_32ns_32_8_full_dsp_1_ip [turbovla_lite_e2e_fadd_32ns_32ns...]
Compiling module xil_defaultlib.turbovla_lite_e2e_fadd_32ns_32ns...
Compiling architecture rtl of entity floating_point_v7_1_20.flt_add [\flt_add(c_xdevicefamily="zynqup...]
Compiling architecture xilinx of entity floating_point_v7_1_20.floating_point_v7_1_20_viv [\floating_point_v7_1_20_viv(c_xd...]
Compiling architecture xilinx of entity floating_point_v7_1_20.floating_point_v7_1_20 [\floating_point_v7_1_20(c_xdevic...]
Compiling architecture turbovla_lite_e2e_fsub_32ns_32ns_32_8_full_dsp_0_ip_arch of entity xil_defaultlib.turbovla_lite_e2e_fsub_32ns_32ns_32_8_full_dsp_0_ip [turbovla_lite_e2e_fsub_32ns_32ns...]
Compiling module xil_defaultlib.turbovla_lite_e2e_fsub_32ns_32ns...
Compiling architecture dsp48e1_v of entity unisim.DSP48E1 [\DSP48E1(acascreg=0,adreg=0,alum...]
Compiling architecture synth of entity xbip_pipe_v3_0_10.xbip_pipe_v3_0_10_viv [\xbip_pipe_v3_0_10_viv(c_has_ce=...]
Compiling architecture rtl of entity floating_point_v7_1_20.delay [\delay(width=17,length=0)\]
Compiling architecture rtl of entity floating_point_v7_1_20.dsp48e1_wrapper [\dsp48e1_wrapper(a_width=24,b_wi...]
Compiling architecture dsp48e1_v of entity unisim.DSP48E1 [\DSP48E1(adreg=0,alumodereg=0,a_...]
Compiling architecture rtl of entity floating_point_v7_1_20.dsp48e1_wrapper [\dsp48e1_wrapper(a_width=24,b_wi...]
Compiling architecture struct of entity floating_point_v7_1_20.fix_mult_dsp48e1_sgl [\fix_mult_dsp48e1_sgl(registers=...]
Compiling architecture rtl of entity floating_point_v7_1_20.fix_mult [\fix_mult(c_xdevicefamily="zynqu...]
Compiling architecture synth of entity xbip_pipe_v3_0_10.xbip_pipe_v3_0_10_viv [\xbip_pipe_v3_0_10_viv(c_latency...]
Compiling architecture rtl of entity floating_point_v7_1_20.delay [\delay(width=7)\]
Compiling architecture synth of entity xbip_pipe_v3_0_10.xbip_pipe_v3_0_10_viv [\xbip_pipe_v3_0_10_viv(c_latency...]
Compiling architecture rtl of entity floating_point_v7_1_20.delay [\delay(width=8,fast_input=true)\]
Compiling architecture struct of entity floating_point_v7_1_20.carry_chain [\carry_chain(c_xdevicefamily="zy...]
Compiling architecture synth of entity floating_point_v7_1_20.compare_eq_im [\compare_eq_im(c_xdevicefamily="...]
Compiling architecture rtl of entity floating_point_v7_1_20.special_detect [\special_detect(c_xdevicefamily=...]
Compiling architecture synth of entity xbip_pipe_v3_0_10.xbip_pipe_v3_0_10_viv [\xbip_pipe_v3_0_10_viv(c_has_ce=...]
Compiling architecture rtl of entity floating_point_v7_1_20.delay [\delay(width=3,length=0,fast_inp...]
Compiling architecture rtl of entity floating_point_v7_1_20.flt_mult_exp [\flt_mult_exp(c_xdevicefamily="z...]
Compiling architecture dsp48e1_v of entity unisim.DSP48E1 [\DSP48E1(acascreg=0,adreg=0,alum...]
Compiling architecture synth of entity xbip_pipe_v3_0_10.xbip_pipe_v3_0_10_viv [\xbip_pipe_v3_0_10_viv(c_has_ce=...]
Compiling architecture rtl of entity floating_point_v7_1_20.delay [\delay(width=30,length=0)\]
Compiling architecture synth of entity xbip_pipe_v3_0_10.xbip_pipe_v3_0_10_viv [\xbip_pipe_v3_0_10_viv(c_has_ce=...]
Compiling architecture rtl of entity floating_point_v7_1_20.delay [\delay(width=18,length=0)\]
Compiling architecture rtl of entity floating_point_v7_1_20.dsp48e1_wrapper [\dsp48e1_wrapper(a_width=30,b_wi...]
Compiling architecture struct of entity floating_point_v7_1_20.flt_round_dsp_opt_full [\flt_round_dsp_opt_full(c_xdevic...]
Compiling architecture rtl of entity floating_point_v7_1_20.flt_mult_round [\flt_mult_round(c_xdevicefamily=...]
Compiling architecture synth of entity floating_point_v7_1_20.flt_dec_op_lat [\flt_dec_op_lat(c_xdevicefamily=...]
Compiling architecture rtl of entity floating_point_v7_1_20.flt_mult [\flt_mult(c_xdevicefamily="zynqu...]
Compiling architecture synth of entity xbip_pipe_v3_0_10.xbip_pipe_v3_0_10_viv [\xbip_pipe_v3_0_10_viv(c_latency...]
Compiling architecture xilinx of entity floating_point_v7_1_20.floating_point_v7_1_20_viv [\floating_point_v7_1_20_viv(c_xd...]
Compiling architecture xilinx of entity floating_point_v7_1_20.floating_point_v7_1_20 [\floating_point_v7_1_20(c_xdevic...]
Compiling architecture turbovla_lite_e2e_fmul_32ns_32ns_32_5_max_dsp_1_ip_arch of entity xil_defaultlib.turbovla_lite_e2e_fmul_32ns_32ns_32_5_max_dsp_1_ip [turbovla_lite_e2e_fmul_32ns_32ns...]
Compiling module xil_defaultlib.turbovla_lite_e2e_fmul_32ns_32ns...
Compiling architecture synth of entity xbip_pipe_v3_0_10.xbip_pipe_v3_0_10_viv [\xbip_pipe_v3_0_10_viv(c_has_ce=...]
Compiling architecture rtl of entity floating_point_v7_1_20.delay [\delay(width=5,length=0)\]
Compiling architecture struct of entity floating_point_v7_1_20.carry_chain [\carry_chain(c_xdevicefamily="zy...]
Compiling architecture synth of entity floating_point_v7_1_20.compare_ne_im [\compare_ne_im(c_xdevicefamily="...]
Compiling architecture struct of entity floating_point_v7_1_20.carry_chain [\carry_chain(c_xdevicefamily="zy...]
Compiling architecture rtl of entity floating_point_v7_1_20.flt_round_bit [\flt_round_bit(c_xdevicefamily="...]
Compiling architecture rtl of entity floating_point_v7_1_20.renorm_and_round_logic [\renorm_and_round_logic(c_xdevic...]
Compiling architecture struct of entity floating_point_v7_1_20.carry_chain [\carry_chain(c_xdevicefamily="ki...]
Compiling architecture synth of entity floating_point_v7_1_20.compare_eq_im [\compare_eq_im(c_xdevicefamily="...]
Compiling architecture rtl of entity floating_point_v7_1_20.special_detect [\special_detect(a_w=64,a_fw=53,o...]
Compiling architecture rtl of entity floating_point_v7_1_20.flt_to_flt_conv_exp [\flt_to_flt_conv_exp(a_w=64,a_ew...]
Compiling architecture synth of entity floating_point_v7_1_20.flt_dec_op [\flt_dec_op(c_xdevicefamily="zyn...]
Compiling architecture rtl of entity floating_point_v7_1_20.flt_to_flt_conv [\flt_to_flt_conv(c_xdevicefamily...]
Compiling architecture xilinx of entity floating_point_v7_1_20.floating_point_v7_1_20_viv [\floating_point_v7_1_20_viv(c_xd...]
Compiling architecture xilinx of entity floating_point_v7_1_20.floating_point_v7_1_20 [\floating_point_v7_1_20(c_xdevic...]
Compiling architecture turbovla_lite_e2e_fptrunc_64ns_32_2_no_dsp_0_ip_arch of entity xil_defaultlib.turbovla_lite_e2e_fptrunc_64ns_32_2_no_dsp_0_ip [turbovla_lite_e2e_fptrunc_64ns_3...]
Compiling module xil_defaultlib.turbovla_lite_e2e_fptrunc_64ns_3...
Compiling architecture struct of entity floating_point_v7_1_20.carry_chain [\carry_chain(c_xdevicefamily="ki...]
Compiling architecture synth of entity floating_point_v7_1_20.compare_eq_im [\compare_eq_im(c_xdevicefamily="...]
Compiling architecture rtl of entity floating_point_v7_1_20.special_detect [\special_detect(a_fw=24,op_delay...]
Compiling architecture rtl of entity floating_point_v7_1_20.flt_to_flt_conv_exp [\flt_to_flt_conv_exp(r_w=64,r_ew...]
Compiling architecture synth of entity floating_point_v7_1_20.flt_dec_op [\flt_dec_op(c_xdevicefamily="zyn...]
Compiling architecture rtl of entity floating_point_v7_1_20.flt_to_flt_conv [\flt_to_flt_conv(c_xdevicefamily...]
Compiling architecture synth of entity xbip_pipe_v3_0_10.xbip_pipe_v3_0_10_viv [\xbip_pipe_v3_0_10_viv(c_has_ce=...]
Compiling architecture rtl of entity floating_point_v7_1_20.delay [\delay(width=64,length=0)\]
Compiling architecture xilinx of entity floating_point_v7_1_20.floating_point_v7_1_20_viv [\floating_point_v7_1_20_viv(c_xd...]
Compiling architecture xilinx of entity floating_point_v7_1_20.floating_point_v7_1_20 [\floating_point_v7_1_20(c_xdevic...]
Compiling architecture turbovla_lite_e2e_fpext_32ns_64_2_no_dsp_0_ip_arch of entity xil_defaultlib.turbovla_lite_e2e_fpext_32ns_64_2_no_dsp_0_ip [turbovla_lite_e2e_fpext_32ns_64_...]
Compiling module xil_defaultlib.turbovla_lite_e2e_fpext_32ns_64_...
Compiling architecture synth of entity xbip_pipe_v3_0_10.xbip_pipe_v3_0_10_viv [\xbip_pipe_v3_0_10_viv(c_latency...]
Compiling architecture rtl of entity floating_point_v7_1_20.delay [\delay(width=52)\]
Compiling architecture synth of entity xbip_pipe_v3_0_10.xbip_pipe_v3_0_10_viv [\xbip_pipe_v3_0_10_viv(c_has_ce=...]
Compiling architecture rtl of entity floating_point_v7_1_20.delay [\delay(width=54,length=0)\]
Compiling architecture synth of entity xbip_pipe_v3_0_10.xbip_pipe_v3_0_10_viv [\xbip_pipe_v3_0_10_viv(c_has_ce=...]
Compiling architecture rtl of entity floating_point_v7_1_20.delay [\delay(width=11,length=0,fast_in...]
Compiling architecture muxf7_v of entity unisim.MUXF7 [muxf7_default]
Compiling architecture muxf8_v of entity unisim.MUXF8 [muxf8_default]
Compiling architecture struct of entity floating_point_v7_1_20.carry_chain [\carry_chain(c_xdevicefamily="zy...]
Compiling architecture synth of entity floating_point_v7_1_20.compare_eq_im [\compare_eq_im(c_xdevicefamily="...]
Compiling architecture rtl of entity floating_point_v7_1_20.zero_det_sel [\zero_det_sel(c_xdevicefamily="z...]
Compiling architecture synth of entity xbip_pipe_v3_0_10.xbip_pipe_v3_0_10_viv [\xbip_pipe_v3_0_10_viv(c_latency...]
Compiling architecture rtl of entity floating_point_v7_1_20.delay [\delay(width=55)\]
Compiling architecture synth of entity xbip_pipe_v3_0_10.xbip_pipe_v3_0_10_viv [\xbip_pipe_v3_0_10_viv(c_has_ce=...]
Compiling architecture rtl of entity floating_point_v7_1_20.delay [\delay(width=55,length=0)\]
Compiling architecture rtl of entity floating_point_v7_1_20.shift_msb_first [\shift_msb_first(a_width=54,regi...]
Compiling architecture rtl of entity floating_point_v7_1_20.alignment [\alignment(c_xdevicefamily="zynq...]
Compiling architecture synth of entity xbip_pipe_v3_0_10.xbip_pipe_v3_0_10_viv [\xbip_pipe_v3_0_10_viv(c_has_ce=...]
Compiling architecture rtl of entity floating_point_v7_1_20.delay [\delay(width=47,length=0)\]
Compiling architecture dsp48e1_v of entity unisim.DSP48E1 [\DSP48E1(adreg=0,alumodereg=0,ca...]
Compiling architecture rtl of entity floating_point_v7_1_20.dsp48e1_wrapper [\dsp48e1_wrapper(a_width=30,b_wi...]
Compiling architecture dsp48e1_v of entity unisim.DSP48E1 [\DSP48E1(acascreg=0,adreg=0,alum...]
Compiling architecture rtl of entity floating_point_v7_1_20.dsp48e1_wrapper [\dsp48e1_wrapper(a_width=30,b_wi...]
Compiling architecture struct of entity floating_point_v7_1_20.carry_chain [\carry_chain(c_xdevicefamily="zy...]
Compiling architecture synth of entity xbip_pipe_v3_0_10.xbip_pipe_v3_0_10_viv [\xbip_pipe_v3_0_10_viv(c_has_ce=...]
Compiling architecture rtl of entity floating_point_v7_1_20.delay [\delay(width=56,length=0)\]
Compiling architecture synth of entity floating_point_v7_1_20.addsub_dsp [\addsub_dsp(c_xdevicefamily="zyn...]
Compiling architecture rtl of entity floating_point_v7_1_20.addsub [\addsub(c_xdevicefamily="zynqupl...]
Compiling architecture rtl of entity floating_point_v7_1_20.align_add [\align_add(c_xdevicefamily="zynq...]
Compiling architecture synth of entity xbip_pipe_v3_0_10.xbip_pipe_v3_0_10_viv [\xbip_pipe_v3_0_10_viv(c_has_ce=...]
Compiling architecture rtl of entity floating_point_v7_1_20.delay [\delay(width=6,length=0,fast_inp...]
Compiling architecture struct of entity floating_point_v7_1_20.carry_chain [\carry_chain(c_xdevicefamily="zy...]
Compiling architecture rtl of entity floating_point_v7_1_20.mux4 [\mux4(c_xdevicefamily="zynquplus...]
Compiling architecture rtl of entity floating_point_v7_1_20.mux4 [\mux4(c_xdevicefamily="zynquplus...]
Compiling architecture rtl of entity floating_point_v7_1_20.lead_zero_encode [\lead_zero_encode(c_xdevicefamil...]
Compiling architecture synth of entity xbip_pipe_v3_0_10.xbip_pipe_v3_0_10_viv [\xbip_pipe_v3_0_10_viv(c_latency...]
Compiling architecture rtl of entity floating_point_v7_1_20.delay [\delay(width=56)\]
Compiling architecture rtl of entity floating_point_v7_1_20.shift_msb_first [\shift_msb_first(a_width=56,resu...]
Compiling architecture dsp48e1_v of entity unisim.DSP48E1 [\DSP48E1(acascreg=0,adreg=0,areg...]
Compiling architecture rtl of entity floating_point_v7_1_20.dsp48e1_wrapper [\dsp48e1_wrapper(b_width=18,c_wi...]
Compiling architecture synth of entity xbip_pipe_v3_0_10.xbip_pipe_v3_0_10_viv [\xbip_pipe_v3_0_10_viv(c_has_ce=...]
Compiling architecture rtl of entity floating_point_v7_1_20.delay [\delay(width=19,length=0)\]
Compiling architecture struct of entity floating_point_v7_1_20.carry_chain [\carry_chain(c_xdevicefamily="zy...]
Compiling architecture synth of entity xbip_pipe_v3_0_10.xbip_pipe_v3_0_10_viv [\xbip_pipe_v3_0_10_viv(c_has_ce=...]
Compiling architecture rtl of entity floating_point_v7_1_20.delay [\delay(width=28,length=0)\]
Compiling architecture synth of entity xbip_pipe_v3_0_10.xbip_pipe_v3_0_10_viv [\xbip_pipe_v3_0_10_viv(c_latency...]
Compiling architecture rtl of entity floating_point_v7_1_20.delay [\delay(width=29)\]
Compiling architecture rtl of entity floating_point_v7_1_20.flt_round_bit [\flt_round_bit(c_xdevicefamily="...]
Compiling architecture rtl of entity floating_point_v7_1_20.renorm_and_round_logic [\renorm_and_round_logic(c_xdevic...]
Compiling architecture rtl of entity floating_point_v7_1_20.norm_and_round_logic [\norm_and_round_logic(c_xdevicef...]
Compiling architecture synth of entity xbip_pipe_v3_0_10.xbip_pipe_v3_0_10_viv [\xbip_pipe_v3_0_10_viv(c_latency...]
Compiling architecture rtl of entity floating_point_v7_1_20.delay [\delay(length=4)\]
Compiling architecture synth of entity xbip_pipe_v3_0_10.xbip_pipe_v3_0_10_viv [\xbip_pipe_v3_0_10_viv(c_latency...]
Compiling architecture rtl of entity floating_point_v7_1_20.delay [\delay(width=12,length=4)\]
Compiling architecture synth of entity xbip_pipe_v3_0_10.xbip_pipe_v3_0_10_viv [\xbip_pipe_v3_0_10_viv(c_latency...]
Compiling architecture rtl of entity floating_point_v7_1_20.delay [\delay(width=11,fast_input=true)...]
Compiling architecture struct of entity floating_point_v7_1_20.carry_chain [\carry_chain(c_xdevicefamily="zy...]
Compiling architecture synth of entity floating_point_v7_1_20.compare_eq_im [\compare_eq_im(c_xdevicefamily="...]
Compiling architecture rtl of entity floating_point_v7_1_20.special_detect [\special_detect(c_xdevicefamily=...]
Compiling architecture struct of entity floating_point_v7_1_20.carry_chain [\carry_chain(c_xdevicefamily="zy...]
Compiling architecture synth of entity floating_point_v7_1_20.compare_eq [\compare_eq(c_xdevicefamily="zyn...]
Compiling architecture synth of entity floating_point_v7_1_20.compare [\compare(c_xdevicefamily="zynqup...]
Compiling architecture synth of entity xbip_pipe_v3_0_10.xbip_pipe_v3_0_10_viv [\xbip_pipe_v3_0_10_viv(c_latency...]
Compiling architecture rtl of entity floating_point_v7_1_20.delay [\delay(length=5,fast_input=true)...]
Compiling architecture rtl of entity floating_point_v7_1_20.flt_add_exp [\flt_add_exp(c_xdevicefamily="zy...]
Compiling architecture synth of entity floating_point_v7_1_20.flt_dec_op [\flt_dec_op(c_xdevicefamily="zyn...]
Compiling architecture rtl of entity floating_point_v7_1_20.flt_add_logic [\flt_add_logic(c_xdevicefamily="...]
Compiling architecture rtl of entity floating_point_v7_1_20.flt_add [\flt_add(c_xdevicefamily="zynqup...]
Compiling architecture synth of entity xbip_pipe_v3_0_10.xbip_pipe_v3_0_10_viv [\xbip_pipe_v3_0_10_viv(c_latency...]
Compiling architecture xilinx of entity floating_point_v7_1_20.floating_point_v7_1_20_viv [\floating_point_v7_1_20_viv(c_xd...]
Compiling architecture xilinx of entity floating_point_v7_1_20.floating_point_v7_1_20 [\floating_point_v7_1_20(c_xdevic...]
Compiling architecture turbovla_lite_e2e_dadd_64ns_64ns_64_9_full_dsp_0_ip_arch of entity xil_defaultlib.turbovla_lite_e2e_dadd_64ns_64ns_64_9_full_dsp_0_ip [turbovla_lite_e2e_dadd_64ns_64ns...]
Compiling module xil_defaultlib.turbovla_lite_e2e_dadd_64ns_64ns...
Compiling module xil_defaultlib.turbovla_lite_e2e_generic_tanh_f...
Compiling architecture rtl of entity floating_point_v7_1_20.flt_add [\flt_add(c_xdevicefamily="zynqup...]
Compiling architecture xilinx of entity floating_point_v7_1_20.floating_point_v7_1_20_viv [\floating_point_v7_1_20_viv(c_xd...]
Compiling architecture xilinx of entity floating_point_v7_1_20.floating_point_v7_1_20 [\floating_point_v7_1_20(c_xdevic...]
Compiling architecture turbovla_lite_e2e_faddfsub_32ns_32ns_32_8_full_dsp_1_ip_arch of entity xil_defaultlib.turbovla_lite_e2e_faddfsub_32ns_32ns_32_8_full_dsp_1_ip [turbovla_lite_e2e_faddfsub_32ns_...]
Compiling module xil_defaultlib.turbovla_lite_e2e_faddfsub_32ns_...
Compiling architecture turbovla_lite_e2e_sitofp_32ns_32_6_no_dsp_1_ip_arch of entity xil_defaultlib.turbovla_lite_e2e_sitofp_32ns_32_6_no_dsp_1_ip [turbovla_lite_e2e_sitofp_32ns_32...]
Compiling module xil_defaultlib.turbovla_lite_e2e_sitofp_32ns_32...
Compiling architecture dsp48e1_v of entity unisim.DSP48E1 [\DSP48E1(adreg=0,alumodereg=0,ca...]
Compiling architecture synth of entity xbip_pipe_v3_0_10.xbip_pipe_v3_0_10_viv [\xbip_pipe_v3_0_10_viv(c_latency...]
Compiling architecture rtl of entity floating_point_v7_1_20.delay [\delay(width=43)\]
Compiling architecture rtl of entity floating_point_v7_1_20.dsp48e1_wrapper [\dsp48e1_wrapper(a_width=17,b_wi...]
Compiling architecture rtl of entity floating_point_v7_1_20.special_detect [\special_detect(c_xdevicefamily=...]
Compiling architecture synth of entity xbip_pipe_v3_0_10.xbip_pipe_v3_0_10_viv [\xbip_pipe_v3_0_10_viv(c_latency...]
Compiling architecture rtl of entity floating_point_v7_1_20.delay [\delay(length=9)\]
Compiling architecture struct of entity floating_point_v7_1_20.carry_chain [\carry_chain(c_xdevicefamily="zy...]
Compiling architecture synth of entity floating_point_v7_1_20.compare_gt [\compare_gt(c_xdevicefamily="zyn...]
Compiling architecture synth of entity xbip_pipe_v3_0_10.xbip_pipe_v3_0_10_viv [\xbip_pipe_v3_0_10_viv(c_latency...]
Compiling architecture rtl of entity floating_point_v7_1_20.delay [\delay(width=2,length=9,fast_inp...]
Compiling architecture synth of entity xbip_pipe_v3_0_10.xbip_pipe_v3_0_10_viv [\xbip_pipe_v3_0_10_viv(c_latency...]
Compiling architecture rtl of entity floating_point_v7_1_20.delay [\delay(length=10)\]
Compiling architecture synth of entity floating_point_v7_1_20.flt_exp_specialcase [\flt_exp_specialcase(c_xdevicefa...]
Compiling architecture rtl of entity floating_point_v7_1_20.delay_s [\delay_s(width=10,length=0)\]
Compiling architecture rtl of entity floating_point_v7_1_20.delay_s [\delay_s(width=9,length=0)\]
Compiling architecture synth of entity xbip_pipe_v3_0_10.xbip_pipe_v3_0_10_viv [\xbip_pipe_v3_0_10_viv(c_has_ce=...]
Compiling architecture rtl of entity floating_point_v7_1_20.delay [\delay(width=6,length=0)\]
Compiling architecture struct of entity floating_point_v7_1_20.carry_chain [\carry_chain(c_xdevicefamily="zy...]
Compiling architecture synth of entity floating_point_v7_1_20.compare_eq_im [\compare_eq_im(c_xdevicefamily="...]
Compiling architecture rtl of entity floating_point_v7_1_20.zero_det_sel [\zero_det_sel(c_xdevicefamily="z...]
Compiling architecture synth of entity xbip_pipe_v3_0_10.xbip_pipe_v3_0_10_viv [\xbip_pipe_v3_0_10_viv(c_has_ce=...]
Compiling architecture rtl of entity floating_point_v7_1_20.delay [\delay(width=34,length=0)\]
Compiling architecture synth of entity xbip_pipe_v3_0_10.xbip_pipe_v3_0_10_viv [\xbip_pipe_v3_0_10_viv(c_latency...]
Compiling architecture rtl of entity floating_point_v7_1_20.delay [\delay(width=34)\]
Compiling architecture rtl of entity floating_point_v7_1_20.shift_msb_first [\shift_msb_first(a_width=24,resu...]
Compiling architecture synth of entity xbip_pipe_v3_0_10.xbip_pipe_v3_0_10_viv [\xbip_pipe_v3_0_10_viv(c_has_ce=...]
Compiling architecture rtl of entity floating_point_v7_1_20.delay [\delay(width=36,length=0)\]
Compiling architecture struct of entity floating_point_v7_1_20.carry_chain [\carry_chain(c_xdevicefamily="zy...]
Compiling architecture synth of entity floating_point_v7_1_20.flt_to_fix_conv [\flt_to_fix_conv(c_xdevicefamily...]
Compiling architecture rtl of entity floating_point_v7_1_20.dsp48e1_wrapper [\dsp48e1_wrapper(a_width=30,b_wi...]
Compiling architecture synth of entity floating_point_v7_1_20.flt_log_addsub [\flt_log_addsub(c_xdevicefamily=...]
Compiling architecture rtl of entity floating_point_v7_1_20.flt_exp_ccm [\flt_exp_ccm(c_xdevicefamily="zy...]
Compiling architecture rtl of entity floating_point_v7_1_20.dsp48e1_wrapper [\dsp48e1_wrapper(c_part="xck26-s...]
Compiling architecture synth of entity floating_point_v7_1_20.flt_log_addsub [\flt_log_addsub(c_xdevicefamily=...]
Compiling architecture rtl of entity floating_point_v7_1_20.flt_exp_ccm [\flt_exp_ccm(c_xdevicefamily="zy...]
Compiling architecture synth of entity xbip_pipe_v3_0_10.xbip_pipe_v3_0_10_viv [\xbip_pipe_v3_0_10_viv(c_latency...]
Compiling architecture rtl of entity floating_point_v7_1_20.delay [\delay(width=33,length=4)\]
Compiling architecture synth of entity floating_point_v7_1_20.flt_log_addsub [\flt_log_addsub(c_xdevicefamily=...]
Compiling architecture rtl of entity floating_point_v7_1_20.flt_exp_e2A [\flt_exp_e2A(c_xdevicefamily="zy...]
Compiling architecture rtl of entity floating_point_v7_1_20.flt_exp_e2zmzm1 [\flt_exp_e2zmzm1(c_xdevicefamily...]
Compiling architecture synth of entity xbip_pipe_v3_0_10.xbip_pipe_v3_0_10_viv [\xbip_pipe_v3_0_10_viv(c_latency...]
Compiling architecture rtl of entity floating_point_v7_1_20.delay [\delay(width=8,length=6)\]
Compiling architecture synth of entity xbip_pipe_v3_0_10.xbip_pipe_v3_0_10_viv [\xbip_pipe_v3_0_10_viv(c_latency...]
Compiling architecture rtl of entity floating_point_v7_1_20.delay [\delay(width=14)\]
Compiling architecture rtl of entity floating_point_v7_1_20.flt_round_bit [\flt_round_bit(c_xdevicefamily="...]
Compiling architecture rtl of entity floating_point_v7_1_20.renorm_and_round_logic [\renorm_and_round_logic(c_xdevic...]
Compiling architecture lut4_v of entity unisim.LUT4 [\LUT4(init="1100110010010110")(0...]
Compiling architecture lut4_v of entity unisim.LUT4 [\LUT4(init="1100110000111100")(0...]
Compiling architecture synth of entity xbip_pipe_v3_0_10.xbip_pipe_v3_0_10_viv [\xbip_pipe_v3_0_10_viv(c_has_ce=...]
Compiling architecture rtl of entity floating_point_v7_1_20.delay [\delay(width=9,length=0,fast_inp...]
Compiling architecture synth of entity floating_point_v7_1_20.flt_log_addsub [\flt_log_addsub(c_xdevicefamily=...]
Compiling architecture synth of entity floating_point_v7_1_20.compare_eq_im [\compare_eq_im(c_xdevicefamily="...]
Compiling architecture synth of entity floating_point_v7_1_20.compare_ne_im [\compare_ne_im(c_xdevicefamily="...]
Compiling architecture synth of entity floating_point_v7_1_20.compare_gt [\compare_gt(c_xdevicefamily="zyn...]
Compiling architecture synth of entity floating_point_v7_1_20.flt_exp_recomb [\flt_exp_recomb(c_xdevicefamily=...]
Compiling architecture synth of entity floating_point_v7_1_20.flt_exp [\flt_exp(c_xdevicefamily="zynqup...]
Compiling architecture synth of entity xbip_pipe_v3_0_10.xbip_pipe_v3_0_10_viv [\xbip_pipe_v3_0_10_viv(c_latency...]
Compiling architecture xilinx of entity floating_point_v7_1_20.floating_point_v7_1_20_viv [\floating_point_v7_1_20_viv(c_xd...]
Compiling architecture xilinx of entity floating_point_v7_1_20.floating_point_v7_1_20 [\floating_point_v7_1_20(c_xdevic...]
Compiling architecture turbovla_lite_e2e_fexp_32ns_32ns_32_13_full_dsp_1_ip_arch of entity xil_defaultlib.turbovla_lite_e2e_fexp_32ns_32ns_32_13_full_dsp_1_ip [turbovla_lite_e2e_fexp_32ns_32ns...]
Compiling module xil_defaultlib.turbovla_lite_e2e_fexp_32ns_32ns...
Compiling module xil_defaultlib.turbovla_lite_e2e_run
Compiling module xil_defaultlib.turbovla_lite_e2e_control_s_axi
Compiling module xil_defaultlib.turbovla_lite_e2e_gmem0_m_axi_sr...
Compiling module xil_defaultlib.turbovla_lite_e2e_gmem0_m_axi_fi...
Compiling module xil_defaultlib.turbovla_lite_e2e_gmem0_m_axi_sr...
Compiling module xil_defaultlib.turbovla_lite_e2e_gmem0_m_axi_fi...
Compiling module xil_defaultlib.turbovla_lite_e2e_gmem0_m_axi_sr...
Compiling module xil_defaultlib.turbovla_lite_e2e_gmem0_m_axi_fi...
Compiling module xil_defaultlib.turbovla_lite_e2e_gmem0_m_axi_sr...
Compiling module xil_defaultlib.turbovla_lite_e2e_gmem0_m_axi_fi...
Compiling module xil_defaultlib.turbovla_lite_e2e_gmem0_m_axi_sr...
Compiling module xil_defaultlib.turbovla_lite_e2e_gmem0_m_axi_fi...
Compiling module xil_defaultlib.turbovla_lite_e2e_gmem0_m_axi_st...
Compiling module xil_defaultlib.turbovla_lite_e2e_gmem0_m_axi_me...
Compiling module xil_defaultlib.turbovla_lite_e2e_gmem0_m_axi_fi...
Compiling module xil_defaultlib.turbovla_lite_e2e_gmem0_m_axi_lo...
Compiling module xil_defaultlib.turbovla_lite_e2e_gmem0_m_axi_re...
Compiling module xil_defaultlib.turbovla_lite_e2e_gmem0_m_axi_bu...
Compiling module xil_defaultlib.turbovla_lite_e2e_gmem0_m_axi_re...
Compiling module xil_defaultlib.turbovla_lite_e2e_gmem0_m_axi_sr...
Compiling module xil_defaultlib.turbovla_lite_e2e_gmem0_m_axi_fi...
Compiling module xil_defaultlib.turbovla_lite_e2e_gmem0_m_axi_re...
Compiling module xil_defaultlib.turbovla_lite_e2e_gmem0_m_axi_th...
Compiling module xil_defaultlib.turbovla_lite_e2e_gmem0_m_axi_re...
Compiling module xil_defaultlib.turbovla_lite_e2e_gmem0_m_axi_wr...
Compiling module xil_defaultlib.turbovla_lite_e2e_gmem0_m_axi_re...
Compiling module xil_defaultlib.turbovla_lite_e2e_gmem0_m_axi_re...
Compiling module xil_defaultlib.turbovla_lite_e2e_gmem0_m_axi(C_...
Compiling module xil_defaultlib.turbovla_lite_e2e
Compiling module xil_defaultlib.misc_interface_default
Compiling module xil_defaultlib.axi_if(ADDR_WIDTH=64,STRB_WIDTH=...
Compiling module xil_defaultlib.axi_if(ADDR_WIDTH=6,STRB_WIDTH=4...
Compiling module xil_defaultlib.sv_module_top
Compiling module xil_defaultlib.nodf_module_intf_default
Compiling module xil_defaultlib.seq_loop_intf(FSM_WIDTH=163)
Compiling module xil_defaultlib.seq_loop_intf(FSM_WIDTH=108)
Compiling module xil_defaultlib.upc_loop_intf(FSM_WIDTH=1)
Compiling module xil_defaultlib.upc_loop_intf(FSM_WIDTH=16)
Compiling module xil_defaultlib.upc_loop_intf(FSM_WIDTH=17)
Compiling module xil_defaultlib.upc_loop_intf_default
Compiling module xil_defaultlib.upc_loop_intf(FSM_WIDTH=9)
Compiling module xil_defaultlib.upc_loop_intf(FSM_WIDTH=65)
Compiling module xil_defaultlib.dataflow_monitor_1
Compiling module xil_defaultlib.apatb_turbovla_lite_e2e_top
Compiling module xil_defaultlib.glbl
Built simulation snapshot turbovla_lite_e2e

****** xsim v2025.1 (64-bit)
  **** SW Build 6140274 on Wed May 21 22:58:25 MDT 2025
  **** IP Build 6138677 on Thu May 22 03:10:11 MDT 2025
  **** SharedData Build 6139179 on Tue May 20 17:58:58 MDT 2025
  **** Start of session at: Tue Sep 22 02:21:16 2026
    ** Copyright 1986-2022 Xilinx, Inc. All Rights Reserved.
    ** Copyright 2022-2025 Advanced Micro Devices, Inc. All Rights Reserved.

source xsim.dir/turbovla_lite_e2e/xsim_script.tcl
# xsim {turbovla_lite_e2e} -testplusarg UVM_VERBOSITY=UVM_NONE -testplusarg UVM_TESTNAME=turbovla_lite_e2e_test_lib -testplusarg UVM_TIMEOUT=20000000000000 -wdb {/dev/null} -autoloadwcfg -tclbatch {turbovla_lite_e2e.tcl}
Time resolution is 1 ps
source turbovla_lite_e2e.tcl
## run all
UVM_INFO /home/frank/AMD/vivado/2025.01/2025.1/Vivado/data/system_verilog/uvm_1.2/xlnx_uvm_package.sv(18601) @ 0: reporter [UVM/RELNOTES] 
----------------------------------------------------------------
UVM-1.2
(C) 2007-2014 Mentor Graphics Corporation
(C) 2007-2014 Cadence Design Systems, Inc.
(C) 2006-2014 Synopsys, Inc.
(C) 2011-2013 Cypress Semiconductor Corp.
(C) 2013-2014 NVIDIA Corporation
----------------------------------------------------------------

  ***********       IMPORTANT RELEASE NOTES         ************

  You are using a version of the UVM library that has been compiled
  with `UVM_NO_DEPRECATED undefined.

  You are using a version of the UVM library that has been compiled
  with `UVM_OBJECT_DO_NOT_NEED_CONSTRUCTOR undefined.

      (Specify +UVM_NO_RELNOTES to turn off this notice)

UVM_INFO /home/frank/AMD/vivado/2025.01/2025.1/Vivado/data/system_verilog/uvm_1.2/xlnx_uvm_package.sv(18648) @ 0: reporter [NO_DPI_TSTNAME] UVM_NO_DPI defined--getting UVM_TESTNAME directly, without DPI
UVM_INFO /home/frank/AMD/vivado/2025.01/2025.1/Vivado/data/system_verilog/uvm_1.2/xlnx_uvm_package.sv(18752) @ 0: reporter [UVMTOP] UVM testbench topology:
-----------------------------------------------------------------------------------------------
Name                               Type                                 Size  Value            
-----------------------------------------------------------------------------------------------
uvm_test_top                       turbovla_lite_e2e_test_lib           -     @368             
  top_env                          turbovla_lite_e2e_env                -     @379             
    axi_lite_control               uvm_env                              -     @432             
      item_rtr_port                uvm_analysis_port                    -     @451             
      item_wtr_port                uvm_analysis_port                    -     @441             
      master                       uvm_agent                            -     @844             
        ardrv                      uvm_driver #(REQ,RSP)                -     @1519            
          item_read_imp            uvm_analysis_port                    -     @1548            
          rsp_port                 uvm_analysis_port                    -     @1538            
          seq_item_port            uvm_seq_item_pull_port               -     @1528            
          m_num_sent               integral                             32    'h0              
        arsqr                      axi_sequencer                        -     @1558            
          rsp_export               uvm_analysis_export                  -     @1567            
          seq_item_export          uvm_seq_item_pull_imp                -     @1685            
          arbitration_queue        array                                0     -                
          lock_queue               array                                0     -                
          num_last_reqs            integral                             32    'd1              
          num_last_rsps            integral                             32    'd1              
        awdrv                      uvm_driver #(REQ,RSP)                -     @991             
          item_read_imp            uvm_analysis_port                    -     @1020            
          rsp_port                 uvm_analysis_port                    -     @1010            
          seq_item_port            uvm_seq_item_pull_port               -     @1000            
          m_num_sent               integral                             32    'h0              
        awsqr                      axi_sequencer                        -     @1030            
          rsp_export               uvm_analysis_export                  -     @1039            
          seq_item_export          uvm_seq_item_pull_imp                -     @1157            
          arbitration_queue        array                                0     -                
          lock_queue               array                                0     -                
          num_last_reqs            integral                             32    'd1              
          num_last_rsps            integral                             32    'd1              
        bdrv                       uvm_driver #(REQ,RSP)                -     @1343            
          item_read_imp            uvm_analysis_port                    -     @1372            
          rsp_port                 uvm_analysis_port                    -     @1362            
          seq_item_port            uvm_seq_item_pull_port               -     @1352            
          m_num_sent               integral                             32    'h0              
        bsqr                       axi_sequencer                        -     @1382            
          rsp_export               uvm_analysis_export                  -     @1391            
          seq_item_export          uvm_seq_item_pull_imp                -     @1509            
          arbitration_queue        array                                0     -                
          lock_queue               array                                0     -                
          num_last_reqs            integral                             32    'd1              
          num_last_rsps            integral                             32    'd1              
        rdrv                       uvm_driver #(REQ,RSP)                -     @1695            
          item_read_imp            uvm_analysis_port                    -     @1724            
          rsp_port                 uvm_analysis_port                    -     @1714            
          seq_item_port            uvm_seq_item_pull_port               -     @1704            
          m_num_sent               integral                             32    'h0              
        rsqr                       axi_sequencer                        -     @1734            
          rsp_export               uvm_analysis_export                  -     @1743            
          seq_item_export          uvm_seq_item_pull_imp                -     @1861            
          arbitration_queue        array                                0     -                
          lock_queue               array                                0     -                
          num_last_reqs            integral                             32    'd1              
          num_last_rsps            integral                             32    'd1              
        wdrv                       uvm_driver #(REQ,RSP)                -     @1167            
          item_read_imp            uvm_analysis_port                    -     @1196            
          rsp_port                 uvm_analysis_port                    -     @1186            
          seq_item_port            uvm_seq_item_pull_port               -     @1176            
          m_num_sent               integral                             32    'h0              
        wsqr                       axi_sequencer                        -     @1206            
          rsp_export               uvm_analysis_export                  -     @1215            
          seq_item_export          uvm_seq_item_pull_imp                -     @1333            
          arbitration_queue        array                                0     -                
          lock_queue               array                                0     -                
          num_last_reqs            integral                             32    'd1              
          num_last_rsps            integral                             32    'd1              
      monitor                      uvm_monitor                          -     @666             
        item_ar2r_port             uvm_analysis_port                    -     @735             
        item_ar_port               uvm_analysis_port                    -     @705             
        item_aw2b_port             uvm_analysis_port                    -     @725             
        item_aw_port               uvm_analysis_port                    -     @675             
        item_b_port                uvm_analysis_port                    -     @695             
        item_r_port                uvm_analysis_port                    -     @715             
        item_w_port                uvm_analysis_port                    -     @685             
        checks_enable              integral                             1     'h1              
        coverage_enable            integral                             1     'h1              
      state                        axi_state                            -     @745             
        ar2r_imp                   uvm_analysis_imp_ar2r                -     @814             
        ar_imp                     uvm_analysis_imp_ar                  -     @784             
        aw2b_imp                   uvm_analysis_imp_aw2b                -     @804             
        aw_imp                     uvm_analysis_imp_aw                  -     @754             
        b_imp                      uvm_analysis_imp_b                   -     @774             
        item_rtr_port              uvm_analysis_port                    -     @834             
        item_wtr_port              uvm_analysis_port                    -     @824             
        r_imp                      uvm_analysis_imp_r                   -     @794             
        w_imp                      uvm_analysis_imp_w                   -     @764             
        avg_rate                   integral                             32    'h0              
        exp_rate                   integral                             32    'h0              
        win_size                   integral                             32    'h0              
        bqnum_for_slaseq           integral                             32    'h0              
        rq_from_model_num          integral                             32    'h0              
      vsqr                         axi_virtual_sequencer                -     @853             
        rsp_export                 uvm_analysis_export                  -     @862             
        seq_item_export            uvm_seq_item_pull_imp                -     @980             
        arbitration_queue          array                                0     -                
        lock_queue                 array                                0     -                
        num_last_reqs              integral                             32    'd1              
        num_last_rsps              integral                             32    'd1              
      cfg                          axi_cfg                              -     @395             
        has_checker                integral                             1     'h1              
        has_coverage               integral                             1     'h1              
        id_num                     integral                             32    'h1              
        reset_level                reset_level_enum                     32    RESET_LEVEL_LOW  
        drv_type                   drv_type_enum                        32    MASTER           
        write_latency_mode         latency_mode_enum                    32    CHANNEL_FIRST    
        read_latency_mode          latency_mode_enum                    32    CHANNEL_FIRST    
        clatency                   axi_latency                          -     @430             
          wr_latency               integral                             32    'h0              
          rd_latency               integral                             32    'h0              
    axi_master_gmem0               uvm_env                              -     @401             
      item_rtr_port                uvm_analysis_port                    -     @420             
      item_wtr_port                uvm_analysis_port                    -     @410             
      monitor                      uvm_monitor                          -     @1944            
        item_ar2r_port             uvm_analysis_port                    -     @2013            
        item_ar_port               uvm_analysis_port                    -     @1983            
        item_aw2b_port             uvm_analysis_port                    -     @2003            
        item_aw_port               uvm_analysis_port                    -     @1953            
        item_b_port                uvm_analysis_port                    -     @1973            
        item_r_port                uvm_analysis_port                    -     @1993            
        item_w_port                uvm_analysis_port                    -     @1963            
        checks_enable              integral                             1     'h1              
        coverage_enable            integral                             1     'h1              
      slave                        uvm_agent                            -     @2122            
        ardrv                      uvm_driver #(REQ,RSP)                -     @2799            
          item_read_imp            uvm_analysis_port                    -     @2828            
          rsp_port                 uvm_analysis_port                    -     @2818            
          seq_item_port            uvm_seq_item_pull_port               -     @2808            
          m_num_sent               integral                             32    'h0              
        arsqr                      axi_sequencer                        -     @2838            
          rsp_export               uvm_analysis_export                  -     @2847            
          seq_item_export          uvm_seq_item_pull_imp                -     @2965            
          arbitration_queue        array                                0     -                
          lock_queue               array                                0     -                
          num_last_reqs            integral                             32    'd1              
          num_last_rsps            integral                             32    'd1              
        awdrv                      uvm_driver #(REQ,RSP)                -     @2271            
          item_read_imp            uvm_analysis_port                    -     @2300            
          rsp_port                 uvm_analysis_port                    -     @2290            
          seq_item_port            uvm_seq_item_pull_port               -     @2280            
          m_num_sent               integral                             32    'h0              
        awsqr                      axi_sequencer                        -     @2310            
          rsp_export               uvm_analysis_export                  -     @2319            
          seq_item_export          uvm_seq_item_pull_imp                -     @2437            
          arbitration_queue        array                                0     -                
          lock_queue               array                                0     -                
          num_last_reqs            integral                             32    'd1              
          num_last_rsps            integral                             32    'd1              
        bdrv                       uvm_driver #(REQ,RSP)                -     @2623            
          item_read_imp            uvm_analysis_port                    -     @2652            
          rsp_port                 uvm_analysis_port                    -     @2642            
          seq_item_port            uvm_seq_item_pull_port               -     @2632            
          m_num_sent               integral                             32    'h0              
        bsqr                       axi_sequencer                        -     @2662            
          rsp_export               uvm_analysis_export                  -     @2671            
          seq_item_export          uvm_seq_item_pull_imp                -     @2789            
          arbitration_queue        array                                0     -                
          lock_queue               array                                0     -                
          num_last_reqs            integral                             32    'd1              
          num_last_rsps            integral                             32    'd1              
        rdrv                       uvm_driver #(REQ,RSP)                -     @2975            
          item_read_imp            uvm_analysis_port                    -     @3004            
          rsp_port                 uvm_analysis_port                    -     @2994            
          seq_item_port            uvm_seq_item_pull_port               -     @2984            
          m_num_sent               integral                             32    'h0              
        rsqr                       axi_sequencer                        -     @3014            
          rsp_export               uvm_analysis_export                  -     @3023            
          seq_item_export          uvm_seq_item_pull_imp                -     @3141            
          arbitration_queue        array                                0     -                
          lock_queue               array                                0     -                
          num_last_reqs            integral                             32    'd1              
          num_last_rsps            integral                             32    'd1              
        wdrv                       uvm_driver #(REQ,RSP)                -     @2447            
          item_read_imp            uvm_analysis_port                    -     @2476            
          rsp_port                 uvm_analysis_port                    -     @2466            
          seq_item_port            uvm_seq_item_pull_port               -     @2456            
          m_num_sent               integral                             32    'h0              
        wsqr                       axi_sequencer                        -     @2486            
          rsp_export               uvm_analysis_export                  -     @2495            
          seq_item_export          uvm_seq_item_pull_imp                -     @2613            
          arbitration_queue        array                                0     -                
          lock_queue               array                                0     -                
          num_last_reqs            integral                             32    'd1              
          num_last_rsps            integral                             32    'd1              
      state                        axi_state                            -     @2023            
        ar2r_imp                   uvm_analysis_imp_ar2r                -     @2092            
        ar_imp                     uvm_analysis_imp_ar                  -     @2062            
        aw2b_imp                   uvm_analysis_imp_aw2b                -     @2082            
        aw_imp                     uvm_analysis_imp_aw                  -     @2032            
        b_imp                      uvm_analysis_imp_b                   -     @2052            
        item_rtr_port              uvm_analysis_port                    -     @2112            
        item_wtr_port              uvm_analysis_port                    -     @2102            
        r_imp                      uvm_analysis_imp_r                   -     @2072            
        w_imp                      uvm_analysis_imp_w                   -     @2042            
        avg_rate                   integral                             32    'h0              
        exp_rate                   integral                             32    'h0              
        win_size                   integral                             32    'h0              
        bqnum_for_slaseq           integral                             32    'h0              
        rq_from_model_num          integral                             32    'h0              
      vsqr                         axi_virtual_sequencer                -     @2131            
        rsp_export                 uvm_analysis_export                  -     @2140            
        seq_item_export            uvm_seq_item_pull_imp                -     @2258            
        arbitration_queue          array                                0     -                
        lock_queue                 array                                0     -                
        num_last_reqs              integral                             32    'd1              
        num_last_rsps              integral                             32    'd1              
      cfg                          axi_cfg                              -     @394             
        has_checker                integral                             1     'h1              
        has_coverage               integral                             1     'h1              
        id_num                     integral                             32    'h1              
        reset_level                reset_level_enum                     32    RESET_LEVEL_LOW  
        drv_type                   drv_type_enum                        32    SLAVE            
        write_latency_mode         latency_mode_enum                    32    TRANSACTION_FIRST
        read_latency_mode          latency_mode_enum                    32    TRANSACTION_FIRST
        clatency                   axi_latency                          -     @396             
          wr_latency               integral                             32    'h0              
          rd_latency               integral                             32    'h0              
    refm                           turbovla_lite_e2e_reference_model    -     @461             
      trans_num_idx                integral                             32    'h0              
    subsys_mon                     turbovla_lite_e2e_subsystem_monitor  -     @474             
      control_rtr_imp              uvm_analysis_imp_axi_rtr_control     -     @513             
      control_wtr_imp              uvm_analysis_imp_axi_wtr_control     -     @503             
      gmem0_rtr_imp                uvm_analysis_imp_axi_rtr_gmem0       -     @493             
      gmem0_wtr_imp                uvm_analysis_imp_axi_wtr_gmem0       -     @483             
      scbd                         turbovla_lite_e2e_scoreboard         -     @3222            
        refm                       turbovla_lite_e2e_reference_model    -     @461             
          trans_num_idx            integral                             32    'h0              
    turbovla_lite_e2e_virtual_sqr  turbovla_lite_e2e_virtual_sequencer  -     @523             
      rsp_export                   uvm_analysis_export                  -     @532             
      seq_item_export              uvm_seq_item_pull_imp                -     @650             
      arbitration_queue            array                                0     -                
      lock_queue                   array                                0     -                
      num_last_reqs                integral                             32    'd1              
      num_last_rsps                integral                             32    'd1              
    refm                           turbovla_lite_e2e_reference_model    -     @461             
    turbovla_lite_e2e_virtual_sqr  turbovla_lite_e2e_virtual_sequencer  -     @523             
    turbovla_lite_e2e_cfg          turbovla_lite_e2e_config             -     @393             
      gmem0_cfg                    axi_cfg                              -     @394             
        has_checker                integral                             1     'h1              
        has_coverage               integral                             1     'h1              
        id_num                     integral                             32    'h1              
        reset_level                reset_level_enum                     32    RESET_LEVEL_LOW  
        drv_type                   drv_type_enum                        32    SLAVE            
        write_latency_mode         latency_mode_enum                    32    TRANSACTION_FIRST
        read_latency_mode          latency_mode_enum                    32    TRANSACTION_FIRST
        clatency                   axi_latency                          -     @396             
          wr_latency               integral                             32    'h0              
          rd_latency               integral                             32    'h0              
      control_cfg                  axi_cfg                              -     @395             
        has_checker                integral                             1     'h1              
        has_coverage               integral                             1     'h1              
        id_num                     integral                             32    'h1              
        reset_level                reset_level_enum                     32    RESET_LEVEL_LOW  
        drv_type                   drv_type_enum                        32    MASTER           
        write_latency_mode         latency_mode_enum                    32    CHANNEL_FIRST    
        read_latency_mode          latency_mode_enum                    32    CHANNEL_FIRST    
        clatency                   axi_latency                          -     @430             
          wr_latency               integral                             32    'h0              
          rd_latency               integral                             32    'h0              
      check_ena                    integral                             32    'h0              
      cover_ena                    integral                             32    'h0              
-----------------------------------------------------------------------------------------------

UVM_INFO /home/frank/AMD/vivado/2025.01/2025.1/Vivado/data/system_verilog/uvm_1.2/xlnx_uvm_package.sv(20867) @ 0: reporter [UVM/COMP/NAMECHECK] This implementation of the component name checks requires DPI to be enabled
////////////////////////////////////////////////////////////////////////////////////
// Inter-Transaction Progress: Completed Transaction / Total Transaction
// Intra-Transaction Progress: Measured Latency / Latency Estimation * 100%
//
// RTL Simulation : "Inter-Transaction Progress" ["Intra-Transaction Progress"] @ "Simulation Time"
////////////////////////////////////////////////////////////////////////////////////
// RTL Simulation : 0 / 1 [0.00%] @ "113000"
// RTL Simulation : 1 / 1 [100.00%] @ "823000"
////////////////////////////////////////////////////////////////////////////////////
$finish called at time : 887500 ps : File "/home/frank/AMD/vivado/2025.01/2025.1/Vivado/data/system_verilog/uvm_1.2/xlnx_uvm_package.sv" Line 18699
## quit
INFO: [Common 17-206] Exiting xsim at Tue Sep 22 02:21:21 2026...
INFO: [COSIM 212-316] Starting C post checking ...
e2e invalid-instruction gate passed
TURBOVLA_COSIM_CASE_PASS: 1
TURBOVLA_COSIM_CASE_START: 2
INFO: [HLS 200-1510] Running: cosim_design -setup -trace_level none -rtl verilog -tool xsim -argv /home/frank/TurboVLA-codex-T015-b3761ce/tests/data/lite_parameter_pack_qat 2 
INFO: [COSIM 212-47] Using XSIM for RTL simulation.
INFO: [COSIM 212-14] Instrumenting C test bench ...
   Build using "/home/frank/AMD/vivado/2025.01/2025.1/Vitis/lnx64/tools/vcxx/libexec//clang++"
   Compiling apatb_turbovla_lite_e2e.cpp
   Compiling e2e.cpp_pre.cpp.tb.cpp
   Compiling tb_e2e.cpp_pre.cpp.tb.cpp
   Compiling apatb_turbovla_lite_e2e_ir.ll
   Generating cosim.tv.exe
INFO: [COSIM 212-302] Starting C TB testing ... 
e2e v0.2 request rejection gate passed
INFO: [COSIM 212-333] Generating C post check test bench ...
INFO: [COSIM 212-12] Generating RTL test bench ...

****** Vivado v2025.1 (64-bit)
  **** SW Build 6140274 on Wed May 21 22:58:25 MDT 2025
  **** IP Build 6138677 on Thu May 22 03:10:11 MDT 2025
  **** SharedData Build 6139179 on Tue May 20 17:58:58 MDT 2025
  **** Start of session at: Tue Sep 22 02:21:34 2026
    ** Copyright 1986-2022 Xilinx, Inc. All Rights Reserved.
    ** Copyright 2022-2025 Advanced Micro Devices, Inc. All Rights Reserved.

source run_vivado_gen_ip.tcl -notrace
INFO: [IP_Flow 19-234] Refreshing IP repositories
INFO: [IP_Flow 19-1704] No user IP repositories specified
INFO: [IP_Flow 19-2313] Loaded Vivado IP repository '/home/frank/AMD/vivado/2025.01/2025.1/Vivado/data/ip'.
INFO: [IP_Flow 19-1686] Generating 'Synthesis' target for IP 'turbovla_lite_e2e_fadd_32ns_32ns_32_8_full_dsp_1_ip'...
INFO: [IP_Flow 19-1686] Generating 'Simulation' target for IP 'turbovla_lite_e2e_fadd_32ns_32ns_32_8_full_dsp_1_ip'...
INFO: [IP_Flow 19-1686] Generating 'Synthesis' target for IP 'turbovla_lite_e2e_fdiv_32ns_32ns_32_16_no_dsp_0_ip'...
INFO: [IP_Flow 19-1686] Generating 'Simulation' target for IP 'turbovla_lite_e2e_fdiv_32ns_32ns_32_16_no_dsp_0_ip'...
INFO: [IP_Flow 19-1686] Generating 'Synthesis' target for IP 'turbovla_lite_e2e_dadd_64ns_64ns_64_9_full_dsp_0_ip'...
INFO: [IP_Flow 19-1686] Generating 'Simulation' target for IP 'turbovla_lite_e2e_dadd_64ns_64ns_64_9_full_dsp_0_ip'...
INFO: [IP_Flow 19-1686] Generating 'Synthesis' target for IP 'turbovla_lite_e2e_fexp_32ns_32ns_32_13_full_dsp_1_ip'...
INFO: [IP_Flow 19-1686] Generating 'Simulation' target for IP 'turbovla_lite_e2e_fexp_32ns_32ns_32_13_full_dsp_1_ip'...
INFO: [IP_Flow 19-1686] Generating 'Synthesis' target for IP 'turbovla_lite_e2e_faddfsub_32ns_32ns_32_8_full_dsp_1_ip'...
INFO: [IP_Flow 19-1686] Generating 'Simulation' target for IP 'turbovla_lite_e2e_faddfsub_32ns_32ns_32_8_full_dsp_1_ip'...
INFO: [IP_Flow 19-1686] Generating 'Synthesis' target for IP 'turbovla_lite_e2e_sitofp_32ns_32_6_no_dsp_1_ip'...
INFO: [IP_Flow 19-1686] Generating 'Simulation' target for IP 'turbovla_lite_e2e_sitofp_32ns_32_6_no_dsp_1_ip'...
INFO: [IP_Flow 19-1686] Generating 'Synthesis' target for IP 'turbovla_lite_e2e_fpext_32ns_64_2_no_dsp_0_ip'...
INFO: [IP_Flow 19-1686] Generating 'Simulation' target for IP 'turbovla_lite_e2e_fpext_32ns_64_2_no_dsp_0_ip'...
INFO: [IP_Flow 19-1686] Generating 'Synthesis' target for IP 'turbovla_lite_e2e_fmul_32ns_32ns_32_5_max_dsp_1_ip'...
INFO: [IP_Flow 19-1686] Generating 'Simulation' target for IP 'turbovla_lite_e2e_fmul_32ns_32ns_32_5_max_dsp_1_ip'...
INFO: [IP_Flow 19-1686] Generating 'Synthesis' target for IP 'turbovla_lite_e2e_fcmp_32ns_32ns_1_2_no_dsp_0_ip'...
INFO: [IP_Flow 19-1686] Generating 'Simulation' target for IP 'turbovla_lite_e2e_fcmp_32ns_32ns_1_2_no_dsp_0_ip'...
INFO: [IP_Flow 19-1686] Generating 'Synthesis' target for IP 'turbovla_lite_e2e_fptrunc_64ns_32_2_no_dsp_0_ip'...
INFO: [IP_Flow 19-1686] Generating 'Simulation' target for IP 'turbovla_lite_e2e_fptrunc_64ns_32_2_no_dsp_0_ip'...
INFO: [IP_Flow 19-1686] Generating 'Synthesis' target for IP 'turbovla_lite_e2e_sitofp_32s_32_6_no_dsp_1_ip'...
INFO: [IP_Flow 19-1686] Generating 'Simulation' target for IP 'turbovla_lite_e2e_sitofp_32s_32_6_no_dsp_1_ip'...
INFO: [IP_Flow 19-1686] Generating 'Synthesis' target for IP 'turbovla_lite_e2e_uitofp_32ns_32_6_no_dsp_1_ip'...
INFO: [IP_Flow 19-1686] Generating 'Simulation' target for IP 'turbovla_lite_e2e_uitofp_32ns_32_6_no_dsp_1_ip'...
INFO: [IP_Flow 19-1686] Generating 'Synthesis' target for IP 'turbovla_lite_e2e_fsub_32ns_32ns_32_8_full_dsp_0_ip'...
INFO: [IP_Flow 19-1686] Generating 'Simulation' target for IP 'turbovla_lite_e2e_fsub_32ns_32ns_32_8_full_dsp_0_ip'...
INFO: [Common 17-206] Exiting Vivado at Tue Sep 22 02:21:47 2026...
INFO: [COSIM 212-1] *** C/RTL co-simulation file generation completed. ***
INFO: [COSIM 212-211] II is measurable only when transaction number is greater than 1 in RTL simulation. Otherwise, they will be marked as all NA. If user wants to calculate them, please make sure there are at least 2 transactions in RTL simulation.
INFO: [HLS 200-2161] Finished Command cosim_design Elapsed time: 00:00:32; Allocated memory: 5.938 MB.
INFO: [HLS 200-1510] Running: source run_sim.tcl
INFO: [HLS 200-1510] Running: source check_sim.tcl
INFO: [HLS 200-1510] Running: source dataflow_monitor_API.tcl
INFO: [COSIM 212-302] Starting C TB testing ...  
e2e v0.2 request rejection gate passed
INFO: [COSIM 212-323] Starting verilog simulation...
INFO: [COSIM 212-15] Starting XSIM ...
Vivado Simulator v2025.1.0
Copyright 1986-2022 Xilinx, Inc. All Rights Reserved.
Copyright 2022-2025 Advanced Micro Devices, Inc. All Rights Reserved.
Running: /home/frank/AMD/vivado/2025.01/2025.1/Vivado/bin/unwrapped/lnx64.o/xelab xil_defaultlib.apatb_turbovla_lite_e2e_top xil_defaultlib.glbl -Oenable_linking_all_libraries -prj turbovla_lite_e2e.prj -L smartconnect_v1_0 -L axi_protocol_checker_v1_1_12 -L axi_protocol_checker_v1_1_13 -L axis_protocol_checker_v1_1_11 -L axis_protocol_checker_v1_1_12 -L xil_defaultlib -L unisims_ver -L xpm -L floating_point_v7_1_20 -L floating_point_v7_0_25 --lib ieee_proposed=./ieee_proposed -L uvm -relax -i ./svr -i ./svtb -i ./file_agent -i ./turbovla_lite_e2e_subsystem -s turbovla_lite_e2e 
Multi-threading is on. Using 12 slave threads.
Determining compilation order of HDL files.
WARNING: [XSIM 43-3431] One or more environment variables have been detected which affect the operation of the C compiler. These are typically not set in standard installations and are not tested by AMD, however they may be appropriate for your system, so the flow will attempt to continue.  If errors occur, try running xelab with the "-mt off -v 1" switches to see more information from the C compiler. The following environment variables have been detected:
    LIBRARY_PATH
INFO: [VRFC 10-2263] Analyzing SystemVerilog file "/home/frank/TurboVLA-codex-T015-b3761ce/build/hls/e2e/e2e_solution/sim/verilog/glbl.v" into library xil_defaultlib
INFO: [VRFC 10-311] analyzing module glbl
INFO: [VRFC 10-2263] Analyzing SystemVerilog file "/home/frank/TurboVLA-codex-T015-b3761ce/build/hls/e2e/e2e_solution/sim/verilog/turbovla_lite_e2e_fmul_32ns_32ns_32_5_max_dsp_1.v" into library xil_defaultlib
INFO: [VRFC 10-311] analyzing module turbovla_lite_e2e_fmul_32ns_32ns_32_5_max_dsp_1
INFO: [VRFC 10-2263] Analyzing SystemVerilog file "/home/frank/TurboVLA-codex-T015-b3761ce/build/hls/e2e/e2e_solution/sim/verilog/turbovla_lite_e2e_p_anonymous_namespace_quantize.v" into library xil_defaultlib
INFO: [VRFC 10-311] analyzing module turbovla_lite_e2e_p_anonymous_namespace_quantize
INFO: [VRFC 10-2263] Analyzing SystemVerilog file "/home/frank/TurboVLA-codex-T015-b3761ce/build/hls/e2e/e2e_solution/sim/verilog/turbovla_lite_e2e_p_anonymous_namespace_quantize_mask_table_ROM_AUTO_1R.v" into library xil_defaultlib
INFO: [VRFC 10-311] analyzing module turbovla_lite_e2e_p_anonymous_namespace_quantize_mask_table_ROM_AUTO_1R
INFO: [VRFC 10-2263] Analyzing SystemVerilog file "/home/frank/TurboVLA-codex-T015-b3761ce/build/hls/e2e/e2e_solution/sim/verilog/turbovla_lite_e2e_faddfsub_32ns_32ns_32_8_full_dsp_1.v" into library xil_defaultlib
INFO: [VRFC 10-311] analyzing module turbovla_lite_e2e_faddfsub_32ns_32ns_32_8_full_dsp_1
INFO: [VRFC 10-2263] Analyzing SystemVerilog file "/home/frank/TurboVLA-codex-T015-b3761ce/build/hls/e2e/e2e_solution/sim/verilog/turbovla_lite_e2e_p_anonymous_namespace_encode_visual_Pipeline_1.v" into library xil_defaultlib
INFO: [VRFC 10-311] analyzing module turbovla_lite_e2e_p_anonymous_namespace_encode_visual_Pipeline_1
INFO: [VRFC 10-2263] Analyzing SystemVerilog file "/home/frank/TurboVLA-codex-T015-b3761ce/build/hls/e2e/e2e_solution/sim/verilog/turbovla_lite_e2e_fpext_32ns_64_2_no_dsp_0.v" into library xil_defaultlib
INFO: [VRFC 10-311] analyzing module turbovla_lite_e2e_fpext_32ns_64_2_no_dsp_0
INFO: [VRFC 10-2263] Analyzing SystemVerilog file "/home/frank/TurboVLA-codex-T015-b3761ce/build/hls/e2e/e2e_solution/sim/verilog/turbovla_lite_e2e_p_anonymous_namespace_fuse_layer_Pipeline_1.v" into library xil_defaultlib
INFO: [VRFC 10-311] analyzing module turbovla_lite_e2e_p_anonymous_namespace_fuse_layer_Pipeline_1
INFO: [VRFC 10-2263] Analyzing SystemVerilog file "/home/frank/TurboVLA-codex-T015-b3761ce/build/hls/e2e/e2e_solution/sim/verilog/turbovla_lite_e2e_generic_tanh_float_s.v" into library xil_defaultlib
INFO: [VRFC 10-311] analyzing module turbovla_lite_e2e_generic_tanh_float_s
INFO: [VRFC 10-2263] Analyzing SystemVerilog file "/home/frank/TurboVLA-codex-T015-b3761ce/build/hls/e2e/e2e_solution/sim/verilog/turbovla_lite_e2e_mac_muladd_8s_8s_16s_17_4_1.v" into library xil_defaultlib
INFO: [VRFC 10-311] analyzing module turbovla_lite_e2e_mac_muladd_8s_8s_16s_17_4_1_DSP48_0
INFO: [VRFC 10-311] analyzing module turbovla_lite_e2e_mac_muladd_8s_8s_16s_17_4_1
INFO: [VRFC 10-2263] Analyzing SystemVerilog file "/home/frank/TurboVLA-codex-T015-b3761ce/build/hls/e2e/e2e_solution/sim/verilog/turbovla_lite_e2e_uitofp_32ns_32_6_no_dsp_1.v" into library xil_defaultlib
INFO: [VRFC 10-311] analyzing module turbovla_lite_e2e_uitofp_32ns_32_6_no_dsp_1
INFO: [VRFC 10-2263] Analyzing SystemVerilog file "/home/frank/TurboVLA-codex-T015-b3761ce/build/hls/e2e/e2e_solution/sim/verilog/turbovla_lite_e2e_fexp_32ns_32ns_32_13_full_dsp_1.v" into library xil_defaultlib
INFO: [VRFC 10-311] analyzing module turbovla_lite_e2e_fexp_32ns_32ns_32_13_full_dsp_1
INFO: [VRFC 10-2263] Analyzing SystemVerilog file "/home/frank/TurboVLA-codex-T015-b3761ce/build/hls/e2e/e2e_solution/sim/verilog/turbovla_lite_e2e_mac_muladd_8s_8s_32s_32_4_1.v" into library xil_defaultlib
INFO: [VRFC 10-311] analyzing module turbovla_lite_e2e_mac_muladd_8s_8s_32s_32_4_1_DSP48_0
INFO: [VRFC 10-311] analyzing module turbovla_lite_e2e_mac_muladd_8s_8s_32s_32_4_1
INFO: [VRFC 10-2263] Analyzing SystemVerilog file "/home/frank/TurboVLA-codex-T015-b3761ce/build/hls/e2e/e2e_solution/sim/verilog/turbovla_lite_e2e_exp_generic_double_s_table_f_Z2_ap_ufixed_59_0_ap_q_mode_5_ap_o_mode_3_0_arradEe.v" into library xil_defaultlib
INFO: [VRFC 10-311] analyzing module turbovla_lite_e2e_exp_generic_double_s_table_f_Z2_ap_ufixed_59_0_ap_q_mode_5_ap_o_mode_3_0_arradEe
INFO: [VRFC 10-2263] Analyzing SystemVerilog file "/home/frank/TurboVLA-codex-T015-b3761ce/build/hls/e2e/e2e_solution/sim/verilog/turbovla_lite_e2e_control_s_axi.v" into library xil_defaultlib
INFO: [VRFC 10-311] analyzing module turbovla_lite_e2e_control_s_axi
INFO: [VRFC 10-2263] Analyzing SystemVerilog file "/home/frank/TurboVLA-codex-T015-b3761ce/build/hls/e2e/e2e_solution/sim/verilog/turbovla_lite_e2e.autotb.v" into library xil_defaultlib
INFO: [VRFC 10-311] analyzing module apatb_turbovla_lite_e2e_top
INFO: [VRFC 10-2263] Analyzing SystemVerilog file "/home/frank/TurboVLA-codex-T015-b3761ce/build/hls/e2e/e2e_solution/sim/verilog/turbovla_lite_e2e_run.v" into library xil_defaultlib
INFO: [VRFC 10-311] analyzing module turbovla_lite_e2e_run
INFO: [VRFC 10-2263] Analyzing SystemVerilog file "/home/frank/TurboVLA-codex-T015-b3761ce/build/hls/e2e/e2e_solution/sim/verilog/turbovla_lite_e2e_p_anonymous_namespace_decode_action_state_q_RAM_AUTO_1R1W.v" into library xil_defaultlib
INFO: [VRFC 10-311] analyzing module turbovla_lite_e2e_p_anonymous_namespace_decode_action_state_q_RAM_AUTO_1R1W
INFO: [VRFC 10-2263] Analyzing SystemVerilog file "/home/frank/TurboVLA-codex-T015-b3761ce/build/hls/e2e/e2e_solution/sim/verilog/turbovla_lite_e2e_exp_generic_double_s_table_exp_Z1_ap_ufixed_58_1_ap_q_mode_5_ap_o_mode_3_0_arbkb.v" into library xil_defaultlib
INFO: [VRFC 10-311] analyzing module turbovla_lite_e2e_exp_generic_double_s_table_exp_Z1_ap_ufixed_58_1_ap_q_mode_5_ap_o_mode_3_0_arbkb
INFO: [VRFC 10-2263] Analyzing SystemVerilog file "/home/frank/TurboVLA-codex-T015-b3761ce/build/hls/e2e/e2e_solution/sim/verilog/turbovla_lite_e2e_fptrunc_64ns_32_2_no_dsp_0.v" into library xil_defaultlib
INFO: [VRFC 10-311] analyzing module turbovla_lite_e2e_fptrunc_64ns_32_2_no_dsp_0
INFO: [VRFC 10-2263] Analyzing SystemVerilog file "/home/frank/TurboVLA-codex-T015-b3761ce/build/hls/e2e/e2e_solution/sim/verilog/turbovla_lite_e2e_p_anonymous_namespace_decode_action.v" into library xil_defaultlib
INFO: [VRFC 10-311] analyzing module turbovla_lite_e2e_p_anonymous_namespace_decode_action
INFO: [VRFC 10-2263] Analyzing SystemVerilog file "/home/frank/TurboVLA-codex-T015-b3761ce/build/hls/e2e/e2e_solution/sim/verilog/turbovla_lite_e2e_fdiv_32ns_32ns_32_16_no_dsp_0.v" into library xil_defaultlib
INFO: [VRFC 10-311] analyzing module turbovla_lite_e2e_fdiv_32ns_32ns_32_16_no_dsp_0
INFO: [VRFC 10-2263] Analyzing SystemVerilog file "/home/frank/TurboVLA-codex-T015-b3761ce/build/hls/e2e/e2e_solution/sim/verilog/turbovla_lite_e2e_p_anonymous_namespace_fuse_layer_Pipeline_2.v" into library xil_defaultlib
INFO: [VRFC 10-311] analyzing module turbovla_lite_e2e_p_anonymous_namespace_fuse_layer_Pipeline_2
INFO: [VRFC 10-2263] Analyzing SystemVerilog file "/home/frank/TurboVLA-codex-T015-b3761ce/build/hls/e2e/e2e_solution/sim/verilog/turbovla_lite_e2e_p_anonymous_namespace_decode_action_hidden_q_RAM_AUTO_1R1W.v" into library xil_defaultlib
INFO: [VRFC 10-311] analyzing module turbovla_lite_e2e_p_anonymous_namespace_decode_action_hidden_q_RAM_AUTO_1R1W
INFO: [VRFC 10-2263] Analyzing SystemVerilog file "/home/frank/TurboVLA-codex-T015-b3761ce/build/hls/e2e/e2e_solution/sim/verilog/turbovla_lite_e2e_flow_control_loop_pipe_sequential_init.v" into library xil_defaultlib
INFO: [VRFC 10-311] analyzing module turbovla_lite_e2e_flow_control_loop_pipe_sequential_init
INFO: [VRFC 10-2263] Analyzing SystemVerilog file "/home/frank/TurboVLA-codex-T015-b3761ce/build/hls/e2e/e2e_solution/sim/verilog/turbovla_lite_e2e_exp_generic_double_s_table_f_Z3_ap_ufixed_59_0_ap_q_mode_5_ap_o_mode_3_0_arracud.v" into library xil_defaultlib
INFO: [VRFC 10-311] analyzing module turbovla_lite_e2e_exp_generic_double_s_table_f_Z3_ap_ufixed_59_0_ap_q_mode_5_ap_o_mode_3_0_arracud
INFO: [VRFC 10-2263] Analyzing SystemVerilog file "/home/frank/TurboVLA-codex-T015-b3761ce/build/hls/e2e/e2e_solution/sim/verilog/turbovla_lite_e2e_mac_muladd_8s_8s_23s_23_4_1.v" into library xil_defaultlib
INFO: [VRFC 10-311] analyzing module turbovla_lite_e2e_mac_muladd_8s_8s_23s_23_4_1_DSP48_0
INFO: [VRFC 10-311] analyzing module turbovla_lite_e2e_mac_muladd_8s_8s_23s_23_4_1
INFO: [VRFC 10-2263] Analyzing SystemVerilog file "/home/frank/TurboVLA-codex-T015-b3761ce/build/hls/e2e/e2e_solution/sim/verilog/turbovla_lite_e2e_mac_muladd_8s_8s_17s_17_4_1.v" into library xil_defaultlib
INFO: [VRFC 10-311] analyzing module turbovla_lite_e2e_mac_muladd_8s_8s_17s_17_4_1_DSP48_0
INFO: [VRFC 10-311] analyzing module turbovla_lite_e2e_mac_muladd_8s_8s_17s_17_4_1
INFO: [VRFC 10-2263] Analyzing SystemVerilog file "/home/frank/TurboVLA-codex-T015-b3761ce/build/hls/e2e/e2e_solution/sim/verilog/turbovla_lite_e2e_mul_13s_71s_71_3_1.v" into library xil_defaultlib
INFO: [VRFC 10-311] analyzing module turbovla_lite_e2e_mul_13s_71s_71_3_1
INFO: [VRFC 10-2263] Analyzing SystemVerilog file "/home/frank/TurboVLA-codex-T015-b3761ce/build/hls/e2e/e2e_solution/sim/verilog/turbovla_lite_e2e_run_action_RAM_AUTO_1R1W.v" into library xil_defaultlib
INFO: [VRFC 10-311] analyzing module turbovla_lite_e2e_run_action_RAM_AUTO_1R1W
INFO: [VRFC 10-2263] Analyzing SystemVerilog file "/home/frank/TurboVLA-codex-T015-b3761ce/build/hls/e2e/e2e_solution/sim/verilog/turbovla_lite_e2e_run_Pipeline_VITIS_LOOP_322_1.v" into library xil_defaultlib
INFO: [VRFC 10-311] analyzing module turbovla_lite_e2e_run_Pipeline_VITIS_LOOP_322_1
INFO: [VRFC 10-2263] Analyzing SystemVerilog file "/home/frank/TurboVLA-codex-T015-b3761ce/build/hls/e2e/e2e_solution/sim/verilog/turbovla_lite_e2e_dadd_64ns_64ns_64_9_full_dsp_0.v" into library xil_defaultlib
INFO: [VRFC 10-311] analyzing module turbovla_lite_e2e_dadd_64ns_64ns_64_9_full_dsp_0
INFO: [VRFC 10-2263] Analyzing SystemVerilog file "/home/frank/TurboVLA-codex-T015-b3761ce/build/hls/e2e/e2e_solution/sim/verilog/turbovla_lite_e2e_p_anonymous_namespace_decode_action_Pipeline_VITIS_LOOP_254_2.v" into library xil_defaultlib
INFO: [VRFC 10-311] analyzing module turbovla_lite_e2e_p_anonymous_namespace_decode_action_Pipeline_VITIS_LOOP_254_2
INFO: [VRFC 10-2263] Analyzing SystemVerilog file "/home/frank/TurboVLA-codex-T015-b3761ce/build/hls/e2e/e2e_solution/sim/verilog/turbovla_lite_e2e_p_anonymous_namespace_quantize_one_half_table_ROM_AUTO_1R.v" into library xil_defaultlib
INFO: [VRFC 10-311] analyzing module turbovla_lite_e2e_p_anonymous_namespace_quantize_one_half_table_ROM_AUTO_1R
INFO: [VRFC 10-2263] Analyzing SystemVerilog file "/home/frank/TurboVLA-codex-T015-b3761ce/build/hls/e2e/e2e_solution/sim/verilog/turbovla_lite_e2e_mul_50ns_50ns_99_2_1.v" into library xil_defaultlib
INFO: [VRFC 10-311] analyzing module turbovla_lite_e2e_mul_50ns_50ns_99_2_1
INFO: [VRFC 10-2263] Analyzing SystemVerilog file "/home/frank/TurboVLA-codex-T015-b3761ce/build/hls/e2e/e2e_solution/sim/verilog/turbovla_lite_e2e_p_anonymous_namespace_fuse_layer_1_Pipeline_VITIS_LOOP_195_1_VITIS_LOOP_196_2.v" into library xil_defaultlib
INFO: [VRFC 10-311] analyzing module turbovla_lite_e2e_p_anonymous_namespace_fuse_layer_1_Pipeline_VITIS_LOOP_195_1_VITIS_LOOP_196_2
INFO: [VRFC 10-2263] Analyzing SystemVerilog file "/home/frank/TurboVLA-codex-T015-b3761ce/build/hls/e2e/e2e_solution/sim/verilog/turbovla_lite_e2e_p_anonymous_namespace_fuse_layer_1_Pipeline_2.v" into library xil_defaultlib
INFO: [VRFC 10-311] analyzing module turbovla_lite_e2e_p_anonymous_namespace_fuse_layer_1_Pipeline_2
INFO: [VRFC 10-2263] Analyzing SystemVerilog file "/home/frank/TurboVLA-codex-T015-b3761ce/build/hls/e2e/e2e_solution/sim/verilog/turbovla_lite_e2e_sparsemux_7_2_32_1_0.v" into library xil_defaultlib
INFO: [VRFC 10-311] analyzing module turbovla_lite_e2e_sparsemux_7_2_32_1_0
INFO: [VRFC 10-2263] Analyzing SystemVerilog file "/home/frank/TurboVLA-codex-T015-b3761ce/build/hls/e2e/e2e_solution/sim/verilog/turbovla_lite_e2e_p_anonymous_namespace_fuse_layer_Pipeline_VITIS_LOOP_195_1_VITIS_LOOP_196_2.v" into library xil_defaultlib
INFO: [VRFC 10-311] analyzing module turbovla_lite_e2e_p_anonymous_namespace_fuse_layer_Pipeline_VITIS_LOOP_195_1_VITIS_LOOP_196_2
INFO: [VRFC 10-2263] Analyzing SystemVerilog file "/home/frank/TurboVLA-codex-T015-b3761ce/build/hls/e2e/e2e_solution/sim/verilog/turbovla_lite_e2e_sitofp_32ns_32_6_no_dsp_1.v" into library xil_defaultlib
INFO: [VRFC 10-311] analyzing module turbovla_lite_e2e_sitofp_32ns_32_6_no_dsp_1
INFO: [VRFC 10-2263] Analyzing SystemVerilog file "/home/frank/TurboVLA-codex-T015-b3761ce/build/hls/e2e/e2e_solution/sim/verilog/turbovla_lite_e2e.v" into library xil_defaultlib
INFO: [VRFC 10-311] analyzing module turbovla_lite_e2e
INFO: [VRFC 10-2263] Analyzing SystemVerilog file "/home/frank/TurboVLA-codex-T015-b3761ce/build/hls/e2e/e2e_solution/sim/verilog/turbovla_lite_e2e_p_anonymous_namespace_fuse_layer_1_Pipeline_VITIS_LOOP_210_5.v" into library xil_defaultlib
INFO: [VRFC 10-311] analyzing module turbovla_lite_e2e_p_anonymous_namespace_fuse_layer_1_Pipeline_VITIS_LOOP_210_5
INFO: [VRFC 10-2263] Analyzing SystemVerilog file "/home/frank/TurboVLA-codex-T015-b3761ce/build/hls/e2e/e2e_solution/sim/verilog/turbovla_lite_e2e_p_anonymous_namespace_decode_action_Pipeline_VITIS_LOOP_277_6.v" into library xil_defaultlib
INFO: [VRFC 10-311] analyzing module turbovla_lite_e2e_p_anonymous_namespace_decode_action_Pipeline_VITIS_LOOP_277_6
INFO: [VRFC 10-2263] Analyzing SystemVerilog file "/home/frank/TurboVLA-codex-T015-b3761ce/build/hls/e2e/e2e_solution/sim/verilog/turbovla_lite_e2e_fadd_32ns_32ns_32_8_full_dsp_1.v" into library xil_defaultlib
INFO: [VRFC 10-311] analyzing module turbovla_lite_e2e_fadd_32ns_32ns_32_8_full_dsp_1
INFO: [VRFC 10-2263] Analyzing SystemVerilog file "/home/frank/TurboVLA-codex-T015-b3761ce/build/hls/e2e/e2e_solution/sim/verilog/turbovla_lite_e2e_fsub_32ns_32ns_32_8_full_dsp_0.v" into library xil_defaultlib
INFO: [VRFC 10-311] analyzing module turbovla_lite_e2e_fsub_32ns_32ns_32_8_full_dsp_0
INFO: [VRFC 10-2263] Analyzing SystemVerilog file "/home/frank/TurboVLA-codex-T015-b3761ce/build/hls/e2e/e2e_solution/sim/verilog/turbovla_lite_e2e_p_anonymous_namespace_decode_action_Pipeline_VITIS_LOOP_248_1.v" into library xil_defaultlib
INFO: [VRFC 10-311] analyzing module turbovla_lite_e2e_p_anonymous_namespace_decode_action_Pipeline_VITIS_LOOP_248_1
INFO: [VRFC 10-2263] Analyzing SystemVerilog file "/home/frank/TurboVLA-codex-T015-b3761ce/build/hls/e2e/e2e_solution/sim/verilog/turbovla_lite_e2e_exp_generic_double_s.v" into library xil_defaultlib
INFO: [VRFC 10-311] analyzing module turbovla_lite_e2e_exp_generic_double_s
INFO: [VRFC 10-2263] Analyzing SystemVerilog file "/home/frank/TurboVLA-codex-T015-b3761ce/build/hls/e2e/e2e_solution/sim/verilog/turbovla_lite_e2e_p_anonymous_namespace_encode_visual_pooled_RAM_AUTO_1R1W.v" into library xil_defaultlib
INFO: [VRFC 10-311] analyzing module turbovla_lite_e2e_p_anonymous_namespace_encode_visual_pooled_RAM_AUTO_1R1W
INFO: [VRFC 10-2263] Analyzing SystemVerilog file "/home/frank/TurboVLA-codex-T015-b3761ce/build/hls/e2e/e2e_solution/sim/verilog/turbovla_lite_e2e_p_anonymous_namespace_encode_visual.v" into library xil_defaultlib
INFO: [VRFC 10-311] analyzing module turbovla_lite_e2e_p_anonymous_namespace_encode_visual
INFO: [VRFC 10-2263] Analyzing SystemVerilog file "/home/frank/TurboVLA-codex-T015-b3761ce/build/hls/e2e/e2e_solution/sim/verilog/turbovla_lite_e2e_run_fusion_1_RAM_1WNR_AUTO_1R1W.v" into library xil_defaultlib
INFO: [VRFC 10-311] analyzing module turbovla_lite_e2e_run_fusion_1_RAM_1WNR_AUTO_1R1W
INFO: [VRFC 10-2263] Analyzing SystemVerilog file "/home/frank/TurboVLA-codex-T015-b3761ce/build/hls/e2e/e2e_solution/sim/verilog/turbovla_lite_e2e_sparsemux_9_3_64_1_1.v" into library xil_defaultlib
INFO: [VRFC 10-311] analyzing module turbovla_lite_e2e_sparsemux_9_3_64_1_1
INFO: [VRFC 10-2263] Analyzing SystemVerilog file "/home/frank/TurboVLA-codex-T015-b3761ce/build/hls/e2e/e2e_solution/sim/verilog/turbovla_lite_e2e_p_anonymous_namespace_fuse_layer_language_candidate_RAM_AUTO_1R1W.v" into library xil_defaultlib
INFO: [VRFC 10-311] analyzing module turbovla_lite_e2e_p_anonymous_namespace_fuse_layer_language_candidate_RAM_AUTO_1R1W
INFO: [VRFC 10-2263] Analyzing SystemVerilog file "/home/frank/TurboVLA-codex-T015-b3761ce/build/hls/e2e/e2e_solution/sim/verilog/turbovla_lite_e2e_sitofp_32s_32_6_no_dsp_1.v" into library xil_defaultlib
INFO: [VRFC 10-311] analyzing module turbovla_lite_e2e_sitofp_32s_32_6_no_dsp_1
INFO: [VRFC 10-2263] Analyzing SystemVerilog file "/home/frank/TurboVLA-codex-T015-b3761ce/build/hls/e2e/e2e_solution/sim/verilog/turbovla_lite_e2e_mul_49ns_44ns_93_2_1.v" into library xil_defaultlib
INFO: [VRFC 10-311] analyzing module turbovla_lite_e2e_mul_49ns_44ns_93_2_1
INFO: [VRFC 10-2263] Analyzing SystemVerilog file "/home/frank/TurboVLA-codex-T015-b3761ce/build/hls/e2e/e2e_solution/sim/verilog/turbovla_lite_e2e_p_anonymous_namespace_fuse_layer_language_gate_RAM_AUTO_1R1W.v" into library xil_defaultlib
INFO: [VRFC 10-311] analyzing module turbovla_lite_e2e_p_anonymous_namespace_fuse_layer_language_gate_RAM_AUTO_1R1W
INFO: [VRFC 10-2263] Analyzing SystemVerilog file "/home/frank/TurboVLA-codex-T015-b3761ce/build/hls/e2e/e2e_solution/sim/verilog/turbovla_lite_e2e_p_anonymous_namespace_fuse_layer.v" into library xil_defaultlib
INFO: [VRFC 10-311] analyzing module turbovla_lite_e2e_p_anonymous_namespace_fuse_layer
INFO: [VRFC 10-2263] Analyzing SystemVerilog file "/home/frank/TurboVLA-codex-T015-b3761ce/build/hls/e2e/e2e_solution/sim/verilog/turbovla_lite_e2e_mul_8s_8s_16_1_1.v" into library xil_defaultlib
INFO: [VRFC 10-311] analyzing module turbovla_lite_e2e_mul_8s_8s_16_1_1
INFO: [VRFC 10-2263] Analyzing SystemVerilog file "/home/frank/TurboVLA-codex-T015-b3761ce/build/hls/e2e/e2e_solution/sim/verilog/turbovla_lite_e2e_p_anonymous_namespace_fuse_layer_Pipeline_VITIS_LOOP_210_5.v" into library xil_defaultlib
INFO: [VRFC 10-311] analyzing module turbovla_lite_e2e_p_anonymous_namespace_fuse_layer_Pipeline_VITIS_LOOP_210_5
INFO: [VRFC 10-2263] Analyzing SystemVerilog file "/home/frank/TurboVLA-codex-T015-b3761ce/build/hls/e2e/e2e_solution/sim/verilog/turbovla_lite_e2e_p_anonymous_namespace_fuse_layer_1_Pipeline_1.v" into library xil_defaultlib
INFO: [VRFC 10-311] analyzing module turbovla_lite_e2e_p_anonymous_namespace_fuse_layer_1_Pipeline_1
INFO: [VRFC 10-2263] Analyzing SystemVerilog file "/home/frank/TurboVLA-codex-T015-b3761ce/build/hls/e2e/e2e_solution/sim/verilog/turbovla_lite_e2e_run_Pipeline_VITIS_LOOP_328_2.v" into library xil_defaultlib
INFO: [VRFC 10-311] analyzing module turbovla_lite_e2e_run_Pipeline_VITIS_LOOP_328_2
INFO: [VRFC 10-2263] Analyzing SystemVerilog file "/home/frank/TurboVLA-codex-T015-b3761ce/build/hls/e2e/e2e_solution/sim/verilog/turbovla_lite_e2e_p_anonymous_namespace_decode_action_Pipeline_VITIS_LOOP_291_7.v" into library xil_defaultlib
INFO: [VRFC 10-311] analyzing module turbovla_lite_e2e_p_anonymous_namespace_decode_action_Pipeline_VITIS_LOOP_291_7
INFO: [VRFC 10-2263] Analyzing SystemVerilog file "/home/frank/TurboVLA-codex-T015-b3761ce/build/hls/e2e/e2e_solution/sim/verilog/turbovla_lite_e2e_run_language_RAM_AUTO_1R1W.v" into library xil_defaultlib
INFO: [VRFC 10-311] analyzing module turbovla_lite_e2e_run_language_RAM_AUTO_1R1W
INFO: [VRFC 10-2263] Analyzing SystemVerilog file "/home/frank/TurboVLA-codex-T015-b3761ce/build/hls/e2e/e2e_solution/sim/verilog/turbovla_lite_e2e_p_anonymous_namespace_decode_action_pooled_q_RAM_AUTO_1R1W.v" into library xil_defaultlib
INFO: [VRFC 10-311] analyzing module turbovla_lite_e2e_p_anonymous_namespace_decode_action_pooled_q_RAM_AUTO_1R1W
INFO: [VRFC 10-2263] Analyzing SystemVerilog file "/home/frank/TurboVLA-codex-T015-b3761ce/build/hls/e2e/e2e_solution/sim/verilog/turbovla_lite_e2e_gmem0_m_axi.v" into library xil_defaultlib
INFO: [VRFC 10-311] analyzing module turbovla_lite_e2e_gmem0_m_axi
INFO: [VRFC 10-311] analyzing module turbovla_lite_e2e_gmem0_m_axi_load
INFO: [VRFC 10-311] analyzing module turbovla_lite_e2e_gmem0_m_axi_store
INFO: [VRFC 10-311] analyzing module turbovla_lite_e2e_gmem0_m_axi_read
INFO: [VRFC 10-311] analyzing module turbovla_lite_e2e_gmem0_m_axi_write
INFO: [VRFC 10-311] analyzing module turbovla_lite_e2e_gmem0_m_axi_burst_converter
INFO: [VRFC 10-311] analyzing module turbovla_lite_e2e_gmem0_m_axi_burst_interleave
INFO: [VRFC 10-311] analyzing module turbovla_lite_e2e_gmem0_m_axi_burst_sequential
INFO: [VRFC 10-311] analyzing module turbovla_lite_e2e_gmem0_m_axi_throttle
INFO: [VRFC 10-311] analyzing module turbovla_lite_e2e_gmem0_m_axi_reg_slice
INFO: [VRFC 10-311] analyzing module turbovla_lite_e2e_gmem0_m_axi_fifo
INFO: [VRFC 10-311] analyzing module turbovla_lite_e2e_gmem0_m_axi_srl
INFO: [VRFC 10-311] analyzing module turbovla_lite_e2e_gmem0_m_axi_mem
INFO: [VRFC 10-2263] Analyzing SystemVerilog file "/home/frank/TurboVLA-codex-T015-b3761ce/build/hls/e2e/e2e_solution/sim/verilog/turbovla_lite_e2e_p_anonymous_namespace_encode_visual_Pipeline_VITIS_LOOP_123_1_VITIS_LOOP_124_2_VI.v" into library xil_defaultlib
INFO: [VRFC 10-311] analyzing module turbovla_lite_e2e_p_anonymous_namespace_encode_visual_Pipeline_VITIS_LOOP_123_1_VITIS_LOOP_124_2_VI
INFO: [VRFC 10-2263] Analyzing SystemVerilog file "/home/frank/TurboVLA-codex-T015-b3761ce/build/hls/e2e/e2e_solution/sim/verilog/turbovla_lite_e2e_mac_muladd_16s_15ns_19s_31_4_1.v" into library xil_defaultlib
INFO: [VRFC 10-311] analyzing module turbovla_lite_e2e_mac_muladd_16s_15ns_19s_31_4_1_DSP48_0
INFO: [VRFC 10-311] analyzing module turbovla_lite_e2e_mac_muladd_16s_15ns_19s_31_4_1
INFO: [VRFC 10-2263] Analyzing SystemVerilog file "/home/frank/TurboVLA-codex-T015-b3761ce/build/hls/e2e/e2e_solution/sim/verilog/turbovla_lite_e2e_p_anonymous_namespace_fuse_layer_1.v" into library xil_defaultlib
INFO: [VRFC 10-311] analyzing module turbovla_lite_e2e_p_anonymous_namespace_fuse_layer_1
INFO: [VRFC 10-2263] Analyzing SystemVerilog file "/home/frank/TurboVLA-codex-T015-b3761ce/build/hls/e2e/e2e_solution/sim/verilog/turbovla_lite_e2e_p_anonymous_namespace_encode_visual_Pipeline_VITIS_LOOP_158_8_VITIS_LOOP_159_9.v" into library xil_defaultlib
INFO: [VRFC 10-311] analyzing module turbovla_lite_e2e_p_anonymous_namespace_encode_visual_Pipeline_VITIS_LOOP_158_8_VITIS_LOOP_159_9
INFO: [VRFC 10-2263] Analyzing SystemVerilog file "/home/frank/TurboVLA-codex-T015-b3761ce/build/hls/e2e/e2e_solution/sim/verilog/turbovla_lite_e2e_fcmp_32ns_32ns_1_2_no_dsp_0.v" into library xil_defaultlib
INFO: [VRFC 10-311] analyzing module turbovla_lite_e2e_fcmp_32ns_32ns_1_2_no_dsp_0
INFO: [VRFC 10-2263] Analyzing SystemVerilog file "/home/frank/TurboVLA-codex-T015-b3761ce/build/hls/e2e/e2e_solution/sim/verilog/turbovla_lite_e2e_run_visual_RAM_AUTO_1R1W.v" into library xil_defaultlib
INFO: [VRFC 10-311] analyzing module turbovla_lite_e2e_run_visual_RAM_AUTO_1R1W
INFO: [VRFC 10-2263] Analyzing SystemVerilog file "/home/frank/TurboVLA-codex-T015-b3761ce/build/hls/e2e/e2e_solution/sim/verilog/turbovla_lite_e2e_mul_43ns_36ns_79_2_1.v" into library xil_defaultlib
INFO: [VRFC 10-311] analyzing module turbovla_lite_e2e_mul_43ns_36ns_79_2_1
INFO: [VRFC 10-2263] Analyzing SystemVerilog file "/home/frank/TurboVLA-codex-T015-b3761ce/build/hls/e2e/e2e_solution/sim/verilog/dataflow_monitor.sv" into library xil_defaultlib
INFO: [VRFC 10-311] analyzing module dataflow_monitor
INFO: [VRFC 10-2263] Analyzing SystemVerilog file "/home/frank/TurboVLA-codex-T015-b3761ce/build/hls/e2e/e2e_solution/sim/verilog/file_agent/file_agent_pkg.sv" into library xil_defaultlib
INFO: [VRFC 10-2263] Analyzing SystemVerilog file "/home/frank/TurboVLA-codex-T015-b3761ce/build/hls/e2e/e2e_solution/sim/verilog/axivip/axi_pkg.sv" into library xil_defaultlib
INFO: [VRFC 10-2263] Analyzing SystemVerilog file "/home/frank/TurboVLA-codex-T015-b3761ce/build/hls/e2e/e2e_solution/sim/verilog/axivip/axi_if.sv" into library xil_defaultlib
INFO: [VRFC 10-2263] Analyzing SystemVerilog file "/home/frank/TurboVLA-codex-T015-b3761ce/build/hls/e2e/e2e_solution/sim/verilog/turbovla_lite_e2e_subsystem/turbovla_lite_e2e_subsystem_pkg.sv" into library xil_defaultlib
INFO: [VRFC 10-2263] Analyzing SystemVerilog file "/home/frank/TurboVLA-codex-T015-b3761ce/build/hls/e2e/e2e_solution/sim/verilog/svtb/misc_interface.sv" into library xil_defaultlib
INFO: [VRFC 10-2263] Analyzing SystemVerilog file "/home/frank/TurboVLA-codex-T015-b3761ce/build/hls/e2e/e2e_solution/sim/verilog/svtb/sv_module_top.sv" into library xil_defaultlib
INFO: [VRFC 10-311] analyzing module sv_module_top
INFO: [VRFC 10-163] Analyzing VHDL file "/home/frank/TurboVLA-codex-T015-b3761ce/build/hls/e2e/e2e_solution/sim/verilog/ip/xil_defaultlib/turbovla_lite_e2e_fadd_32ns_32ns_32_8_full_dsp_1_ip.vhd" into library xil_defaultlib
INFO: [VRFC 10-3107] analyzing entity 'turbovla_lite_e2e_fadd_32ns_32ns_32_8_full_dsp_1_ip'
INFO: [VRFC 10-163] Analyzing VHDL file "/home/frank/TurboVLA-codex-T015-b3761ce/build/hls/e2e/e2e_solution/sim/verilog/ip/xil_defaultlib/turbovla_lite_e2e_fdiv_32ns_32ns_32_16_no_dsp_0_ip.vhd" into library xil_defaultlib
INFO: [VRFC 10-3107] analyzing entity 'turbovla_lite_e2e_fdiv_32ns_32ns_32_16_no_dsp_0_ip'
INFO: [VRFC 10-163] Analyzing VHDL file "/home/frank/TurboVLA-codex-T015-b3761ce/build/hls/e2e/e2e_solution/sim/verilog/ip/xil_defaultlib/turbovla_lite_e2e_dadd_64ns_64ns_64_9_full_dsp_0_ip.vhd" into library xil_defaultlib
INFO: [VRFC 10-3107] analyzing entity 'turbovla_lite_e2e_dadd_64ns_64ns_64_9_full_dsp_0_ip'
INFO: [VRFC 10-163] Analyzing VHDL file "/home/frank/TurboVLA-codex-T015-b3761ce/build/hls/e2e/e2e_solution/sim/verilog/ip/xil_defaultlib/turbovla_lite_e2e_fexp_32ns_32ns_32_13_full_dsp_1_ip.vhd" into library xil_defaultlib
INFO: [VRFC 10-3107] analyzing entity 'turbovla_lite_e2e_fexp_32ns_32ns_32_13_full_dsp_1_ip'
INFO: [VRFC 10-163] Analyzing VHDL file "/home/frank/TurboVLA-codex-T015-b3761ce/build/hls/e2e/e2e_solution/sim/verilog/ip/xil_defaultlib/turbovla_lite_e2e_faddfsub_32ns_32ns_32_8_full_dsp_1_ip.vhd" into library xil_defaultlib
INFO: [VRFC 10-3107] analyzing entity 'turbovla_lite_e2e_faddfsub_32ns_32ns_32_8_full_dsp_1_ip'
INFO: [VRFC 10-163] Analyzing VHDL file "/home/frank/TurboVLA-codex-T015-b3761ce/build/hls/e2e/e2e_solution/sim/verilog/ip/xil_defaultlib/turbovla_lite_e2e_sitofp_32ns_32_6_no_dsp_1_ip.vhd" into library xil_defaultlib
INFO: [VRFC 10-3107] analyzing entity 'turbovla_lite_e2e_sitofp_32ns_32_6_no_dsp_1_ip'
INFO: [VRFC 10-163] Analyzing VHDL file "/home/frank/TurboVLA-codex-T015-b3761ce/build/hls/e2e/e2e_solution/sim/verilog/ip/xil_defaultlib/turbovla_lite_e2e_fpext_32ns_64_2_no_dsp_0_ip.vhd" into library xil_defaultlib
INFO: [VRFC 10-3107] analyzing entity 'turbovla_lite_e2e_fpext_32ns_64_2_no_dsp_0_ip'
INFO: [VRFC 10-163] Analyzing VHDL file "/home/frank/TurboVLA-codex-T015-b3761ce/build/hls/e2e/e2e_solution/sim/verilog/ip/xil_defaultlib/turbovla_lite_e2e_fmul_32ns_32ns_32_5_max_dsp_1_ip.vhd" into library xil_defaultlib
INFO: [VRFC 10-3107] analyzing entity 'turbovla_lite_e2e_fmul_32ns_32ns_32_5_max_dsp_1_ip'
INFO: [VRFC 10-163] Analyzing VHDL file "/home/frank/TurboVLA-codex-T015-b3761ce/build/hls/e2e/e2e_solution/sim/verilog/ip/xil_defaultlib/turbovla_lite_e2e_fcmp_32ns_32ns_1_2_no_dsp_0_ip.vhd" into library xil_defaultlib
INFO: [VRFC 10-3107] analyzing entity 'turbovla_lite_e2e_fcmp_32ns_32ns_1_2_no_dsp_0_ip'
INFO: [VRFC 10-163] Analyzing VHDL file "/home/frank/TurboVLA-codex-T015-b3761ce/build/hls/e2e/e2e_solution/sim/verilog/ip/xil_defaultlib/turbovla_lite_e2e_fptrunc_64ns_32_2_no_dsp_0_ip.vhd" into library xil_defaultlib
INFO: [VRFC 10-3107] analyzing entity 'turbovla_lite_e2e_fptrunc_64ns_32_2_no_dsp_0_ip'
INFO: [VRFC 10-163] Analyzing VHDL file "/home/frank/TurboVLA-codex-T015-b3761ce/build/hls/e2e/e2e_solution/sim/verilog/ip/xil_defaultlib/turbovla_lite_e2e_sitofp_32s_32_6_no_dsp_1_ip.vhd" into library xil_defaultlib
INFO: [VRFC 10-3107] analyzing entity 'turbovla_lite_e2e_sitofp_32s_32_6_no_dsp_1_ip'
INFO: [VRFC 10-163] Analyzing VHDL file "/home/frank/TurboVLA-codex-T015-b3761ce/build/hls/e2e/e2e_solution/sim/verilog/ip/xil_defaultlib/turbovla_lite_e2e_uitofp_32ns_32_6_no_dsp_1_ip.vhd" into library xil_defaultlib
INFO: [VRFC 10-3107] analyzing entity 'turbovla_lite_e2e_uitofp_32ns_32_6_no_dsp_1_ip'
INFO: [VRFC 10-163] Analyzing VHDL file "/home/frank/TurboVLA-codex-T015-b3761ce/build/hls/e2e/e2e_solution/sim/verilog/ip/xil_defaultlib/turbovla_lite_e2e_fsub_32ns_32ns_32_8_full_dsp_0_ip.vhd" into library xil_defaultlib
INFO: [VRFC 10-3107] analyzing entity 'turbovla_lite_e2e_fsub_32ns_32ns_32_8_full_dsp_0_ip'
Starting static elaboration
Pass Through NonSizing Optimizer
Completed static elaboration
Starting simulation data flow analysis
WARNING: [XSIM 43-4099] "/proj/primebuilds/9999.0_PRIME_0428_0031/installs/data/system_verilog/uvm_1.2/xlnx_uvm_package.sv" Line 4356. Module uvm_pkg doesn't have a timescale but at least one module in design has a timescale.
WARNING: [XSIM 43-4099] "/proj/primebuilds/9999.0_PRIME_0428_0031/installs/data/system_verilog/uvm_1.2/xlnx_uvm_package.sv" Line 4356. Module uvm_pkg doesn't have a timescale but at least one module in design has a timescale.
WARNING: [XSIM 43-4468] File : /proj/primebuilds/9999.0_PRIME_0428_0031/installs/data/system_verilog/uvm_1.2/xlnx_uvm_package.sv, Line : 25994, RANDC variable size more than 8 bits. This will be treated as a RAND variable instead.
Completed simulation data flow analysis
Time Resolution for simulation is 1ps
Compiling package std.standard
Compiling package std.textio
Compiling package ieee.std_logic_1164
Compiling package ieee.numeric_std
Compiling package floating_point_v7_1_20.floating_point_v7_1_20_viv_comp
Compiling package xbip_utils_v3_0_14.xbip_utils_v3_0_14_pkg
Compiling package axi_utils_v2_0_10.axi_utils_v2_0_10_pkg
Compiling package floating_point_v7_1_20.floating_point_v7_1_20_consts
Compiling package ieee.math_real
Compiling package floating_point_v7_1_20.floating_point_v7_1_20_exp_table...
Compiling package mult_gen_v12_0_23.mult_gen_v12_0_23_pkg
Compiling package ieee.std_logic_arith
Compiling package ieee.std_logic_signed
Compiling package floating_point_v7_1_20.floating_point_v7_1_20_pkg
Compiling package floating_point_v7_1_20.flt_utils
Compiling package unisim.vcomponents
Compiling package xbip_pipe_v3_0_10.xbip_pipe_v3_0_10_viv_comp
Compiling package floating_point_v7_1_20.vt2mutils
Compiling package floating_point_v7_1_20.vt2mcomps
Compiling package ieee.vital_timing
Compiling package ieee.vital_primitives
Compiling package unisim.vpkg
Compiling package xil_defaultlib.$unit_sv_module_top_sv
Compiling package uvm.uvm_pkg
Compiling package std.std
Compiling package xil_defaultlib.axi_pkg
Compiling package xil_defaultlib.turbovla_lite_e2e_subsystem_pkg
Compiling package xil_defaultlib.file_agent_pkg
Compiling package xil_defaultlib.$unit_dataflow_monitor_sv
Compiling module xil_defaultlib.turbovla_lite_e2e_p_anonymous_na...
Compiling module xil_defaultlib.turbovla_lite_e2e_p_anonymous_na...
Compiling module xil_defaultlib.turbovla_lite_e2e_run_visual_RAM...
Compiling module xil_defaultlib.turbovla_lite_e2e_run_language_R...
Compiling module xil_defaultlib.turbovla_lite_e2e_run_fusion_1_R...
Compiling module xil_defaultlib.turbovla_lite_e2e_run_action_RAM...
Compiling module xil_defaultlib.turbovla_lite_e2e_p_anonymous_na...
Compiling module xil_defaultlib.turbovla_lite_e2e_flow_control_l...
Compiling module xil_defaultlib.turbovla_lite_e2e_p_anonymous_na...
Compiling architecture synth of entity xbip_pipe_v3_0_10.xbip_pipe_v3_0_10_viv [\xbip_pipe_v3_0_10_viv(c_has_ce=...]
Compiling architecture rtl of entity floating_point_v7_1_20.delay [\delay(width=23,length=0)\]
Compiling architecture muxcy_v of entity unisim.MUXCY [muxcy_default]
Compiling architecture xorcy_v of entity unisim.XORCY [xorcy_default]
Compiling architecture synth of entity xbip_pipe_v3_0_10.xbip_pipe_v3_0_10_viv [\xbip_pipe_v3_0_10_viv(c_has_ce=...]
Compiling architecture rtl of entity floating_point_v7_1_20.delay [\delay(width=25,length=0,fast_in...]
Compiling architecture struct of entity floating_point_v7_1_20.carry_chain [\carry_chain(c_xdevicefamily="zy...]
Compiling architecture synth of entity floating_point_v7_1_20.flt_div_mant_addsub [\flt_div_mant_addsub(c_xdevicefa...]
Compiling architecture synth of entity xbip_pipe_v3_0_10.xbip_pipe_v3_0_10_viv [\xbip_pipe_v3_0_10_viv(c_has_ce=...]
Compiling architecture rtl of entity floating_point_v7_1_20.delay [\delay(width=26,length=0)\]
Compiling architecture synth of entity xbip_pipe_v3_0_10.xbip_pipe_v3_0_10_viv [\xbip_pipe_v3_0_10_viv(c_has_ce=...]
Compiling architecture rtl of entity floating_point_v7_1_20.delay [\delay(length=0)\]
Compiling architecture synth of entity xbip_pipe_v3_0_10.xbip_pipe_v3_0_10_viv [\xbip_pipe_v3_0_10_viv(c_latency...]
Compiling architecture rtl of entity floating_point_v7_1_20.delay [\delay(width=23)\]
Compiling architecture synth of entity xbip_pipe_v3_0_10.xbip_pipe_v3_0_10_viv [\xbip_pipe_v3_0_10_viv(c_has_ce=...]
Compiling architecture rtl of entity floating_point_v7_1_20.delay [\delay(width=24,length=0)\]
Compiling architecture synth of entity xbip_pipe_v3_0_10.xbip_pipe_v3_0_10_viv [\xbip_pipe_v3_0_10_viv(c_latency...]
Compiling architecture rtl of entity floating_point_v7_1_20.delay [\delay(width=25,fast_input=true)...]
Compiling architecture struct of entity floating_point_v7_1_20.carry_chain [\carry_chain(c_xdevicefamily="zy...]
Compiling architecture synth of entity floating_point_v7_1_20.flt_div_mant_addsub [\flt_div_mant_addsub(c_xdevicefa...]
Compiling architecture synth of entity xbip_pipe_v3_0_10.xbip_pipe_v3_0_10_viv [\xbip_pipe_v3_0_10_viv(c_latency...]
Compiling architecture rtl of entity floating_point_v7_1_20.delay [\delay(width=26)\]
Compiling architecture synth of entity xbip_pipe_v3_0_10.xbip_pipe_v3_0_10_viv [\xbip_pipe_v3_0_10_viv(c_latency...]
Compiling architecture rtl of entity floating_point_v7_1_20.delay [delay_default]
Compiling architecture virtex of entity floating_point_v7_1_20.flt_div_mant [\flt_div_mant(c_xdevicefamily="z...]
Compiling architecture synth of entity xbip_pipe_v3_0_10.xbip_pipe_v3_0_10_viv [\xbip_pipe_v3_0_10_viv(c_latency...]
Compiling architecture rtl of entity floating_point_v7_1_20.delay [\delay(width=10,fast_input=true)...]
Compiling architecture synth of entity xbip_pipe_v3_0_10.xbip_pipe_v3_0_10_viv [\xbip_pipe_v3_0_10_viv(c_has_ce=...]
Compiling architecture rtl of entity floating_point_v7_1_20.delay [\delay(length=0,fast_input=true)...]
Compiling architecture rtl of entity floating_point_v7_1_20.special_detect [\special_detect(c_xdevicefamily=...]
Compiling architecture synth of entity xbip_pipe_v3_0_10.xbip_pipe_v3_0_10_viv [\xbip_pipe_v3_0_10_viv(c_latency...]
Compiling architecture rtl of entity floating_point_v7_1_20.delay [\delay(length=13,fast_input=true...]
Compiling architecture synth of entity xbip_pipe_v3_0_10.xbip_pipe_v3_0_10_viv [\xbip_pipe_v3_0_10_viv(c_latency...]
Compiling architecture rtl of entity floating_point_v7_1_20.delay [\delay(width=2,fast_input=true)\]
Compiling architecture synth of entity xbip_pipe_v3_0_10.xbip_pipe_v3_0_10_viv [\xbip_pipe_v3_0_10_viv(c_latency...]
Compiling architecture rtl of entity floating_point_v7_1_20.delay [\delay(fast_input=true)\]
Compiling architecture synth of entity xbip_pipe_v3_0_10.xbip_pipe_v3_0_10_viv [\xbip_pipe_v3_0_10_viv(c_has_ce=...]
Compiling architecture rtl of entity floating_point_v7_1_20.delay [\delay(width=4,length=0,fast_inp...]
Compiling architecture synth of entity xbip_pipe_v3_0_10.xbip_pipe_v3_0_10_viv [\xbip_pipe_v3_0_10_viv(c_latency...]
Compiling architecture rtl of entity floating_point_v7_1_20.delay [\delay(width=8,length=12)\]
Compiling architecture synth of entity xbip_pipe_v3_0_10.xbip_pipe_v3_0_10_viv [\xbip_pipe_v3_0_10_viv(c_latency...]
Compiling architecture rtl of entity floating_point_v7_1_20.delay [\delay(length=12,fast_input=true...]
Compiling architecture synth of entity xbip_pipe_v3_0_10.xbip_pipe_v3_0_10_viv [\xbip_pipe_v3_0_10_viv(c_latency...]
Compiling architecture rtl of entity floating_point_v7_1_20.delay [\delay(width=3,length=12,fast_in...]
Compiling architecture synth of entity xbip_pipe_v3_0_10.xbip_pipe_v3_0_10_viv [\xbip_pipe_v3_0_10_viv(c_latency...]
Compiling architecture rtl of entity floating_point_v7_1_20.delay [\delay(width=4,length=12,fast_in...]
Compiling architecture synth of entity xbip_pipe_v3_0_10.xbip_pipe_v3_0_10_viv [\xbip_pipe_v3_0_10_viv(c_has_ce=...]
Compiling architecture rtl of entity floating_point_v7_1_20.delay [\delay(width=14,length=0)\]
Compiling architecture rtl of entity floating_point_v7_1_20.flt_div_exp [\flt_div_exp(c_xdevicefamily="no...]
Compiling architecture synth of entity xbip_pipe_v3_0_10.xbip_pipe_v3_0_10_viv [\xbip_pipe_v3_0_10_viv(c_has_ce=...]
Compiling architecture rtl of entity floating_point_v7_1_20.delay [\delay(width=8,length=0)\]
Compiling architecture synth of entity xbip_pipe_v3_0_10.xbip_pipe_v3_0_10_viv [\xbip_pipe_v3_0_10_viv(c_has_ce=...]
Compiling architecture rtl of entity floating_point_v7_1_20.delay [\delay(width=12,length=0,fast_in...]
Compiling architecture struct of entity floating_point_v7_1_20.carry_chain [\carry_chain(c_xdevicefamily="zy...]
Compiling architecture struct of entity floating_point_v7_1_20.carry_chain [\carry_chain(c_xdevicefamily="zy...]
Compiling architecture synth of entity xbip_pipe_v3_0_10.xbip_pipe_v3_0_10_viv [\xbip_pipe_v3_0_10_viv(c_has_ce=...]
Compiling architecture rtl of entity floating_point_v7_1_20.delay [\delay(width=3,length=0)\]
Compiling architecture synth of entity xbip_pipe_v3_0_10.xbip_pipe_v3_0_10_viv [\xbip_pipe_v3_0_10_viv(c_has_ce=...]
Compiling architecture rtl of entity floating_point_v7_1_20.delay [\delay(width=2,length=0)\]
Compiling architecture synth of entity xbip_pipe_v3_0_10.xbip_pipe_v3_0_10_viv [\xbip_pipe_v3_0_10_viv(c_has_ce=...]
Compiling architecture rtl of entity floating_point_v7_1_20.delay [\delay(width=2,length=0,fast_inp...]
Compiling architecture struct of entity floating_point_v7_1_20.carry_chain [\carry_chain(c_xdevicefamily="zy...]
Compiling architecture rtl of entity floating_point_v7_1_20.flt_round_bit [\flt_round_bit(c_xdevicefamily="...]
Compiling architecture rtl of entity floating_point_v7_1_20.renorm_and_round_logic [\renorm_and_round_logic(c_xdevic...]
Compiling architecture synth of entity floating_point_v7_1_20.flt_dec_op_lat [\flt_dec_op_lat(c_xdevicefamily=...]
Compiling architecture virtex of entity floating_point_v7_1_20.flt_div [\flt_div(c_xdevicefamily="zynqup...]
Compiling architecture synth of entity xbip_pipe_v3_0_10.xbip_pipe_v3_0_10_viv [\xbip_pipe_v3_0_10_viv(c_latency...]
Compiling architecture synth of entity xbip_pipe_v3_0_10.xbip_pipe_v3_0_10_viv [\xbip_pipe_v3_0_10_viv(c_has_ce=...]
Compiling architecture rtl of entity floating_point_v7_1_20.delay [\delay(width=32,length=0)\]
Compiling architecture xilinx of entity floating_point_v7_1_20.floating_point_v7_1_20_viv [\floating_point_v7_1_20_viv(c_xd...]
Compiling architecture xilinx of entity floating_point_v7_1_20.floating_point_v7_1_20 [\floating_point_v7_1_20(c_xdevic...]
Compiling architecture turbovla_lite_e2e_fdiv_32ns_32ns_32_16_no_dsp_0_ip_arch of entity xil_defaultlib.turbovla_lite_e2e_fdiv_32ns_32ns_32_16_no_dsp_0_ip [turbovla_lite_e2e_fdiv_32ns_32ns...]
Compiling module xil_defaultlib.turbovla_lite_e2e_fdiv_32ns_32ns...
Compiling architecture synth of entity floating_point_v7_1_20.compare_eq_im [\compare_eq_im(c_xdevicefamily="...]
Compiling architecture synth of entity xbip_pipe_v3_0_10.xbip_pipe_v3_0_10_viv [\xbip_pipe_v3_0_10_viv(c_has_ce=...]
Compiling architecture rtl of entity floating_point_v7_1_20.delay [\delay(width=4,length=0)\]
Compiling architecture struct of entity floating_point_v7_1_20.carry_chain [\carry_chain(c_xdevicefamily="zy...]
Compiling architecture synth of entity floating_point_v7_1_20.compare_ne_im [\compare_ne_im(c_xdevicefamily="...]
Compiling architecture struct of entity floating_point_v7_1_20.carry_chain [\carry_chain(c_xdevicefamily="zy...]
Compiling architecture synth of entity floating_point_v7_1_20.compare_eq_im [\compare_eq_im(c_xdevicefamily="...]
Compiling architecture synth of entity xbip_pipe_v3_0_10.xbip_pipe_v3_0_10_viv [\xbip_pipe_v3_0_10_viv(c_has_ce=...]
Compiling architecture rtl of entity floating_point_v7_1_20.delay [\delay(width=11,length=0)\]
Compiling architecture struct of entity floating_point_v7_1_20.carry_chain [\carry_chain(c_xdevicefamily="zy...]
Compiling architecture synth of entity floating_point_v7_1_20.compare_eq [\compare_eq(c_xdevicefamily="zyn...]
Compiling architecture synth of entity xbip_pipe_v3_0_10.xbip_pipe_v3_0_10_viv [\xbip_pipe_v3_0_10_viv(c_has_ce=...]
Compiling architecture rtl of entity floating_point_v7_1_20.delay [\delay(width=16,length=0)\]
Compiling architecture struct of entity floating_point_v7_1_20.carry_chain [\carry_chain(c_xdevicefamily="zy...]
Compiling architecture synth of entity floating_point_v7_1_20.compare_gt [\compare_gt(c_xdevicefamily="zyn...]
Compiling architecture rtl of entity floating_point_v7_1_20.fp_cmp [\fp_cmp(c_xdevicefamily="zynqupl...]
Compiling architecture xilinx of entity floating_point_v7_1_20.floating_point_v7_1_20_viv [\floating_point_v7_1_20_viv(c_xd...]
Compiling architecture xilinx of entity floating_point_v7_1_20.floating_point_v7_1_20 [\floating_point_v7_1_20(c_xdevic...]
Compiling architecture turbovla_lite_e2e_fcmp_32ns_32ns_1_2_no_dsp_0_ip_arch of entity xil_defaultlib.turbovla_lite_e2e_fcmp_32ns_32ns_1_2_no_dsp_0_ip [turbovla_lite_e2e_fcmp_32ns_32ns...]
Compiling module xil_defaultlib.turbovla_lite_e2e_fcmp_32ns_32ns...
Compiling module xil_defaultlib.turbovla_lite_e2e_sparsemux_7_2_...
Compiling module xil_defaultlib.turbovla_lite_e2e_p_anonymous_na...
Compiling architecture rtl of entity floating_point_v7_1_20.norm_zero_det [\norm_zero_det(data_width=7,norm...]
Compiling architecture synth of entity xbip_pipe_v3_0_10.xbip_pipe_v3_0_10_viv [\xbip_pipe_v3_0_10_viv(c_latency...]
Compiling architecture rtl of entity floating_point_v7_1_20.delay [\delay(width=4,fast_input=true)\]
Compiling architecture rtl of entity floating_point_v7_1_20.mux4 [\mux4(c_xdevicefamily="zynquplus...]
Compiling architecture synth of entity xbip_pipe_v3_0_10.xbip_pipe_v3_0_10_viv [\xbip_pipe_v3_0_10_viv(c_latency...]
Compiling architecture rtl of entity floating_point_v7_1_20.delay [\delay(width=2,length=2)\]
Compiling architecture rtl of entity floating_point_v7_1_20.mux4 [\mux4(c_xdevicefamily="zynquplus...]
Compiling architecture synth of entity xbip_pipe_v3_0_10.xbip_pipe_v3_0_10_viv [\xbip_pipe_v3_0_10_viv(c_latency...]
Compiling architecture rtl of entity floating_point_v7_1_20.delay [\delay(width=2)\]
Compiling architecture synth of entity xbip_pipe_v3_0_10.xbip_pipe_v3_0_10_viv [\xbip_pipe_v3_0_10_viv(c_has_ce=...]
Compiling architecture rtl of entity floating_point_v7_1_20.delay [\delay(width=8,length=0,fast_inp...]
Compiling architecture struct of entity floating_point_v7_1_20.carry_chain [\carry_chain(c_xdevicefamily="zy...]
Compiling architecture rtl of entity floating_point_v7_1_20.lead_zero_encode [\lead_zero_encode(c_xdevicefamil...]
Compiling architecture synth of entity xbip_pipe_v3_0_10.xbip_pipe_v3_0_10_viv [\xbip_pipe_v3_0_10_viv(c_latency...]
Compiling architecture rtl of entity floating_point_v7_1_20.delay [\delay(width=32)\]
Compiling architecture rtl of entity floating_point_v7_1_20.shift_msb_first [\shift_msb_first(a_width=32,resu...]
Compiling architecture synth of entity xbip_pipe_v3_0_10.xbip_pipe_v3_0_10_viv [\xbip_pipe_v3_0_10_viv(c_latency...]
Compiling architecture rtl of entity floating_point_v7_1_20.delay [\delay(width=8)\]
Compiling architecture synth of entity xbip_pipe_v3_0_10.xbip_pipe_v3_0_10_viv [\xbip_pipe_v3_0_10_viv(c_latency...]
Compiling architecture rtl of entity floating_point_v7_1_20.delay [\delay(width=12)\]
Compiling architecture struct of entity floating_point_v7_1_20.carry_chain [\carry_chain(c_xdevicefamily="zy...]
Compiling architecture synth of entity xbip_pipe_v3_0_10.xbip_pipe_v3_0_10_viv [\xbip_pipe_v3_0_10_viv(c_latency...]
Compiling architecture rtl of entity floating_point_v7_1_20.delay [\delay(width=11)\]
Compiling architecture struct of entity floating_point_v7_1_20.carry_chain [\carry_chain(c_xdevicefamily="zy...]
Compiling architecture synth of entity xbip_pipe_v3_0_10.xbip_pipe_v3_0_10_viv [\xbip_pipe_v3_0_10_viv(c_has_ce=...]
Compiling architecture rtl of entity floating_point_v7_1_20.delay [\delay(width=25,length=0)\]
Compiling architecture rtl of entity floating_point_v7_1_20.flt_round_bit [\flt_round_bit(c_xdevicefamily="...]
Compiling architecture rtl of entity floating_point_v7_1_20.renorm_and_round_logic [\renorm_and_round_logic(c_xdevic...]
Compiling architecture synth of entity xbip_pipe_v3_0_10.xbip_pipe_v3_0_10_viv [\xbip_pipe_v3_0_10_viv(c_latency...]
Compiling architecture rtl of entity floating_point_v7_1_20.delay [\delay(length=2)\]
Compiling architecture synth of entity floating_point_v7_1_20.fix_to_flt_conv_exp [\fix_to_flt_conv_exp(c_xdevicefa...]
Compiling architecture synth of entity floating_point_v7_1_20.flt_dec_op [\flt_dec_op(c_xdevicefamily="zyn...]
Compiling architecture struct of entity floating_point_v7_1_20.fix_to_flt_conv [\fix_to_flt_conv(c_xdevicefamily...]
Compiling architecture synth of entity xbip_pipe_v3_0_10.xbip_pipe_v3_0_10_viv [\xbip_pipe_v3_0_10_viv(c_latency...]
Compiling architecture xilinx of entity floating_point_v7_1_20.floating_point_v7_1_20_viv [\floating_point_v7_1_20_viv(c_xd...]
Compiling architecture xilinx of entity floating_point_v7_1_20.floating_point_v7_1_20 [\floating_point_v7_1_20(c_xdevic...]
Compiling architecture turbovla_lite_e2e_uitofp_32ns_32_6_no_dsp_1_ip_arch of entity xil_defaultlib.turbovla_lite_e2e_uitofp_32ns_32_6_no_dsp_1_ip [turbovla_lite_e2e_uitofp_32ns_32...]
Compiling module xil_defaultlib.turbovla_lite_e2e_uitofp_32ns_32...
Compiling architecture synth of entity xbip_pipe_v3_0_10.xbip_pipe_v3_0_10_viv [\xbip_pipe_v3_0_10_viv(c_has_ce=...]
Compiling architecture rtl of entity floating_point_v7_1_20.delay [\delay(width=31,length=0)\]
Compiling architecture struct of entity floating_point_v7_1_20.carry_chain [\carry_chain(c_xdevicefamily="zy...]
Compiling architecture synth of entity xbip_pipe_v3_0_10.xbip_pipe_v3_0_10_viv [\xbip_pipe_v3_0_10_viv(c_latency...]
Compiling architecture rtl of entity floating_point_v7_1_20.delay [\delay(width=4)\]
Compiling architecture rtl of entity floating_point_v7_1_20.norm_zero_det [\norm_zero_det(data_width=7,norm...]
Compiling architecture rtl of entity floating_point_v7_1_20.mux4 [\mux4(c_xdevicefamily="zynquplus...]
Compiling architecture fdre_v of entity unisim.FDRE [fdre_default]
Compiling architecture fde_v of entity unisim.FDE [fde_default]
Compiling architecture struct of entity floating_point_v7_1_20.carry_chain [\carry_chain(c_xdevicefamily="zy...]
Compiling architecture rtl of entity floating_point_v7_1_20.lead_zero_encode [\lead_zero_encode(c_xdevicefamil...]
Compiling architecture rtl of entity floating_point_v7_1_20.shift_msb_first [\shift_msb_first(a_width=32,resu...]
Compiling architecture synth of entity xbip_pipe_v3_0_10.xbip_pipe_v3_0_10_viv [\xbip_pipe_v3_0_10_viv(c_has_ce=...]
Compiling architecture rtl of entity floating_point_v7_1_20.delay [\delay(width=12,length=0)\]
Compiling architecture struct of entity floating_point_v7_1_20.carry_chain [\carry_chain(c_xdevicefamily="zy...]
Compiling architecture struct of entity floating_point_v7_1_20.carry_chain [\carry_chain(c_xdevicefamily="zy...]
Compiling architecture rtl of entity floating_point_v7_1_20.renorm_and_round_logic [\renorm_and_round_logic(c_xdevic...]
Compiling architecture synth of entity xbip_pipe_v3_0_10.xbip_pipe_v3_0_10_viv [\xbip_pipe_v3_0_10_viv(c_latency...]
Compiling architecture rtl of entity floating_point_v7_1_20.delay [\delay(length=3)\]
Compiling architecture synth of entity floating_point_v7_1_20.fix_to_flt_conv_exp [\fix_to_flt_conv_exp(c_xdevicefa...]
Compiling architecture struct of entity floating_point_v7_1_20.fix_to_flt_conv [\fix_to_flt_conv(c_xdevicefamily...]
Compiling architecture xilinx of entity floating_point_v7_1_20.floating_point_v7_1_20_viv [\floating_point_v7_1_20_viv(c_xd...]
Compiling architecture xilinx of entity floating_point_v7_1_20.floating_point_v7_1_20 [\floating_point_v7_1_20(c_xdevic...]
Compiling architecture turbovla_lite_e2e_sitofp_32s_32_6_no_dsp_1_ip_arch of entity xil_defaultlib.turbovla_lite_e2e_sitofp_32s_32_6_no_dsp_1_ip [turbovla_lite_e2e_sitofp_32s_32_...]
Compiling module xil_defaultlib.turbovla_lite_e2e_sitofp_32s_32_...
Compiling module xil_defaultlib.turbovla_lite_e2e_mul_8s_8s_16_1...
Compiling module xil_defaultlib.turbovla_lite_e2e_mac_muladd_8s_...
Compiling module xil_defaultlib.turbovla_lite_e2e_mac_muladd_8s_...
Compiling module xil_defaultlib.turbovla_lite_e2e_mac_muladd_8s_...
Compiling module xil_defaultlib.turbovla_lite_e2e_mac_muladd_8s_...
Compiling module xil_defaultlib.turbovla_lite_e2e_p_anonymous_na...
Compiling module xil_defaultlib.turbovla_lite_e2e_p_anonymous_na...
Compiling module xil_defaultlib.turbovla_lite_e2e_p_anonymous_na...
Compiling module xil_defaultlib.turbovla_lite_e2e_run_Pipeline_V...
Compiling module xil_defaultlib.turbovla_lite_e2e_p_anonymous_na...
Compiling module xil_defaultlib.turbovla_lite_e2e_p_anonymous_na...
Compiling module xil_defaultlib.turbovla_lite_e2e_p_anonymous_na...
Compiling module xil_defaultlib.turbovla_lite_e2e_p_anonymous_na...
Compiling module xil_defaultlib.turbovla_lite_e2e_mac_muladd_8s_...
Compiling module xil_defaultlib.turbovla_lite_e2e_mac_muladd_8s_...
Compiling module xil_defaultlib.turbovla_lite_e2e_p_anonymous_na...
Compiling module xil_defaultlib.turbovla_lite_e2e_mac_muladd_8s_...
Compiling module xil_defaultlib.turbovla_lite_e2e_mac_muladd_8s_...
Compiling module xil_defaultlib.turbovla_lite_e2e_p_anonymous_na...
Compiling module xil_defaultlib.turbovla_lite_e2e_p_anonymous_na...
Compiling module xil_defaultlib.turbovla_lite_e2e_p_anonymous_na...
Compiling module xil_defaultlib.turbovla_lite_e2e_p_anonymous_na...
Compiling module xil_defaultlib.turbovla_lite_e2e_p_anonymous_na...
Compiling module xil_defaultlib.turbovla_lite_e2e_p_anonymous_na...
Compiling module xil_defaultlib.turbovla_lite_e2e_p_anonymous_na...
Compiling module xil_defaultlib.turbovla_lite_e2e_p_anonymous_na...
Compiling module xil_defaultlib.turbovla_lite_e2e_p_anonymous_na...
Compiling module xil_defaultlib.turbovla_lite_e2e_p_anonymous_na...
Compiling module xil_defaultlib.turbovla_lite_e2e_p_anonymous_na...
Compiling module xil_defaultlib.turbovla_lite_e2e_p_anonymous_na...
Compiling module xil_defaultlib.turbovla_lite_e2e_p_anonymous_na...
Compiling module xil_defaultlib.turbovla_lite_e2e_p_anonymous_na...
Compiling module xil_defaultlib.turbovla_lite_e2e_p_anonymous_na...
Compiling module xil_defaultlib.turbovla_lite_e2e_run_Pipeline_V...
Compiling module xil_defaultlib.turbovla_lite_e2e_exp_generic_do...
Compiling module xil_defaultlib.turbovla_lite_e2e_exp_generic_do...
Compiling module xil_defaultlib.turbovla_lite_e2e_exp_generic_do...
Compiling module xil_defaultlib.turbovla_lite_e2e_mul_13s_71s_71...
Compiling module xil_defaultlib.turbovla_lite_e2e_mul_43ns_36ns_...
Compiling module xil_defaultlib.turbovla_lite_e2e_mul_49ns_44ns_...
Compiling module xil_defaultlib.turbovla_lite_e2e_mul_50ns_50ns_...
Compiling module xil_defaultlib.turbovla_lite_e2e_sparsemux_9_3_...
Compiling module xil_defaultlib.turbovla_lite_e2e_mac_muladd_16s...
Compiling module xil_defaultlib.turbovla_lite_e2e_mac_muladd_16s...
Compiling module xil_defaultlib.turbovla_lite_e2e_exp_generic_do...
Compiling architecture synth of entity xbip_pipe_v3_0_10.xbip_pipe_v3_0_10_viv [\xbip_pipe_v3_0_10_viv(c_has_ce=...]
Compiling architecture rtl of entity floating_point_v7_1_20.delay [\delay(width=7,length=0)\]
Compiling architecture struct of entity floating_point_v7_1_20.carry_chain [\carry_chain(c_xdevicefamily="zy...]
Compiling architecture synth of entity floating_point_v7_1_20.compare_eq_im [\compare_eq_im(c_xdevicefamily="...]
Compiling architecture struct of entity floating_point_v7_1_20.carry_chain [\carry_chain(c_xdevicefamily="zy...]
Compiling architecture synth of entity xbip_pipe_v3_0_10.xbip_pipe_v3_0_10_viv [\xbip_pipe_v3_0_10_viv(c_has_ce=...]
Compiling architecture rtl of entity floating_point_v7_1_20.delay [\delay(width=24,length=0,fast_in...]
Compiling architecture dsp48e1_v of entity unisim.DSP48E1 [\DSP48E1(acascreg=0,adreg=0,areg...]
Compiling architecture synth of entity xbip_pipe_v3_0_10.xbip_pipe_v3_0_10_viv [\xbip_pipe_v3_0_10_viv(c_has_ce=...]
Compiling architecture rtl of entity floating_point_v7_1_20.delay [\delay(width=48,length=0)\]
Compiling architecture rtl of entity floating_point_v7_1_20.dsp48e1_wrapper [\dsp48e1_wrapper(c_part="xck26-s...]
Compiling architecture synth of entity xbip_pipe_v3_0_10.xbip_pipe_v3_0_10_viv [\xbip_pipe_v3_0_10_viv(c_latency...]
Compiling architecture rtl of entity floating_point_v7_1_20.delay [\delay(width=13)\]
Compiling architecture synth of entity xbip_pipe_v3_0_10.xbip_pipe_v3_0_10_viv [\xbip_pipe_v3_0_10_viv(c_latency...]
Compiling architecture rtl of entity floating_point_v7_1_20.delay [\delay(width=27)\]
Compiling architecture synth of entity floating_point_v7_1_20.align_add_dsp48e1_sgl [\align_add_dsp48e1_sgl(c_xdevice...]
Compiling architecture lut5_v of entity unisim.LUT5 [\LUT5(init="00000000000000001111...]
Compiling architecture lut5_v of entity unisim.LUT5 [\LUT5(init="00000000000000000000...]
Compiling architecture synth of entity xbip_pipe_v3_0_10.xbip_pipe_v3_0_10_viv [\xbip_pipe_v3_0_10_viv(c_has_ce=...]
Compiling architecture rtl of entity floating_point_v7_1_20.delay [\delay(width=27,length=0)\]
Compiling architecture synth of entity xbip_pipe_v3_0_10.xbip_pipe_v3_0_10_viv [\xbip_pipe_v3_0_10_viv(c_latency...]
Compiling architecture rtl of entity floating_point_v7_1_20.delay [\delay(width=16)\]
Compiling architecture synth of entity xbip_pipe_v3_0_10.xbip_pipe_v3_0_10_viv [\xbip_pipe_v3_0_10_viv(c_latency...]
Compiling architecture rtl of entity floating_point_v7_1_20.delay [\delay(width=5)\]
Compiling architecture rtl of entity floating_point_v7_1_20.lead_zero_encode_shift [\lead_zero_encode_shift(ab_fw=24...]
Compiling architecture lut6_v of entity unisim.LUT6 [\LUT6(init="11111110010101001011...]
Compiling architecture lut5_v of entity unisim.LUT5 [\LUT5(init="00010001010111110000...]
Compiling architecture lut5_v of entity unisim.LUT5 [\LUT5(init="11101110101000001111...]
Compiling architecture dsp48e1_v of entity unisim.DSP48E1 [\DSP48E1(adreg=0,bcascreg=0,breg...]
Compiling architecture rtl of entity floating_point_v7_1_20.dsp48e1_wrapper [\dsp48e1_wrapper(a_width=24,c_wi...]
Compiling architecture rtl of entity floating_point_v7_1_20.norm_and_round_dsp48e1_sgl [\norm_and_round_dsp48e1_sgl(c_mu...]
Compiling architecture lut5_v of entity unisim.LUT5 [\LUT5(init="10011001100110011001...]
Compiling architecture lut5_v of entity unisim.LUT5 [\LUT5(init="11111111000000001111...]
Compiling architecture synth of entity xbip_pipe_v3_0_10.xbip_pipe_v3_0_10_viv [\xbip_pipe_v3_0_10_viv(c_has_ce=...]
Compiling architecture rtl of entity floating_point_v7_1_20.delay [\delay(width=9,length=0)\]
Compiling architecture struct of entity floating_point_v7_1_20.carry_chain [\carry_chain(c_xdevicefamily="zy...]
Compiling architecture synth of entity xbip_pipe_v3_0_10.xbip_pipe_v3_0_10_viv [\xbip_pipe_v3_0_10_viv(c_latency...]
Compiling architecture rtl of entity floating_point_v7_1_20.delay [\delay(width=9,length=3)\]
Compiling architecture synth of entity xbip_pipe_v3_0_10.xbip_pipe_v3_0_10_viv [\xbip_pipe_v3_0_10_viv(c_has_ce=...]
Compiling architecture rtl of entity floating_point_v7_1_20.delay [\delay(width=10,length=0)\]
Compiling architecture struct of entity floating_point_v7_1_20.carry_chain [\carry_chain(c_xdevicefamily="zy...]
Compiling architecture synth of entity floating_point_v7_1_20.compare_eq_im [\compare_eq_im(c_xdevicefamily="...]
Compiling architecture rtl of entity floating_point_v7_1_20.special_detect [\special_detect(c_xdevicefamily=...]
Compiling architecture struct of entity floating_point_v7_1_20.carry_chain [\carry_chain(c_xdevicefamily="zy...]
Compiling architecture synth of entity floating_point_v7_1_20.compare_gt [\compare_gt(c_xdevicefamily="zyn...]
Compiling architecture synth of entity floating_point_v7_1_20.compare [\compare(c_xdevicefamily="zynqup...]
Compiling architecture synth of entity xbip_pipe_v3_0_10.xbip_pipe_v3_0_10_viv [\xbip_pipe_v3_0_10_viv(c_latency...]
Compiling architecture rtl of entity floating_point_v7_1_20.delay [\delay(width=9)\]
Compiling architecture synth of entity xbip_pipe_v3_0_10.xbip_pipe_v3_0_10_viv [\xbip_pipe_v3_0_10_viv(c_latency...]
Compiling architecture rtl of entity floating_point_v7_1_20.delay [\delay(width=2,length=4,fast_inp...]
Compiling architecture rtl of entity floating_point_v7_1_20.delay [\delay(length=4,fast_input=true)...]
Compiling architecture synth of entity xbip_pipe_v3_0_10.xbip_pipe_v3_0_10_viv [\xbip_pipe_v3_0_10_viv(c_latency...]
Compiling architecture rtl of entity floating_point_v7_1_20.delay [\delay(length=2,fast_input=true)...]
Compiling architecture rtl of entity floating_point_v7_1_20.flt_add_exp_sp [\flt_add_exp_sp(c_xdevicefamily=...]
Compiling architecture rtl of entity floating_point_v7_1_20.flt_add_dsp [\flt_add_dsp(c_xdevicefamily="zy...]
Compiling architecture rtl of entity floating_point_v7_1_20.flt_add [\flt_add(c_xdevicefamily="zynqup...]
Compiling architecture synth of entity xbip_pipe_v3_0_10.xbip_pipe_v3_0_10_viv [\xbip_pipe_v3_0_10_viv(c_latency...]
Compiling architecture xilinx of entity floating_point_v7_1_20.floating_point_v7_1_20_viv [\floating_point_v7_1_20_viv(c_xd...]
Compiling architecture xilinx of entity floating_point_v7_1_20.floating_point_v7_1_20 [\floating_point_v7_1_20(c_xdevic...]
Compiling architecture turbovla_lite_e2e_fadd_32ns_32ns_32_8_full_dsp_1_ip_arch of entity xil_defaultlib.turbovla_lite_e2e_fadd_32ns_32ns_32_8_full_dsp_1_ip [turbovla_lite_e2e_fadd_32ns_32ns...]
Compiling module xil_defaultlib.turbovla_lite_e2e_fadd_32ns_32ns...
Compiling architecture rtl of entity floating_point_v7_1_20.flt_add [\flt_add(c_xdevicefamily="zynqup...]
Compiling architecture xilinx of entity floating_point_v7_1_20.floating_point_v7_1_20_viv [\floating_point_v7_1_20_viv(c_xd...]
Compiling architecture xilinx of entity floating_point_v7_1_20.floating_point_v7_1_20 [\floating_point_v7_1_20(c_xdevic...]
Compiling architecture turbovla_lite_e2e_fsub_32ns_32ns_32_8_full_dsp_0_ip_arch of entity xil_defaultlib.turbovla_lite_e2e_fsub_32ns_32ns_32_8_full_dsp_0_ip [turbovla_lite_e2e_fsub_32ns_32ns...]
Compiling module xil_defaultlib.turbovla_lite_e2e_fsub_32ns_32ns...
Compiling architecture dsp48e1_v of entity unisim.DSP48E1 [\DSP48E1(acascreg=0,adreg=0,alum...]
Compiling architecture synth of entity xbip_pipe_v3_0_10.xbip_pipe_v3_0_10_viv [\xbip_pipe_v3_0_10_viv(c_has_ce=...]
Compiling architecture rtl of entity floating_point_v7_1_20.delay [\delay(width=17,length=0)\]
Compiling architecture rtl of entity floating_point_v7_1_20.dsp48e1_wrapper [\dsp48e1_wrapper(a_width=24,b_wi...]
Compiling architecture dsp48e1_v of entity unisim.DSP48E1 [\DSP48E1(adreg=0,alumodereg=0,a_...]
Compiling architecture rtl of entity floating_point_v7_1_20.dsp48e1_wrapper [\dsp48e1_wrapper(a_width=24,b_wi...]
Compiling architecture struct of entity floating_point_v7_1_20.fix_mult_dsp48e1_sgl [\fix_mult_dsp48e1_sgl(registers=...]
Compiling architecture rtl of entity floating_point_v7_1_20.fix_mult [\fix_mult(c_xdevicefamily="zynqu...]
Compiling architecture synth of entity xbip_pipe_v3_0_10.xbip_pipe_v3_0_10_viv [\xbip_pipe_v3_0_10_viv(c_latency...]
Compiling architecture rtl of entity floating_point_v7_1_20.delay [\delay(width=7)\]
Compiling architecture synth of entity xbip_pipe_v3_0_10.xbip_pipe_v3_0_10_viv [\xbip_pipe_v3_0_10_viv(c_latency...]
Compiling architecture rtl of entity floating_point_v7_1_20.delay [\delay(width=8,fast_input=true)\]
Compiling architecture struct of entity floating_point_v7_1_20.carry_chain [\carry_chain(c_xdevicefamily="zy...]
Compiling architecture synth of entity floating_point_v7_1_20.compare_eq_im [\compare_eq_im(c_xdevicefamily="...]
Compiling architecture rtl of entity floating_point_v7_1_20.special_detect [\special_detect(c_xdevicefamily=...]
Compiling architecture synth of entity xbip_pipe_v3_0_10.xbip_pipe_v3_0_10_viv [\xbip_pipe_v3_0_10_viv(c_has_ce=...]
Compiling architecture rtl of entity floating_point_v7_1_20.delay [\delay(width=3,length=0,fast_inp...]
Compiling architecture rtl of entity floating_point_v7_1_20.flt_mult_exp [\flt_mult_exp(c_xdevicefamily="z...]
Compiling architecture dsp48e1_v of entity unisim.DSP48E1 [\DSP48E1(acascreg=0,adreg=0,alum...]
Compiling architecture synth of entity xbip_pipe_v3_0_10.xbip_pipe_v3_0_10_viv [\xbip_pipe_v3_0_10_viv(c_has_ce=...]
Compiling architecture rtl of entity floating_point_v7_1_20.delay [\delay(width=30,length=0)\]
Compiling architecture synth of entity xbip_pipe_v3_0_10.xbip_pipe_v3_0_10_viv [\xbip_pipe_v3_0_10_viv(c_has_ce=...]
Compiling architecture rtl of entity floating_point_v7_1_20.delay [\delay(width=18,length=0)\]
Compiling architecture rtl of entity floating_point_v7_1_20.dsp48e1_wrapper [\dsp48e1_wrapper(a_width=30,b_wi...]
Compiling architecture struct of entity floating_point_v7_1_20.flt_round_dsp_opt_full [\flt_round_dsp_opt_full(c_xdevic...]
Compiling architecture rtl of entity floating_point_v7_1_20.flt_mult_round [\flt_mult_round(c_xdevicefamily=...]
Compiling architecture synth of entity floating_point_v7_1_20.flt_dec_op_lat [\flt_dec_op_lat(c_xdevicefamily=...]
Compiling architecture rtl of entity floating_point_v7_1_20.flt_mult [\flt_mult(c_xdevicefamily="zynqu...]
Compiling architecture synth of entity xbip_pipe_v3_0_10.xbip_pipe_v3_0_10_viv [\xbip_pipe_v3_0_10_viv(c_latency...]
Compiling architecture xilinx of entity floating_point_v7_1_20.floating_point_v7_1_20_viv [\floating_point_v7_1_20_viv(c_xd...]
Compiling architecture xilinx of entity floating_point_v7_1_20.floating_point_v7_1_20 [\floating_point_v7_1_20(c_xdevic...]
Compiling architecture turbovla_lite_e2e_fmul_32ns_32ns_32_5_max_dsp_1_ip_arch of entity xil_defaultlib.turbovla_lite_e2e_fmul_32ns_32ns_32_5_max_dsp_1_ip [turbovla_lite_e2e_fmul_32ns_32ns...]
Compiling module xil_defaultlib.turbovla_lite_e2e_fmul_32ns_32ns...
Compiling architecture synth of entity xbip_pipe_v3_0_10.xbip_pipe_v3_0_10_viv [\xbip_pipe_v3_0_10_viv(c_has_ce=...]
Compiling architecture rtl of entity floating_point_v7_1_20.delay [\delay(width=5,length=0)\]
Compiling architecture struct of entity floating_point_v7_1_20.carry_chain [\carry_chain(c_xdevicefamily="zy...]
Compiling architecture synth of entity floating_point_v7_1_20.compare_ne_im [\compare_ne_im(c_xdevicefamily="...]
Compiling architecture struct of entity floating_point_v7_1_20.carry_chain [\carry_chain(c_xdevicefamily="zy...]
Compiling architecture rtl of entity floating_point_v7_1_20.flt_round_bit [\flt_round_bit(c_xdevicefamily="...]
Compiling architecture rtl of entity floating_point_v7_1_20.renorm_and_round_logic [\renorm_and_round_logic(c_xdevic...]
Compiling architecture struct of entity floating_point_v7_1_20.carry_chain [\carry_chain(c_xdevicefamily="ki...]
Compiling architecture synth of entity floating_point_v7_1_20.compare_eq_im [\compare_eq_im(c_xdevicefamily="...]
Compiling architecture rtl of entity floating_point_v7_1_20.special_detect [\special_detect(a_w=64,a_fw=53,o...]
Compiling architecture rtl of entity floating_point_v7_1_20.flt_to_flt_conv_exp [\flt_to_flt_conv_exp(a_w=64,a_ew...]
Compiling architecture synth of entity floating_point_v7_1_20.flt_dec_op [\flt_dec_op(c_xdevicefamily="zyn...]
Compiling architecture rtl of entity floating_point_v7_1_20.flt_to_flt_conv [\flt_to_flt_conv(c_xdevicefamily...]
Compiling architecture xilinx of entity floating_point_v7_1_20.floating_point_v7_1_20_viv [\floating_point_v7_1_20_viv(c_xd...]
Compiling architecture xilinx of entity floating_point_v7_1_20.floating_point_v7_1_20 [\floating_point_v7_1_20(c_xdevic...]
Compiling architecture turbovla_lite_e2e_fptrunc_64ns_32_2_no_dsp_0_ip_arch of entity xil_defaultlib.turbovla_lite_e2e_fptrunc_64ns_32_2_no_dsp_0_ip [turbovla_lite_e2e_fptrunc_64ns_3...]
Compiling module xil_defaultlib.turbovla_lite_e2e_fptrunc_64ns_3...
Compiling architecture struct of entity floating_point_v7_1_20.carry_chain [\carry_chain(c_xdevicefamily="ki...]
Compiling architecture synth of entity floating_point_v7_1_20.compare_eq_im [\compare_eq_im(c_xdevicefamily="...]
Compiling architecture rtl of entity floating_point_v7_1_20.special_detect [\special_detect(a_fw=24,op_delay...]
Compiling architecture rtl of entity floating_point_v7_1_20.flt_to_flt_conv_exp [\flt_to_flt_conv_exp(r_w=64,r_ew...]
Compiling architecture synth of entity floating_point_v7_1_20.flt_dec_op [\flt_dec_op(c_xdevicefamily="zyn...]
Compiling architecture rtl of entity floating_point_v7_1_20.flt_to_flt_conv [\flt_to_flt_conv(c_xdevicefamily...]
Compiling architecture synth of entity xbip_pipe_v3_0_10.xbip_pipe_v3_0_10_viv [\xbip_pipe_v3_0_10_viv(c_has_ce=...]
Compiling architecture rtl of entity floating_point_v7_1_20.delay [\delay(width=64,length=0)\]
Compiling architecture xilinx of entity floating_point_v7_1_20.floating_point_v7_1_20_viv [\floating_point_v7_1_20_viv(c_xd...]
Compiling architecture xilinx of entity floating_point_v7_1_20.floating_point_v7_1_20 [\floating_point_v7_1_20(c_xdevic...]
Compiling architecture turbovla_lite_e2e_fpext_32ns_64_2_no_dsp_0_ip_arch of entity xil_defaultlib.turbovla_lite_e2e_fpext_32ns_64_2_no_dsp_0_ip [turbovla_lite_e2e_fpext_32ns_64_...]
Compiling module xil_defaultlib.turbovla_lite_e2e_fpext_32ns_64_...
Compiling architecture synth of entity xbip_pipe_v3_0_10.xbip_pipe_v3_0_10_viv [\xbip_pipe_v3_0_10_viv(c_latency...]
Compiling architecture rtl of entity floating_point_v7_1_20.delay [\delay(width=52)\]
Compiling architecture synth of entity xbip_pipe_v3_0_10.xbip_pipe_v3_0_10_viv [\xbip_pipe_v3_0_10_viv(c_has_ce=...]
Compiling architecture rtl of entity floating_point_v7_1_20.delay [\delay(width=54,length=0)\]
Compiling architecture synth of entity xbip_pipe_v3_0_10.xbip_pipe_v3_0_10_viv [\xbip_pipe_v3_0_10_viv(c_has_ce=...]
Compiling architecture rtl of entity floating_point_v7_1_20.delay [\delay(width=11,length=0,fast_in...]
Compiling architecture muxf7_v of entity unisim.MUXF7 [muxf7_default]
Compiling architecture muxf8_v of entity unisim.MUXF8 [muxf8_default]
Compiling architecture struct of entity floating_point_v7_1_20.carry_chain [\carry_chain(c_xdevicefamily="zy...]
Compiling architecture synth of entity floating_point_v7_1_20.compare_eq_im [\compare_eq_im(c_xdevicefamily="...]
Compiling architecture rtl of entity floating_point_v7_1_20.zero_det_sel [\zero_det_sel(c_xdevicefamily="z...]
Compiling architecture synth of entity xbip_pipe_v3_0_10.xbip_pipe_v3_0_10_viv [\xbip_pipe_v3_0_10_viv(c_latency...]
Compiling architecture rtl of entity floating_point_v7_1_20.delay [\delay(width=55)\]
Compiling architecture synth of entity xbip_pipe_v3_0_10.xbip_pipe_v3_0_10_viv [\xbip_pipe_v3_0_10_viv(c_has_ce=...]
Compiling architecture rtl of entity floating_point_v7_1_20.delay [\delay(width=55,length=0)\]
Compiling architecture rtl of entity floating_point_v7_1_20.shift_msb_first [\shift_msb_first(a_width=54,regi...]
Compiling architecture rtl of entity floating_point_v7_1_20.alignment [\alignment(c_xdevicefamily="zynq...]
Compiling architecture synth of entity xbip_pipe_v3_0_10.xbip_pipe_v3_0_10_viv [\xbip_pipe_v3_0_10_viv(c_has_ce=...]
Compiling architecture rtl of entity floating_point_v7_1_20.delay [\delay(width=47,length=0)\]
Compiling architecture dsp48e1_v of entity unisim.DSP48E1 [\DSP48E1(adreg=0,alumodereg=0,ca...]
Compiling architecture rtl of entity floating_point_v7_1_20.dsp48e1_wrapper [\dsp48e1_wrapper(a_width=30,b_wi...]
Compiling architecture dsp48e1_v of entity unisim.DSP48E1 [\DSP48E1(acascreg=0,adreg=0,alum...]
Compiling architecture rtl of entity floating_point_v7_1_20.dsp48e1_wrapper [\dsp48e1_wrapper(a_width=30,b_wi...]
Compiling architecture struct of entity floating_point_v7_1_20.carry_chain [\carry_chain(c_xdevicefamily="zy...]
Compiling architecture synth of entity xbip_pipe_v3_0_10.xbip_pipe_v3_0_10_viv [\xbip_pipe_v3_0_10_viv(c_has_ce=...]
Compiling architecture rtl of entity floating_point_v7_1_20.delay [\delay(width=56,length=0)\]
Compiling architecture synth of entity floating_point_v7_1_20.addsub_dsp [\addsub_dsp(c_xdevicefamily="zyn...]
Compiling architecture rtl of entity floating_point_v7_1_20.addsub [\addsub(c_xdevicefamily="zynqupl...]
Compiling architecture rtl of entity floating_point_v7_1_20.align_add [\align_add(c_xdevicefamily="zynq...]
Compiling architecture synth of entity xbip_pipe_v3_0_10.xbip_pipe_v3_0_10_viv [\xbip_pipe_v3_0_10_viv(c_has_ce=...]
Compiling architecture rtl of entity floating_point_v7_1_20.delay [\delay(width=6,length=0,fast_inp...]
Compiling architecture struct of entity floating_point_v7_1_20.carry_chain [\carry_chain(c_xdevicefamily="zy...]
Compiling architecture rtl of entity floating_point_v7_1_20.mux4 [\mux4(c_xdevicefamily="zynquplus...]
Compiling architecture rtl of entity floating_point_v7_1_20.mux4 [\mux4(c_xdevicefamily="zynquplus...]
Compiling architecture rtl of entity floating_point_v7_1_20.lead_zero_encode [\lead_zero_encode(c_xdevicefamil...]
Compiling architecture synth of entity xbip_pipe_v3_0_10.xbip_pipe_v3_0_10_viv [\xbip_pipe_v3_0_10_viv(c_latency...]
Compiling architecture rtl of entity floating_point_v7_1_20.delay [\delay(width=56)\]
Compiling architecture rtl of entity floating_point_v7_1_20.shift_msb_first [\shift_msb_first(a_width=56,resu...]
Compiling architecture dsp48e1_v of entity unisim.DSP48E1 [\DSP48E1(acascreg=0,adreg=0,areg...]
Compiling architecture rtl of entity floating_point_v7_1_20.dsp48e1_wrapper [\dsp48e1_wrapper(b_width=18,c_wi...]
Compiling architecture synth of entity xbip_pipe_v3_0_10.xbip_pipe_v3_0_10_viv [\xbip_pipe_v3_0_10_viv(c_has_ce=...]
Compiling architecture rtl of entity floating_point_v7_1_20.delay [\delay(width=19,length=0)\]
Compiling architecture struct of entity floating_point_v7_1_20.carry_chain [\carry_chain(c_xdevicefamily="zy...]
Compiling architecture synth of entity xbip_pipe_v3_0_10.xbip_pipe_v3_0_10_viv [\xbip_pipe_v3_0_10_viv(c_has_ce=...]
Compiling architecture rtl of entity floating_point_v7_1_20.delay [\delay(width=28,length=0)\]
Compiling architecture synth of entity xbip_pipe_v3_0_10.xbip_pipe_v3_0_10_viv [\xbip_pipe_v3_0_10_viv(c_latency...]
Compiling architecture rtl of entity floating_point_v7_1_20.delay [\delay(width=29)\]
Compiling architecture rtl of entity floating_point_v7_1_20.flt_round_bit [\flt_round_bit(c_xdevicefamily="...]
Compiling architecture rtl of entity floating_point_v7_1_20.renorm_and_round_logic [\renorm_and_round_logic(c_xdevic...]
Compiling architecture rtl of entity floating_point_v7_1_20.norm_and_round_logic [\norm_and_round_logic(c_xdevicef...]
Compiling architecture synth of entity xbip_pipe_v3_0_10.xbip_pipe_v3_0_10_viv [\xbip_pipe_v3_0_10_viv(c_latency...]
Compiling architecture rtl of entity floating_point_v7_1_20.delay [\delay(length=4)\]
Compiling architecture synth of entity xbip_pipe_v3_0_10.xbip_pipe_v3_0_10_viv [\xbip_pipe_v3_0_10_viv(c_latency...]
Compiling architecture rtl of entity floating_point_v7_1_20.delay [\delay(width=12,length=4)\]
Compiling architecture synth of entity xbip_pipe_v3_0_10.xbip_pipe_v3_0_10_viv [\xbip_pipe_v3_0_10_viv(c_latency...]
Compiling architecture rtl of entity floating_point_v7_1_20.delay [\delay(width=11,fast_input=true)...]
Compiling architecture struct of entity floating_point_v7_1_20.carry_chain [\carry_chain(c_xdevicefamily="zy...]
Compiling architecture synth of entity floating_point_v7_1_20.compare_eq_im [\compare_eq_im(c_xdevicefamily="...]
Compiling architecture rtl of entity floating_point_v7_1_20.special_detect [\special_detect(c_xdevicefamily=...]
Compiling architecture struct of entity floating_point_v7_1_20.carry_chain [\carry_chain(c_xdevicefamily="zy...]
Compiling architecture synth of entity floating_point_v7_1_20.compare_eq [\compare_eq(c_xdevicefamily="zyn...]
Compiling architecture synth of entity floating_point_v7_1_20.compare [\compare(c_xdevicefamily="zynqup...]
Compiling architecture synth of entity xbip_pipe_v3_0_10.xbip_pipe_v3_0_10_viv [\xbip_pipe_v3_0_10_viv(c_latency...]
Compiling architecture rtl of entity floating_point_v7_1_20.delay [\delay(length=5,fast_input=true)...]
Compiling architecture rtl of entity floating_point_v7_1_20.flt_add_exp [\flt_add_exp(c_xdevicefamily="zy...]
Compiling architecture synth of entity floating_point_v7_1_20.flt_dec_op [\flt_dec_op(c_xdevicefamily="zyn...]
Compiling architecture rtl of entity floating_point_v7_1_20.flt_add_logic [\flt_add_logic(c_xdevicefamily="...]
Compiling architecture rtl of entity floating_point_v7_1_20.flt_add [\flt_add(c_xdevicefamily="zynqup...]
Compiling architecture synth of entity xbip_pipe_v3_0_10.xbip_pipe_v3_0_10_viv [\xbip_pipe_v3_0_10_viv(c_latency...]
Compiling architecture xilinx of entity floating_point_v7_1_20.floating_point_v7_1_20_viv [\floating_point_v7_1_20_viv(c_xd...]
Compiling architecture xilinx of entity floating_point_v7_1_20.floating_point_v7_1_20 [\floating_point_v7_1_20(c_xdevic...]
Compiling architecture turbovla_lite_e2e_dadd_64ns_64ns_64_9_full_dsp_0_ip_arch of entity xil_defaultlib.turbovla_lite_e2e_dadd_64ns_64ns_64_9_full_dsp_0_ip [turbovla_lite_e2e_dadd_64ns_64ns...]
Compiling module xil_defaultlib.turbovla_lite_e2e_dadd_64ns_64ns...
Compiling module xil_defaultlib.turbovla_lite_e2e_generic_tanh_f...
Compiling architecture rtl of entity floating_point_v7_1_20.flt_add [\flt_add(c_xdevicefamily="zynqup...]
Compiling architecture xilinx of entity floating_point_v7_1_20.floating_point_v7_1_20_viv [\floating_point_v7_1_20_viv(c_xd...]
Compiling architecture xilinx of entity floating_point_v7_1_20.floating_point_v7_1_20 [\floating_point_v7_1_20(c_xdevic...]
Compiling architecture turbovla_lite_e2e_faddfsub_32ns_32ns_32_8_full_dsp_1_ip_arch of entity xil_defaultlib.turbovla_lite_e2e_faddfsub_32ns_32ns_32_8_full_dsp_1_ip [turbovla_lite_e2e_faddfsub_32ns_...]
Compiling module xil_defaultlib.turbovla_lite_e2e_faddfsub_32ns_...
Compiling architecture turbovla_lite_e2e_sitofp_32ns_32_6_no_dsp_1_ip_arch of entity xil_defaultlib.turbovla_lite_e2e_sitofp_32ns_32_6_no_dsp_1_ip [turbovla_lite_e2e_sitofp_32ns_32...]
Compiling module xil_defaultlib.turbovla_lite_e2e_sitofp_32ns_32...
Compiling architecture dsp48e1_v of entity unisim.DSP48E1 [\DSP48E1(adreg=0,alumodereg=0,ca...]
Compiling architecture synth of entity xbip_pipe_v3_0_10.xbip_pipe_v3_0_10_viv [\xbip_pipe_v3_0_10_viv(c_latency...]
Compiling architecture rtl of entity floating_point_v7_1_20.delay [\delay(width=43)\]
Compiling architecture rtl of entity floating_point_v7_1_20.dsp48e1_wrapper [\dsp48e1_wrapper(a_width=17,b_wi...]
Compiling architecture rtl of entity floating_point_v7_1_20.special_detect [\special_detect(c_xdevicefamily=...]
Compiling architecture synth of entity xbip_pipe_v3_0_10.xbip_pipe_v3_0_10_viv [\xbip_pipe_v3_0_10_viv(c_latency...]
Compiling architecture rtl of entity floating_point_v7_1_20.delay [\delay(length=9)\]
Compiling architecture struct of entity floating_point_v7_1_20.carry_chain [\carry_chain(c_xdevicefamily="zy...]
Compiling architecture synth of entity floating_point_v7_1_20.compare_gt [\compare_gt(c_xdevicefamily="zyn...]
Compiling architecture synth of entity xbip_pipe_v3_0_10.xbip_pipe_v3_0_10_viv [\xbip_pipe_v3_0_10_viv(c_latency...]
Compiling architecture rtl of entity floating_point_v7_1_20.delay [\delay(width=2,length=9,fast_inp...]
Compiling architecture synth of entity xbip_pipe_v3_0_10.xbip_pipe_v3_0_10_viv [\xbip_pipe_v3_0_10_viv(c_latency...]
Compiling architecture rtl of entity floating_point_v7_1_20.delay [\delay(length=10)\]
Compiling architecture synth of entity floating_point_v7_1_20.flt_exp_specialcase [\flt_exp_specialcase(c_xdevicefa...]
Compiling architecture rtl of entity floating_point_v7_1_20.delay_s [\delay_s(width=10,length=0)\]
Compiling architecture rtl of entity floating_point_v7_1_20.delay_s [\delay_s(width=9,length=0)\]
Compiling architecture synth of entity xbip_pipe_v3_0_10.xbip_pipe_v3_0_10_viv [\xbip_pipe_v3_0_10_viv(c_has_ce=...]
Compiling architecture rtl of entity floating_point_v7_1_20.delay [\delay(width=6,length=0)\]
Compiling architecture struct of entity floating_point_v7_1_20.carry_chain [\carry_chain(c_xdevicefamily="zy...]
Compiling architecture synth of entity floating_point_v7_1_20.compare_eq_im [\compare_eq_im(c_xdevicefamily="...]
Compiling architecture rtl of entity floating_point_v7_1_20.zero_det_sel [\zero_det_sel(c_xdevicefamily="z...]
Compiling architecture synth of entity xbip_pipe_v3_0_10.xbip_pipe_v3_0_10_viv [\xbip_pipe_v3_0_10_viv(c_has_ce=...]
Compiling architecture rtl of entity floating_point_v7_1_20.delay [\delay(width=34,length=0)\]
Compiling architecture synth of entity xbip_pipe_v3_0_10.xbip_pipe_v3_0_10_viv [\xbip_pipe_v3_0_10_viv(c_latency...]
Compiling architecture rtl of entity floating_point_v7_1_20.delay [\delay(width=34)\]
Compiling architecture rtl of entity floating_point_v7_1_20.shift_msb_first [\shift_msb_first(a_width=24,resu...]
Compiling architecture synth of entity xbip_pipe_v3_0_10.xbip_pipe_v3_0_10_viv [\xbip_pipe_v3_0_10_viv(c_has_ce=...]
Compiling architecture rtl of entity floating_point_v7_1_20.delay [\delay(width=36,length=0)\]
Compiling architecture struct of entity floating_point_v7_1_20.carry_chain [\carry_chain(c_xdevicefamily="zy...]
Compiling architecture synth of entity floating_point_v7_1_20.flt_to_fix_conv [\flt_to_fix_conv(c_xdevicefamily...]
Compiling architecture rtl of entity floating_point_v7_1_20.dsp48e1_wrapper [\dsp48e1_wrapper(a_width=30,b_wi...]
Compiling architecture synth of entity floating_point_v7_1_20.flt_log_addsub [\flt_log_addsub(c_xdevicefamily=...]
Compiling architecture rtl of entity floating_point_v7_1_20.flt_exp_ccm [\flt_exp_ccm(c_xdevicefamily="zy...]
Compiling architecture rtl of entity floating_point_v7_1_20.dsp48e1_wrapper [\dsp48e1_wrapper(c_part="xck26-s...]
Compiling architecture synth of entity floating_point_v7_1_20.flt_log_addsub [\flt_log_addsub(c_xdevicefamily=...]
Compiling architecture rtl of entity floating_point_v7_1_20.flt_exp_ccm [\flt_exp_ccm(c_xdevicefamily="zy...]
Compiling architecture synth of entity xbip_pipe_v3_0_10.xbip_pipe_v3_0_10_viv [\xbip_pipe_v3_0_10_viv(c_latency...]
Compiling architecture rtl of entity floating_point_v7_1_20.delay [\delay(width=33,length=4)\]
Compiling architecture synth of entity floating_point_v7_1_20.flt_log_addsub [\flt_log_addsub(c_xdevicefamily=...]
Compiling architecture rtl of entity floating_point_v7_1_20.flt_exp_e2A [\flt_exp_e2A(c_xdevicefamily="zy...]
Compiling architecture rtl of entity floating_point_v7_1_20.flt_exp_e2zmzm1 [\flt_exp_e2zmzm1(c_xdevicefamily...]
Compiling architecture synth of entity xbip_pipe_v3_0_10.xbip_pipe_v3_0_10_viv [\xbip_pipe_v3_0_10_viv(c_latency...]
Compiling architecture rtl of entity floating_point_v7_1_20.delay [\delay(width=8,length=6)\]
Compiling architecture synth of entity xbip_pipe_v3_0_10.xbip_pipe_v3_0_10_viv [\xbip_pipe_v3_0_10_viv(c_latency...]
Compiling architecture rtl of entity floating_point_v7_1_20.delay [\delay(width=14)\]
Compiling architecture rtl of entity floating_point_v7_1_20.flt_round_bit [\flt_round_bit(c_xdevicefamily="...]
Compiling architecture rtl of entity floating_point_v7_1_20.renorm_and_round_logic [\renorm_and_round_logic(c_xdevic...]
Compiling architecture lut4_v of entity unisim.LUT4 [\LUT4(init="1100110010010110")(0...]
Compiling architecture lut4_v of entity unisim.LUT4 [\LUT4(init="1100110000111100")(0...]
Compiling architecture synth of entity xbip_pipe_v3_0_10.xbip_pipe_v3_0_10_viv [\xbip_pipe_v3_0_10_viv(c_has_ce=...]
Compiling architecture rtl of entity floating_point_v7_1_20.delay [\delay(width=9,length=0,fast_inp...]
Compiling architecture synth of entity floating_point_v7_1_20.flt_log_addsub [\flt_log_addsub(c_xdevicefamily=...]
Compiling architecture synth of entity floating_point_v7_1_20.compare_eq_im [\compare_eq_im(c_xdevicefamily="...]
Compiling architecture synth of entity floating_point_v7_1_20.compare_ne_im [\compare_ne_im(c_xdevicefamily="...]
Compiling architecture synth of entity floating_point_v7_1_20.compare_gt [\compare_gt(c_xdevicefamily="zyn...]
Compiling architecture synth of entity floating_point_v7_1_20.flt_exp_recomb [\flt_exp_recomb(c_xdevicefamily=...]
Compiling architecture synth of entity floating_point_v7_1_20.flt_exp [\flt_exp(c_xdevicefamily="zynqup...]
Compiling architecture synth of entity xbip_pipe_v3_0_10.xbip_pipe_v3_0_10_viv [\xbip_pipe_v3_0_10_viv(c_latency...]
Compiling architecture xilinx of entity floating_point_v7_1_20.floating_point_v7_1_20_viv [\floating_point_v7_1_20_viv(c_xd...]
Compiling architecture xilinx of entity floating_point_v7_1_20.floating_point_v7_1_20 [\floating_point_v7_1_20(c_xdevic...]
Compiling architecture turbovla_lite_e2e_fexp_32ns_32ns_32_13_full_dsp_1_ip_arch of entity xil_defaultlib.turbovla_lite_e2e_fexp_32ns_32ns_32_13_full_dsp_1_ip [turbovla_lite_e2e_fexp_32ns_32ns...]
Compiling module xil_defaultlib.turbovla_lite_e2e_fexp_32ns_32ns...
Compiling module xil_defaultlib.turbovla_lite_e2e_run
Compiling module xil_defaultlib.turbovla_lite_e2e_control_s_axi
Compiling module xil_defaultlib.turbovla_lite_e2e_gmem0_m_axi_sr...
Compiling module xil_defaultlib.turbovla_lite_e2e_gmem0_m_axi_fi...
Compiling module xil_defaultlib.turbovla_lite_e2e_gmem0_m_axi_sr...
Compiling module xil_defaultlib.turbovla_lite_e2e_gmem0_m_axi_fi...
Compiling module xil_defaultlib.turbovla_lite_e2e_gmem0_m_axi_sr...
Compiling module xil_defaultlib.turbovla_lite_e2e_gmem0_m_axi_fi...
Compiling module xil_defaultlib.turbovla_lite_e2e_gmem0_m_axi_sr...
Compiling module xil_defaultlib.turbovla_lite_e2e_gmem0_m_axi_fi...
Compiling module xil_defaultlib.turbovla_lite_e2e_gmem0_m_axi_sr...
Compiling module xil_defaultlib.turbovla_lite_e2e_gmem0_m_axi_fi...
Compiling module xil_defaultlib.turbovla_lite_e2e_gmem0_m_axi_st...
Compiling module xil_defaultlib.turbovla_lite_e2e_gmem0_m_axi_me...
Compiling module xil_defaultlib.turbovla_lite_e2e_gmem0_m_axi_fi...
Compiling module xil_defaultlib.turbovla_lite_e2e_gmem0_m_axi_lo...
Compiling module xil_defaultlib.turbovla_lite_e2e_gmem0_m_axi_re...
Compiling module xil_defaultlib.turbovla_lite_e2e_gmem0_m_axi_bu...
Compiling module xil_defaultlib.turbovla_lite_e2e_gmem0_m_axi_re...
Compiling module xil_defaultlib.turbovla_lite_e2e_gmem0_m_axi_sr...
Compiling module xil_defaultlib.turbovla_lite_e2e_gmem0_m_axi_fi...
Compiling module xil_defaultlib.turbovla_lite_e2e_gmem0_m_axi_re...
Compiling module xil_defaultlib.turbovla_lite_e2e_gmem0_m_axi_th...
Compiling module xil_defaultlib.turbovla_lite_e2e_gmem0_m_axi_re...
Compiling module xil_defaultlib.turbovla_lite_e2e_gmem0_m_axi_wr...
Compiling module xil_defaultlib.turbovla_lite_e2e_gmem0_m_axi_re...
Compiling module xil_defaultlib.turbovla_lite_e2e_gmem0_m_axi_re...
Compiling module xil_defaultlib.turbovla_lite_e2e_gmem0_m_axi(C_...
Compiling module xil_defaultlib.turbovla_lite_e2e
Compiling module xil_defaultlib.misc_interface_default
Compiling module xil_defaultlib.axi_if(ADDR_WIDTH=64,STRB_WIDTH=...
Compiling module xil_defaultlib.axi_if(ADDR_WIDTH=6,STRB_WIDTH=4...
Compiling module xil_defaultlib.sv_module_top
Compiling module xil_defaultlib.nodf_module_intf_default
Compiling module xil_defaultlib.seq_loop_intf(FSM_WIDTH=163)
Compiling module xil_defaultlib.seq_loop_intf(FSM_WIDTH=108)
Compiling module xil_defaultlib.upc_loop_intf(FSM_WIDTH=1)
Compiling module xil_defaultlib.upc_loop_intf(FSM_WIDTH=16)
Compiling module xil_defaultlib.upc_loop_intf(FSM_WIDTH=17)
Compiling module xil_defaultlib.upc_loop_intf_default
Compiling module xil_defaultlib.upc_loop_intf(FSM_WIDTH=9)
Compiling module xil_defaultlib.upc_loop_intf(FSM_WIDTH=65)
Compiling module xil_defaultlib.dataflow_monitor_1
Compiling module xil_defaultlib.apatb_turbovla_lite_e2e_top
Compiling module xil_defaultlib.glbl
Built simulation snapshot turbovla_lite_e2e

****** xsim v2025.1 (64-bit)
  **** SW Build 6140274 on Wed May 21 22:58:25 MDT 2025
  **** IP Build 6138677 on Thu May 22 03:10:11 MDT 2025
  **** SharedData Build 6139179 on Tue May 20 17:58:58 MDT 2025
  **** Start of session at: Tue Sep 22 02:22:57 2026
    ** Copyright 1986-2022 Xilinx, Inc. All Rights Reserved.
    ** Copyright 2022-2025 Advanced Micro Devices, Inc. All Rights Reserved.

source xsim.dir/turbovla_lite_e2e/xsim_script.tcl
# xsim {turbovla_lite_e2e} -testplusarg UVM_VERBOSITY=UVM_NONE -testplusarg UVM_TESTNAME=turbovla_lite_e2e_test_lib -testplusarg UVM_TIMEOUT=20000000000000 -wdb {/dev/null} -autoloadwcfg -tclbatch {turbovla_lite_e2e.tcl}
Time resolution is 1 ps
source turbovla_lite_e2e.tcl
## run all
UVM_INFO /home/frank/AMD/vivado/2025.01/2025.1/Vivado/data/system_verilog/uvm_1.2/xlnx_uvm_package.sv(18601) @ 0: reporter [UVM/RELNOTES] 
----------------------------------------------------------------
UVM-1.2
(C) 2007-2014 Mentor Graphics Corporation
(C) 2007-2014 Cadence Design Systems, Inc.
(C) 2006-2014 Synopsys, Inc.
(C) 2011-2013 Cypress Semiconductor Corp.
(C) 2013-2014 NVIDIA Corporation
----------------------------------------------------------------

  ***********       IMPORTANT RELEASE NOTES         ************

  You are using a version of the UVM library that has been compiled
  with `UVM_NO_DEPRECATED undefined.

  You are using a version of the UVM library that has been compiled
  with `UVM_OBJECT_DO_NOT_NEED_CONSTRUCTOR undefined.

      (Specify +UVM_NO_RELNOTES to turn off this notice)

UVM_INFO /home/frank/AMD/vivado/2025.01/2025.1/Vivado/data/system_verilog/uvm_1.2/xlnx_uvm_package.sv(18648) @ 0: reporter [NO_DPI_TSTNAME] UVM_NO_DPI defined--getting UVM_TESTNAME directly, without DPI
UVM_INFO /home/frank/AMD/vivado/2025.01/2025.1/Vivado/data/system_verilog/uvm_1.2/xlnx_uvm_package.sv(18752) @ 0: reporter [UVMTOP] UVM testbench topology:
-----------------------------------------------------------------------------------------------
Name                               Type                                 Size  Value            
-----------------------------------------------------------------------------------------------
uvm_test_top                       turbovla_lite_e2e_test_lib           -     @368             
  top_env                          turbovla_lite_e2e_env                -     @379             
    axi_lite_control               uvm_env                              -     @432             
      item_rtr_port                uvm_analysis_port                    -     @451             
      item_wtr_port                uvm_analysis_port                    -     @441             
      master                       uvm_agent                            -     @844             
        ardrv                      uvm_driver #(REQ,RSP)                -     @1519            
          item_read_imp            uvm_analysis_port                    -     @1548            
          rsp_port                 uvm_analysis_port                    -     @1538            
          seq_item_port            uvm_seq_item_pull_port               -     @1528            
          m_num_sent               integral                             32    'h0              
        arsqr                      axi_sequencer                        -     @1558            
          rsp_export               uvm_analysis_export                  -     @1567            
          seq_item_export          uvm_seq_item_pull_imp                -     @1685            
          arbitration_queue        array                                0     -                
          lock_queue               array                                0     -                
          num_last_reqs            integral                             32    'd1              
          num_last_rsps            integral                             32    'd1              
        awdrv                      uvm_driver #(REQ,RSP)                -     @991             
          item_read_imp            uvm_analysis_port                    -     @1020            
          rsp_port                 uvm_analysis_port                    -     @1010            
          seq_item_port            uvm_seq_item_pull_port               -     @1000            
          m_num_sent               integral                             32    'h0              
        awsqr                      axi_sequencer                        -     @1030            
          rsp_export               uvm_analysis_export                  -     @1039            
          seq_item_export          uvm_seq_item_pull_imp                -     @1157            
          arbitration_queue        array                                0     -                
          lock_queue               array                                0     -                
          num_last_reqs            integral                             32    'd1              
          num_last_rsps            integral                             32    'd1              
        bdrv                       uvm_driver #(REQ,RSP)                -     @1343            
          item_read_imp            uvm_analysis_port                    -     @1372            
          rsp_port                 uvm_analysis_port                    -     @1362            
          seq_item_port            uvm_seq_item_pull_port               -     @1352            
          m_num_sent               integral                             32    'h0              
        bsqr                       axi_sequencer                        -     @1382            
          rsp_export               uvm_analysis_export                  -     @1391            
          seq_item_export          uvm_seq_item_pull_imp                -     @1509            
          arbitration_queue        array                                0     -                
          lock_queue               array                                0     -                
          num_last_reqs            integral                             32    'd1              
          num_last_rsps            integral                             32    'd1              
        rdrv                       uvm_driver #(REQ,RSP)                -     @1695            
          item_read_imp            uvm_analysis_port                    -     @1724            
          rsp_port                 uvm_analysis_port                    -     @1714            
          seq_item_port            uvm_seq_item_pull_port               -     @1704            
          m_num_sent               integral                             32    'h0              
        rsqr                       axi_sequencer                        -     @1734            
          rsp_export               uvm_analysis_export                  -     @1743            
          seq_item_export          uvm_seq_item_pull_imp                -     @1861            
          arbitration_queue        array                                0     -                
          lock_queue               array                                0     -                
          num_last_reqs            integral                             32    'd1              
          num_last_rsps            integral                             32    'd1              
        wdrv                       uvm_driver #(REQ,RSP)                -     @1167            
          item_read_imp            uvm_analysis_port                    -     @1196            
          rsp_port                 uvm_analysis_port                    -     @1186            
          seq_item_port            uvm_seq_item_pull_port               -     @1176            
          m_num_sent               integral                             32    'h0              
        wsqr                       axi_sequencer                        -     @1206            
          rsp_export               uvm_analysis_export                  -     @1215            
          seq_item_export          uvm_seq_item_pull_imp                -     @1333            
          arbitration_queue        array                                0     -                
          lock_queue               array                                0     -                
          num_last_reqs            integral                             32    'd1              
          num_last_rsps            integral                             32    'd1              
      monitor                      uvm_monitor                          -     @666             
        item_ar2r_port             uvm_analysis_port                    -     @735             
        item_ar_port               uvm_analysis_port                    -     @705             
        item_aw2b_port             uvm_analysis_port                    -     @725             
        item_aw_port               uvm_analysis_port                    -     @675             
        item_b_port                uvm_analysis_port                    -     @695             
        item_r_port                uvm_analysis_port                    -     @715             
        item_w_port                uvm_analysis_port                    -     @685             
        checks_enable              integral                             1     'h1              
        coverage_enable            integral                             1     'h1              
      state                        axi_state                            -     @745             
        ar2r_imp                   uvm_analysis_imp_ar2r                -     @814             
        ar_imp                     uvm_analysis_imp_ar                  -     @784             
        aw2b_imp                   uvm_analysis_imp_aw2b                -     @804             
        aw_imp                     uvm_analysis_imp_aw                  -     @754             
        b_imp                      uvm_analysis_imp_b                   -     @774             
        item_rtr_port              uvm_analysis_port                    -     @834             
        item_wtr_port              uvm_analysis_port                    -     @824             
        r_imp                      uvm_analysis_imp_r                   -     @794             
        w_imp                      uvm_analysis_imp_w                   -     @764             
        avg_rate                   integral                             32    'h0              
        exp_rate                   integral                             32    'h0              
        win_size                   integral                             32    'h0              
        bqnum_for_slaseq           integral                             32    'h0              
        rq_from_model_num          integral                             32    'h0              
      vsqr                         axi_virtual_sequencer                -     @853             
        rsp_export                 uvm_analysis_export                  -     @862             
        seq_item_export            uvm_seq_item_pull_imp                -     @980             
        arbitration_queue          array                                0     -                
        lock_queue                 array                                0     -                
        num_last_reqs              integral                             32    'd1              
        num_last_rsps              integral                             32    'd1              
      cfg                          axi_cfg                              -     @395             
        has_checker                integral                             1     'h1              
        has_coverage               integral                             1     'h1              
        id_num                     integral                             32    'h1              
        reset_level                reset_level_enum                     32    RESET_LEVEL_LOW  
        drv_type                   drv_type_enum                        32    MASTER           
        write_latency_mode         latency_mode_enum                    32    CHANNEL_FIRST    
        read_latency_mode          latency_mode_enum                    32    CHANNEL_FIRST    
        clatency                   axi_latency                          -     @430             
          wr_latency               integral                             32    'h0              
          rd_latency               integral                             32    'h0              
    axi_master_gmem0               uvm_env                              -     @401             
      item_rtr_port                uvm_analysis_port                    -     @420             
      item_wtr_port                uvm_analysis_port                    -     @410             
      monitor                      uvm_monitor                          -     @1944            
        item_ar2r_port             uvm_analysis_port                    -     @2013            
        item_ar_port               uvm_analysis_port                    -     @1983            
        item_aw2b_port             uvm_analysis_port                    -     @2003            
        item_aw_port               uvm_analysis_port                    -     @1953            
        item_b_port                uvm_analysis_port                    -     @1973            
        item_r_port                uvm_analysis_port                    -     @1993            
        item_w_port                uvm_analysis_port                    -     @1963            
        checks_enable              integral                             1     'h1              
        coverage_enable            integral                             1     'h1              
      slave                        uvm_agent                            -     @2122            
        ardrv                      uvm_driver #(REQ,RSP)                -     @2799            
          item_read_imp            uvm_analysis_port                    -     @2828            
          rsp_port                 uvm_analysis_port                    -     @2818            
          seq_item_port            uvm_seq_item_pull_port               -     @2808            
          m_num_sent               integral                             32    'h0              
        arsqr                      axi_sequencer                        -     @2838            
          rsp_export               uvm_analysis_export                  -     @2847            
          seq_item_export          uvm_seq_item_pull_imp                -     @2965            
          arbitration_queue        array                                0     -                
          lock_queue               array                                0     -                
          num_last_reqs            integral                             32    'd1              
          num_last_rsps            integral                             32    'd1              
        awdrv                      uvm_driver #(REQ,RSP)                -     @2271            
          item_read_imp            uvm_analysis_port                    -     @2300            
          rsp_port                 uvm_analysis_port                    -     @2290            
          seq_item_port            uvm_seq_item_pull_port               -     @2280            
          m_num_sent               integral                             32    'h0              
        awsqr                      axi_sequencer                        -     @2310            
          rsp_export               uvm_analysis_export                  -     @2319            
          seq_item_export          uvm_seq_item_pull_imp                -     @2437            
          arbitration_queue        array                                0     -                
          lock_queue               array                                0     -                
          num_last_reqs            integral                             32    'd1              
          num_last_rsps            integral                             32    'd1              
        bdrv                       uvm_driver #(REQ,RSP)                -     @2623            
          item_read_imp            uvm_analysis_port                    -     @2652            
          rsp_port                 uvm_analysis_port                    -     @2642            
          seq_item_port            uvm_seq_item_pull_port               -     @2632            
          m_num_sent               integral                             32    'h0              
        bsqr                       axi_sequencer                        -     @2662            
          rsp_export               uvm_analysis_export                  -     @2671            
          seq_item_export          uvm_seq_item_pull_imp                -     @2789            
          arbitration_queue        array                                0     -                
          lock_queue               array                                0     -                
          num_last_reqs            integral                             32    'd1              
          num_last_rsps            integral                             32    'd1              
        rdrv                       uvm_driver #(REQ,RSP)                -     @2975            
          item_read_imp            uvm_analysis_port                    -     @3004            
          rsp_port                 uvm_analysis_port                    -     @2994            
          seq_item_port            uvm_seq_item_pull_port               -     @2984            
          m_num_sent               integral                             32    'h0              
        rsqr                       axi_sequencer                        -     @3014            
          rsp_export               uvm_analysis_export                  -     @3023            
          seq_item_export          uvm_seq_item_pull_imp                -     @3141            
          arbitration_queue        array                                0     -                
          lock_queue               array                                0     -                
          num_last_reqs            integral                             32    'd1              
          num_last_rsps            integral                             32    'd1              
        wdrv                       uvm_driver #(REQ,RSP)                -     @2447            
          item_read_imp            uvm_analysis_port                    -     @2476            
          rsp_port                 uvm_analysis_port                    -     @2466            
          seq_item_port            uvm_seq_item_pull_port               -     @2456            
          m_num_sent               integral                             32    'h0              
        wsqr                       axi_sequencer                        -     @2486            
          rsp_export               uvm_analysis_export                  -     @2495            
          seq_item_export          uvm_seq_item_pull_imp                -     @2613            
          arbitration_queue        array                                0     -                
          lock_queue               array                                0     -                
          num_last_reqs            integral                             32    'd1              
          num_last_rsps            integral                             32    'd1              
      state                        axi_state                            -     @2023            
        ar2r_imp                   uvm_analysis_imp_ar2r                -     @2092            
        ar_imp                     uvm_analysis_imp_ar                  -     @2062            
        aw2b_imp                   uvm_analysis_imp_aw2b                -     @2082            
        aw_imp                     uvm_analysis_imp_aw                  -     @2032            
        b_imp                      uvm_analysis_imp_b                   -     @2052            
        item_rtr_port              uvm_analysis_port                    -     @2112            
        item_wtr_port              uvm_analysis_port                    -     @2102            
        r_imp                      uvm_analysis_imp_r                   -     @2072            
        w_imp                      uvm_analysis_imp_w                   -     @2042            
        avg_rate                   integral                             32    'h0              
        exp_rate                   integral                             32    'h0              
        win_size                   integral                             32    'h0              
        bqnum_for_slaseq           integral                             32    'h0              
        rq_from_model_num          integral                             32    'h0              
      vsqr                         axi_virtual_sequencer                -     @2131            
        rsp_export                 uvm_analysis_export                  -     @2140            
        seq_item_export            uvm_seq_item_pull_imp                -     @2258            
        arbitration_queue          array                                0     -                
        lock_queue                 array                                0     -                
        num_last_reqs              integral                             32    'd1              
        num_last_rsps              integral                             32    'd1              
      cfg                          axi_cfg                              -     @394             
        has_checker                integral                             1     'h1              
        has_coverage               integral                             1     'h1              
        id_num                     integral                             32    'h1              
        reset_level                reset_level_enum                     32    RESET_LEVEL_LOW  
        drv_type                   drv_type_enum                        32    SLAVE            
        write_latency_mode         latency_mode_enum                    32    TRANSACTION_FIRST
        read_latency_mode          latency_mode_enum                    32    TRANSACTION_FIRST
        clatency                   axi_latency                          -     @396             
          wr_latency               integral                             32    'h0              
          rd_latency               integral                             32    'h0              
    refm                           turbovla_lite_e2e_reference_model    -     @461             
      trans_num_idx                integral                             32    'h0              
    subsys_mon                     turbovla_lite_e2e_subsystem_monitor  -     @474             
      control_rtr_imp              uvm_analysis_imp_axi_rtr_control     -     @513             
      control_wtr_imp              uvm_analysis_imp_axi_wtr_control     -     @503             
      gmem0_rtr_imp                uvm_analysis_imp_axi_rtr_gmem0       -     @493             
      gmem0_wtr_imp                uvm_analysis_imp_axi_wtr_gmem0       -     @483             
      scbd                         turbovla_lite_e2e_scoreboard         -     @3222            
        refm                       turbovla_lite_e2e_reference_model    -     @461             
          trans_num_idx            integral                             32    'h0              
    turbovla_lite_e2e_virtual_sqr  turbovla_lite_e2e_virtual_sequencer  -     @523             
      rsp_export                   uvm_analysis_export                  -     @532             
      seq_item_export              uvm_seq_item_pull_imp                -     @650             
      arbitration_queue            array                                0     -                
      lock_queue                   array                                0     -                
      num_last_reqs                integral                             32    'd1              
      num_last_rsps                integral                             32    'd1              
    refm                           turbovla_lite_e2e_reference_model    -     @461             
    turbovla_lite_e2e_virtual_sqr  turbovla_lite_e2e_virtual_sequencer  -     @523             
    turbovla_lite_e2e_cfg          turbovla_lite_e2e_config             -     @393             
      gmem0_cfg                    axi_cfg                              -     @394             
        has_checker                integral                             1     'h1              
        has_coverage               integral                             1     'h1              
        id_num                     integral                             32    'h1              
        reset_level                reset_level_enum                     32    RESET_LEVEL_LOW  
        drv_type                   drv_type_enum                        32    SLAVE            
        write_latency_mode         latency_mode_enum                    32    TRANSACTION_FIRST
        read_latency_mode          latency_mode_enum                    32    TRANSACTION_FIRST
        clatency                   axi_latency                          -     @396             
          wr_latency               integral                             32    'h0              
          rd_latency               integral                             32    'h0              
      control_cfg                  axi_cfg                              -     @395             
        has_checker                integral                             1     'h1              
        has_coverage               integral                             1     'h1              
        id_num                     integral                             32    'h1              
        reset_level                reset_level_enum                     32    RESET_LEVEL_LOW  
        drv_type                   drv_type_enum                        32    MASTER           
        write_latency_mode         latency_mode_enum                    32    CHANNEL_FIRST    
        read_latency_mode          latency_mode_enum                    32    CHANNEL_FIRST    
        clatency                   axi_latency                          -     @430             
          wr_latency               integral                             32    'h0              
          rd_latency               integral                             32    'h0              
      check_ena                    integral                             32    'h0              
      cover_ena                    integral                             32    'h0              
-----------------------------------------------------------------------------------------------

UVM_INFO /home/frank/AMD/vivado/2025.01/2025.1/Vivado/data/system_verilog/uvm_1.2/xlnx_uvm_package.sv(20867) @ 0: reporter [UVM/COMP/NAMECHECK] This implementation of the component name checks requires DPI to be enabled
////////////////////////////////////////////////////////////////////////////////////
// Inter-Transaction Progress: Completed Transaction / Total Transaction
// Intra-Transaction Progress: Measured Latency / Latency Estimation * 100%
//
// RTL Simulation : "Inter-Transaction Progress" ["Intra-Transaction Progress"] @ "Simulation Time"
////////////////////////////////////////////////////////////////////////////////////
// RTL Simulation : 0 / 1 [0.00%] @ "113000"
// RTL Simulation : 1 / 1 [100.00%] @ "503000"
////////////////////////////////////////////////////////////////////////////////////
$finish called at time : 567500 ps : File "/home/frank/AMD/vivado/2025.01/2025.1/Vivado/data/system_verilog/uvm_1.2/xlnx_uvm_package.sv" Line 18699
## quit
INFO: [Common 17-206] Exiting xsim at Tue Sep 22 02:23:02 2026...
INFO: [COSIM 212-316] Starting C post checking ...
e2e v0.2 request rejection gate passed
TURBOVLA_COSIM_CASE_PASS: 2
TURBOVLA_COSIM_CASE_START: 3
INFO: [HLS 200-1510] Running: cosim_design -setup -trace_level none -rtl verilog -tool xsim -argv /home/frank/TurboVLA-codex-T015-b3761ce/tests/data/lite_parameter_pack_qat 3 
INFO: [COSIM 212-47] Using XSIM for RTL simulation.
INFO: [COSIM 212-14] Instrumenting C test bench ...
   Build using "/home/frank/AMD/vivado/2025.01/2025.1/Vitis/lnx64/tools/vcxx/libexec//clang++"
   Compiling apatb_turbovla_lite_e2e.cpp
   Compiling e2e.cpp_pre.cpp.tb.cpp
   Compiling tb_e2e.cpp_pre.cpp.tb.cpp
   Compiling apatb_turbovla_lite_e2e_ir.ll
   Generating cosim.tv.exe
INFO: [COSIM 212-302] Starting C TB testing ... 
e2e v0.2 model rejection gate passed
INFO: [COSIM 212-333] Generating C post check test bench ...
INFO: [COSIM 212-12] Generating RTL test bench ...

****** Vivado v2025.1 (64-bit)
  **** SW Build 6140274 on Wed May 21 22:58:25 MDT 2025
  **** IP Build 6138677 on Thu May 22 03:10:11 MDT 2025
  **** SharedData Build 6139179 on Tue May 20 17:58:58 MDT 2025
  **** Start of session at: Tue Sep 22 02:23:15 2026
    ** Copyright 1986-2022 Xilinx, Inc. All Rights Reserved.
    ** Copyright 2022-2025 Advanced Micro Devices, Inc. All Rights Reserved.

source run_vivado_gen_ip.tcl -notrace
INFO: [IP_Flow 19-234] Refreshing IP repositories
INFO: [IP_Flow 19-1704] No user IP repositories specified
INFO: [IP_Flow 19-2313] Loaded Vivado IP repository '/home/frank/AMD/vivado/2025.01/2025.1/Vivado/data/ip'.
INFO: [IP_Flow 19-1686] Generating 'Synthesis' target for IP 'turbovla_lite_e2e_fadd_32ns_32ns_32_8_full_dsp_1_ip'...
INFO: [IP_Flow 19-1686] Generating 'Simulation' target for IP 'turbovla_lite_e2e_fadd_32ns_32ns_32_8_full_dsp_1_ip'...
INFO: [IP_Flow 19-1686] Generating 'Synthesis' target for IP 'turbovla_lite_e2e_fdiv_32ns_32ns_32_16_no_dsp_0_ip'...
INFO: [IP_Flow 19-1686] Generating 'Simulation' target for IP 'turbovla_lite_e2e_fdiv_32ns_32ns_32_16_no_dsp_0_ip'...
INFO: [IP_Flow 19-1686] Generating 'Synthesis' target for IP 'turbovla_lite_e2e_dadd_64ns_64ns_64_9_full_dsp_0_ip'...
INFO: [IP_Flow 19-1686] Generating 'Simulation' target for IP 'turbovla_lite_e2e_dadd_64ns_64ns_64_9_full_dsp_0_ip'...
INFO: [IP_Flow 19-1686] Generating 'Synthesis' target for IP 'turbovla_lite_e2e_fexp_32ns_32ns_32_13_full_dsp_1_ip'...
INFO: [IP_Flow 19-1686] Generating 'Simulation' target for IP 'turbovla_lite_e2e_fexp_32ns_32ns_32_13_full_dsp_1_ip'...
INFO: [IP_Flow 19-1686] Generating 'Synthesis' target for IP 'turbovla_lite_e2e_faddfsub_32ns_32ns_32_8_full_dsp_1_ip'...
INFO: [IP_Flow 19-1686] Generating 'Simulation' target for IP 'turbovla_lite_e2e_faddfsub_32ns_32ns_32_8_full_dsp_1_ip'...
INFO: [IP_Flow 19-1686] Generating 'Synthesis' target for IP 'turbovla_lite_e2e_sitofp_32ns_32_6_no_dsp_1_ip'...
INFO: [IP_Flow 19-1686] Generating 'Simulation' target for IP 'turbovla_lite_e2e_sitofp_32ns_32_6_no_dsp_1_ip'...
INFO: [IP_Flow 19-1686] Generating 'Synthesis' target for IP 'turbovla_lite_e2e_fpext_32ns_64_2_no_dsp_0_ip'...
INFO: [IP_Flow 19-1686] Generating 'Simulation' target for IP 'turbovla_lite_e2e_fpext_32ns_64_2_no_dsp_0_ip'...
INFO: [IP_Flow 19-1686] Generating 'Synthesis' target for IP 'turbovla_lite_e2e_fmul_32ns_32ns_32_5_max_dsp_1_ip'...
INFO: [IP_Flow 19-1686] Generating 'Simulation' target for IP 'turbovla_lite_e2e_fmul_32ns_32ns_32_5_max_dsp_1_ip'...
INFO: [IP_Flow 19-1686] Generating 'Synthesis' target for IP 'turbovla_lite_e2e_fcmp_32ns_32ns_1_2_no_dsp_0_ip'...
INFO: [IP_Flow 19-1686] Generating 'Simulation' target for IP 'turbovla_lite_e2e_fcmp_32ns_32ns_1_2_no_dsp_0_ip'...
INFO: [IP_Flow 19-1686] Generating 'Synthesis' target for IP 'turbovla_lite_e2e_fptrunc_64ns_32_2_no_dsp_0_ip'...
INFO: [IP_Flow 19-1686] Generating 'Simulation' target for IP 'turbovla_lite_e2e_fptrunc_64ns_32_2_no_dsp_0_ip'...
INFO: [IP_Flow 19-1686] Generating 'Synthesis' target for IP 'turbovla_lite_e2e_sitofp_32s_32_6_no_dsp_1_ip'...
INFO: [IP_Flow 19-1686] Generating 'Simulation' target for IP 'turbovla_lite_e2e_sitofp_32s_32_6_no_dsp_1_ip'...
INFO: [IP_Flow 19-1686] Generating 'Synthesis' target for IP 'turbovla_lite_e2e_uitofp_32ns_32_6_no_dsp_1_ip'...
INFO: [IP_Flow 19-1686] Generating 'Simulation' target for IP 'turbovla_lite_e2e_uitofp_32ns_32_6_no_dsp_1_ip'...
INFO: [IP_Flow 19-1686] Generating 'Synthesis' target for IP 'turbovla_lite_e2e_fsub_32ns_32ns_32_8_full_dsp_0_ip'...
INFO: [IP_Flow 19-1686] Generating 'Simulation' target for IP 'turbovla_lite_e2e_fsub_32ns_32ns_32_8_full_dsp_0_ip'...
INFO: [Common 17-206] Exiting Vivado at Tue Sep 22 02:23:27 2026...
INFO: [COSIM 212-1] *** C/RTL co-simulation file generation completed. ***
INFO: [COSIM 212-211] II is measurable only when transaction number is greater than 1 in RTL simulation. Otherwise, they will be marked as all NA. If user wants to calculate them, please make sure there are at least 2 transactions in RTL simulation.
INFO: [HLS 200-2161] Finished Command cosim_design Elapsed time: 00:00:31; Allocated memory: 4.879 MB.
INFO: [HLS 200-1510] Running: source run_sim.tcl
INFO: [HLS 200-1510] Running: source check_sim.tcl
INFO: [HLS 200-1510] Running: source dataflow_monitor_API.tcl
INFO: [COSIM 212-302] Starting C TB testing ...  
e2e v0.2 model rejection gate passed
INFO: [COSIM 212-323] Starting verilog simulation...
INFO: [COSIM 212-15] Starting XSIM ...
Vivado Simulator v2025.1.0
Copyright 1986-2022 Xilinx, Inc. All Rights Reserved.
Copyright 2022-2025 Advanced Micro Devices, Inc. All Rights Reserved.
Running: /home/frank/AMD/vivado/2025.01/2025.1/Vivado/bin/unwrapped/lnx64.o/xelab xil_defaultlib.apatb_turbovla_lite_e2e_top xil_defaultlib.glbl -Oenable_linking_all_libraries -prj turbovla_lite_e2e.prj -L smartconnect_v1_0 -L axi_protocol_checker_v1_1_12 -L axi_protocol_checker_v1_1_13 -L axis_protocol_checker_v1_1_11 -L axis_protocol_checker_v1_1_12 -L xil_defaultlib -L unisims_ver -L xpm -L floating_point_v7_1_20 -L floating_point_v7_0_25 --lib ieee_proposed=./ieee_proposed -L uvm -relax -i ./svr -i ./svtb -i ./file_agent -i ./turbovla_lite_e2e_subsystem -s turbovla_lite_e2e 
Multi-threading is on. Using 12 slave threads.
Determining compilation order of HDL files.
WARNING: [XSIM 43-3431] One or more environment variables have been detected which affect the operation of the C compiler. These are typically not set in standard installations and are not tested by AMD, however they may be appropriate for your system, so the flow will attempt to continue.  If errors occur, try running xelab with the "-mt off -v 1" switches to see more information from the C compiler. The following environment variables have been detected:
    LIBRARY_PATH
INFO: [VRFC 10-2263] Analyzing SystemVerilog file "/home/frank/TurboVLA-codex-T015-b3761ce/build/hls/e2e/e2e_solution/sim/verilog/glbl.v" into library xil_defaultlib
INFO: [VRFC 10-311] analyzing module glbl
INFO: [VRFC 10-2263] Analyzing SystemVerilog file "/home/frank/TurboVLA-codex-T015-b3761ce/build/hls/e2e/e2e_solution/sim/verilog/turbovla_lite_e2e_fmul_32ns_32ns_32_5_max_dsp_1.v" into library xil_defaultlib
INFO: [VRFC 10-311] analyzing module turbovla_lite_e2e_fmul_32ns_32ns_32_5_max_dsp_1
INFO: [VRFC 10-2263] Analyzing SystemVerilog file "/home/frank/TurboVLA-codex-T015-b3761ce/build/hls/e2e/e2e_solution/sim/verilog/turbovla_lite_e2e_p_anonymous_namespace_quantize.v" into library xil_defaultlib
INFO: [VRFC 10-311] analyzing module turbovla_lite_e2e_p_anonymous_namespace_quantize
INFO: [VRFC 10-2263] Analyzing SystemVerilog file "/home/frank/TurboVLA-codex-T015-b3761ce/build/hls/e2e/e2e_solution/sim/verilog/turbovla_lite_e2e_p_anonymous_namespace_quantize_mask_table_ROM_AUTO_1R.v" into library xil_defaultlib
INFO: [VRFC 10-311] analyzing module turbovla_lite_e2e_p_anonymous_namespace_quantize_mask_table_ROM_AUTO_1R
INFO: [VRFC 10-2263] Analyzing SystemVerilog file "/home/frank/TurboVLA-codex-T015-b3761ce/build/hls/e2e/e2e_solution/sim/verilog/turbovla_lite_e2e_faddfsub_32ns_32ns_32_8_full_dsp_1.v" into library xil_defaultlib
INFO: [VRFC 10-311] analyzing module turbovla_lite_e2e_faddfsub_32ns_32ns_32_8_full_dsp_1
INFO: [VRFC 10-2263] Analyzing SystemVerilog file "/home/frank/TurboVLA-codex-T015-b3761ce/build/hls/e2e/e2e_solution/sim/verilog/turbovla_lite_e2e_p_anonymous_namespace_encode_visual_Pipeline_1.v" into library xil_defaultlib
INFO: [VRFC 10-311] analyzing module turbovla_lite_e2e_p_anonymous_namespace_encode_visual_Pipeline_1
INFO: [VRFC 10-2263] Analyzing SystemVerilog file "/home/frank/TurboVLA-codex-T015-b3761ce/build/hls/e2e/e2e_solution/sim/verilog/turbovla_lite_e2e_fpext_32ns_64_2_no_dsp_0.v" into library xil_defaultlib
INFO: [VRFC 10-311] analyzing module turbovla_lite_e2e_fpext_32ns_64_2_no_dsp_0
INFO: [VRFC 10-2263] Analyzing SystemVerilog file "/home/frank/TurboVLA-codex-T015-b3761ce/build/hls/e2e/e2e_solution/sim/verilog/turbovla_lite_e2e_p_anonymous_namespace_fuse_layer_Pipeline_1.v" into library xil_defaultlib
INFO: [VRFC 10-311] analyzing module turbovla_lite_e2e_p_anonymous_namespace_fuse_layer_Pipeline_1
INFO: [VRFC 10-2263] Analyzing SystemVerilog file "/home/frank/TurboVLA-codex-T015-b3761ce/build/hls/e2e/e2e_solution/sim/verilog/turbovla_lite_e2e_generic_tanh_float_s.v" into library xil_defaultlib
INFO: [VRFC 10-311] analyzing module turbovla_lite_e2e_generic_tanh_float_s
INFO: [VRFC 10-2263] Analyzing SystemVerilog file "/home/frank/TurboVLA-codex-T015-b3761ce/build/hls/e2e/e2e_solution/sim/verilog/turbovla_lite_e2e_mac_muladd_8s_8s_16s_17_4_1.v" into library xil_defaultlib
INFO: [VRFC 10-311] analyzing module turbovla_lite_e2e_mac_muladd_8s_8s_16s_17_4_1_DSP48_0
INFO: [VRFC 10-311] analyzing module turbovla_lite_e2e_mac_muladd_8s_8s_16s_17_4_1
INFO: [VRFC 10-2263] Analyzing SystemVerilog file "/home/frank/TurboVLA-codex-T015-b3761ce/build/hls/e2e/e2e_solution/sim/verilog/turbovla_lite_e2e_uitofp_32ns_32_6_no_dsp_1.v" into library xil_defaultlib
INFO: [VRFC 10-311] analyzing module turbovla_lite_e2e_uitofp_32ns_32_6_no_dsp_1
INFO: [VRFC 10-2263] Analyzing SystemVerilog file "/home/frank/TurboVLA-codex-T015-b3761ce/build/hls/e2e/e2e_solution/sim/verilog/turbovla_lite_e2e_fexp_32ns_32ns_32_13_full_dsp_1.v" into library xil_defaultlib
INFO: [VRFC 10-311] analyzing module turbovla_lite_e2e_fexp_32ns_32ns_32_13_full_dsp_1
INFO: [VRFC 10-2263] Analyzing SystemVerilog file "/home/frank/TurboVLA-codex-T015-b3761ce/build/hls/e2e/e2e_solution/sim/verilog/turbovla_lite_e2e_mac_muladd_8s_8s_32s_32_4_1.v" into library xil_defaultlib
INFO: [VRFC 10-311] analyzing module turbovla_lite_e2e_mac_muladd_8s_8s_32s_32_4_1_DSP48_0
INFO: [VRFC 10-311] analyzing module turbovla_lite_e2e_mac_muladd_8s_8s_32s_32_4_1
INFO: [VRFC 10-2263] Analyzing SystemVerilog file "/home/frank/TurboVLA-codex-T015-b3761ce/build/hls/e2e/e2e_solution/sim/verilog/turbovla_lite_e2e_exp_generic_double_s_table_f_Z2_ap_ufixed_59_0_ap_q_mode_5_ap_o_mode_3_0_arradEe.v" into library xil_defaultlib
INFO: [VRFC 10-311] analyzing module turbovla_lite_e2e_exp_generic_double_s_table_f_Z2_ap_ufixed_59_0_ap_q_mode_5_ap_o_mode_3_0_arradEe
INFO: [VRFC 10-2263] Analyzing SystemVerilog file "/home/frank/TurboVLA-codex-T015-b3761ce/build/hls/e2e/e2e_solution/sim/verilog/turbovla_lite_e2e_control_s_axi.v" into library xil_defaultlib
INFO: [VRFC 10-311] analyzing module turbovla_lite_e2e_control_s_axi
INFO: [VRFC 10-2263] Analyzing SystemVerilog file "/home/frank/TurboVLA-codex-T015-b3761ce/build/hls/e2e/e2e_solution/sim/verilog/turbovla_lite_e2e.autotb.v" into library xil_defaultlib
INFO: [VRFC 10-311] analyzing module apatb_turbovla_lite_e2e_top
INFO: [VRFC 10-2263] Analyzing SystemVerilog file "/home/frank/TurboVLA-codex-T015-b3761ce/build/hls/e2e/e2e_solution/sim/verilog/turbovla_lite_e2e_run.v" into library xil_defaultlib
INFO: [VRFC 10-311] analyzing module turbovla_lite_e2e_run
INFO: [VRFC 10-2263] Analyzing SystemVerilog file "/home/frank/TurboVLA-codex-T015-b3761ce/build/hls/e2e/e2e_solution/sim/verilog/turbovla_lite_e2e_p_anonymous_namespace_decode_action_state_q_RAM_AUTO_1R1W.v" into library xil_defaultlib
INFO: [VRFC 10-311] analyzing module turbovla_lite_e2e_p_anonymous_namespace_decode_action_state_q_RAM_AUTO_1R1W
INFO: [VRFC 10-2263] Analyzing SystemVerilog file "/home/frank/TurboVLA-codex-T015-b3761ce/build/hls/e2e/e2e_solution/sim/verilog/turbovla_lite_e2e_exp_generic_double_s_table_exp_Z1_ap_ufixed_58_1_ap_q_mode_5_ap_o_mode_3_0_arbkb.v" into library xil_defaultlib
INFO: [VRFC 10-311] analyzing module turbovla_lite_e2e_exp_generic_double_s_table_exp_Z1_ap_ufixed_58_1_ap_q_mode_5_ap_o_mode_3_0_arbkb
INFO: [VRFC 10-2263] Analyzing SystemVerilog file "/home/frank/TurboVLA-codex-T015-b3761ce/build/hls/e2e/e2e_solution/sim/verilog/turbovla_lite_e2e_fptrunc_64ns_32_2_no_dsp_0.v" into library xil_defaultlib
INFO: [VRFC 10-311] analyzing module turbovla_lite_e2e_fptrunc_64ns_32_2_no_dsp_0
INFO: [VRFC 10-2263] Analyzing SystemVerilog file "/home/frank/TurboVLA-codex-T015-b3761ce/build/hls/e2e/e2e_solution/sim/verilog/turbovla_lite_e2e_p_anonymous_namespace_decode_action.v" into library xil_defaultlib
INFO: [VRFC 10-311] analyzing module turbovla_lite_e2e_p_anonymous_namespace_decode_action
INFO: [VRFC 10-2263] Analyzing SystemVerilog file "/home/frank/TurboVLA-codex-T015-b3761ce/build/hls/e2e/e2e_solution/sim/verilog/turbovla_lite_e2e_fdiv_32ns_32ns_32_16_no_dsp_0.v" into library xil_defaultlib
INFO: [VRFC 10-311] analyzing module turbovla_lite_e2e_fdiv_32ns_32ns_32_16_no_dsp_0
INFO: [VRFC 10-2263] Analyzing SystemVerilog file "/home/frank/TurboVLA-codex-T015-b3761ce/build/hls/e2e/e2e_solution/sim/verilog/turbovla_lite_e2e_p_anonymous_namespace_fuse_layer_Pipeline_2.v" into library xil_defaultlib
INFO: [VRFC 10-311] analyzing module turbovla_lite_e2e_p_anonymous_namespace_fuse_layer_Pipeline_2
INFO: [VRFC 10-2263] Analyzing SystemVerilog file "/home/frank/TurboVLA-codex-T015-b3761ce/build/hls/e2e/e2e_solution/sim/verilog/turbovla_lite_e2e_p_anonymous_namespace_decode_action_hidden_q_RAM_AUTO_1R1W.v" into library xil_defaultlib
INFO: [VRFC 10-311] analyzing module turbovla_lite_e2e_p_anonymous_namespace_decode_action_hidden_q_RAM_AUTO_1R1W
INFO: [VRFC 10-2263] Analyzing SystemVerilog file "/home/frank/TurboVLA-codex-T015-b3761ce/build/hls/e2e/e2e_solution/sim/verilog/turbovla_lite_e2e_flow_control_loop_pipe_sequential_init.v" into library xil_defaultlib
INFO: [VRFC 10-311] analyzing module turbovla_lite_e2e_flow_control_loop_pipe_sequential_init
INFO: [VRFC 10-2263] Analyzing SystemVerilog file "/home/frank/TurboVLA-codex-T015-b3761ce/build/hls/e2e/e2e_solution/sim/verilog/turbovla_lite_e2e_exp_generic_double_s_table_f_Z3_ap_ufixed_59_0_ap_q_mode_5_ap_o_mode_3_0_arracud.v" into library xil_defaultlib
INFO: [VRFC 10-311] analyzing module turbovla_lite_e2e_exp_generic_double_s_table_f_Z3_ap_ufixed_59_0_ap_q_mode_5_ap_o_mode_3_0_arracud
INFO: [VRFC 10-2263] Analyzing SystemVerilog file "/home/frank/TurboVLA-codex-T015-b3761ce/build/hls/e2e/e2e_solution/sim/verilog/turbovla_lite_e2e_mac_muladd_8s_8s_23s_23_4_1.v" into library xil_defaultlib
INFO: [VRFC 10-311] analyzing module turbovla_lite_e2e_mac_muladd_8s_8s_23s_23_4_1_DSP48_0
INFO: [VRFC 10-311] analyzing module turbovla_lite_e2e_mac_muladd_8s_8s_23s_23_4_1
INFO: [VRFC 10-2263] Analyzing SystemVerilog file "/home/frank/TurboVLA-codex-T015-b3761ce/build/hls/e2e/e2e_solution/sim/verilog/turbovla_lite_e2e_mac_muladd_8s_8s_17s_17_4_1.v" into library xil_defaultlib
INFO: [VRFC 10-311] analyzing module turbovla_lite_e2e_mac_muladd_8s_8s_17s_17_4_1_DSP48_0
INFO: [VRFC 10-311] analyzing module turbovla_lite_e2e_mac_muladd_8s_8s_17s_17_4_1
INFO: [VRFC 10-2263] Analyzing SystemVerilog file "/home/frank/TurboVLA-codex-T015-b3761ce/build/hls/e2e/e2e_solution/sim/verilog/turbovla_lite_e2e_mul_13s_71s_71_3_1.v" into library xil_defaultlib
INFO: [VRFC 10-311] analyzing module turbovla_lite_e2e_mul_13s_71s_71_3_1
INFO: [VRFC 10-2263] Analyzing SystemVerilog file "/home/frank/TurboVLA-codex-T015-b3761ce/build/hls/e2e/e2e_solution/sim/verilog/turbovla_lite_e2e_run_action_RAM_AUTO_1R1W.v" into library xil_defaultlib
INFO: [VRFC 10-311] analyzing module turbovla_lite_e2e_run_action_RAM_AUTO_1R1W
INFO: [VRFC 10-2263] Analyzing SystemVerilog file "/home/frank/TurboVLA-codex-T015-b3761ce/build/hls/e2e/e2e_solution/sim/verilog/turbovla_lite_e2e_run_Pipeline_VITIS_LOOP_322_1.v" into library xil_defaultlib
INFO: [VRFC 10-311] analyzing module turbovla_lite_e2e_run_Pipeline_VITIS_LOOP_322_1
INFO: [VRFC 10-2263] Analyzing SystemVerilog file "/home/frank/TurboVLA-codex-T015-b3761ce/build/hls/e2e/e2e_solution/sim/verilog/turbovla_lite_e2e_dadd_64ns_64ns_64_9_full_dsp_0.v" into library xil_defaultlib
INFO: [VRFC 10-311] analyzing module turbovla_lite_e2e_dadd_64ns_64ns_64_9_full_dsp_0
INFO: [VRFC 10-2263] Analyzing SystemVerilog file "/home/frank/TurboVLA-codex-T015-b3761ce/build/hls/e2e/e2e_solution/sim/verilog/turbovla_lite_e2e_p_anonymous_namespace_decode_action_Pipeline_VITIS_LOOP_254_2.v" into library xil_defaultlib
INFO: [VRFC 10-311] analyzing module turbovla_lite_e2e_p_anonymous_namespace_decode_action_Pipeline_VITIS_LOOP_254_2
INFO: [VRFC 10-2263] Analyzing SystemVerilog file "/home/frank/TurboVLA-codex-T015-b3761ce/build/hls/e2e/e2e_solution/sim/verilog/turbovla_lite_e2e_p_anonymous_namespace_quantize_one_half_table_ROM_AUTO_1R.v" into library xil_defaultlib
INFO: [VRFC 10-311] analyzing module turbovla_lite_e2e_p_anonymous_namespace_quantize_one_half_table_ROM_AUTO_1R
INFO: [VRFC 10-2263] Analyzing SystemVerilog file "/home/frank/TurboVLA-codex-T015-b3761ce/build/hls/e2e/e2e_solution/sim/verilog/turbovla_lite_e2e_mul_50ns_50ns_99_2_1.v" into library xil_defaultlib
INFO: [VRFC 10-311] analyzing module turbovla_lite_e2e_mul_50ns_50ns_99_2_1
INFO: [VRFC 10-2263] Analyzing SystemVerilog file "/home/frank/TurboVLA-codex-T015-b3761ce/build/hls/e2e/e2e_solution/sim/verilog/turbovla_lite_e2e_p_anonymous_namespace_fuse_layer_1_Pipeline_VITIS_LOOP_195_1_VITIS_LOOP_196_2.v" into library xil_defaultlib
INFO: [VRFC 10-311] analyzing module turbovla_lite_e2e_p_anonymous_namespace_fuse_layer_1_Pipeline_VITIS_LOOP_195_1_VITIS_LOOP_196_2
INFO: [VRFC 10-2263] Analyzing SystemVerilog file "/home/frank/TurboVLA-codex-T015-b3761ce/build/hls/e2e/e2e_solution/sim/verilog/turbovla_lite_e2e_p_anonymous_namespace_fuse_layer_1_Pipeline_2.v" into library xil_defaultlib
INFO: [VRFC 10-311] analyzing module turbovla_lite_e2e_p_anonymous_namespace_fuse_layer_1_Pipeline_2
INFO: [VRFC 10-2263] Analyzing SystemVerilog file "/home/frank/TurboVLA-codex-T015-b3761ce/build/hls/e2e/e2e_solution/sim/verilog/turbovla_lite_e2e_sparsemux_7_2_32_1_0.v" into library xil_defaultlib
INFO: [VRFC 10-311] analyzing module turbovla_lite_e2e_sparsemux_7_2_32_1_0
INFO: [VRFC 10-2263] Analyzing SystemVerilog file "/home/frank/TurboVLA-codex-T015-b3761ce/build/hls/e2e/e2e_solution/sim/verilog/turbovla_lite_e2e_p_anonymous_namespace_fuse_layer_Pipeline_VITIS_LOOP_195_1_VITIS_LOOP_196_2.v" into library xil_defaultlib
INFO: [VRFC 10-311] analyzing module turbovla_lite_e2e_p_anonymous_namespace_fuse_layer_Pipeline_VITIS_LOOP_195_1_VITIS_LOOP_196_2
INFO: [VRFC 10-2263] Analyzing SystemVerilog file "/home/frank/TurboVLA-codex-T015-b3761ce/build/hls/e2e/e2e_solution/sim/verilog/turbovla_lite_e2e_sitofp_32ns_32_6_no_dsp_1.v" into library xil_defaultlib
INFO: [VRFC 10-311] analyzing module turbovla_lite_e2e_sitofp_32ns_32_6_no_dsp_1
INFO: [VRFC 10-2263] Analyzing SystemVerilog file "/home/frank/TurboVLA-codex-T015-b3761ce/build/hls/e2e/e2e_solution/sim/verilog/turbovla_lite_e2e.v" into library xil_defaultlib
INFO: [VRFC 10-311] analyzing module turbovla_lite_e2e
INFO: [VRFC 10-2263] Analyzing SystemVerilog file "/home/frank/TurboVLA-codex-T015-b3761ce/build/hls/e2e/e2e_solution/sim/verilog/turbovla_lite_e2e_p_anonymous_namespace_fuse_layer_1_Pipeline_VITIS_LOOP_210_5.v" into library xil_defaultlib
INFO: [VRFC 10-311] analyzing module turbovla_lite_e2e_p_anonymous_namespace_fuse_layer_1_Pipeline_VITIS_LOOP_210_5
INFO: [VRFC 10-2263] Analyzing SystemVerilog file "/home/frank/TurboVLA-codex-T015-b3761ce/build/hls/e2e/e2e_solution/sim/verilog/turbovla_lite_e2e_p_anonymous_namespace_decode_action_Pipeline_VITIS_LOOP_277_6.v" into library xil_defaultlib
INFO: [VRFC 10-311] analyzing module turbovla_lite_e2e_p_anonymous_namespace_decode_action_Pipeline_VITIS_LOOP_277_6
INFO: [VRFC 10-2263] Analyzing SystemVerilog file "/home/frank/TurboVLA-codex-T015-b3761ce/build/hls/e2e/e2e_solution/sim/verilog/turbovla_lite_e2e_fadd_32ns_32ns_32_8_full_dsp_1.v" into library xil_defaultlib
INFO: [VRFC 10-311] analyzing module turbovla_lite_e2e_fadd_32ns_32ns_32_8_full_dsp_1
INFO: [VRFC 10-2263] Analyzing SystemVerilog file "/home/frank/TurboVLA-codex-T015-b3761ce/build/hls/e2e/e2e_solution/sim/verilog/turbovla_lite_e2e_fsub_32ns_32ns_32_8_full_dsp_0.v" into library xil_defaultlib
INFO: [VRFC 10-311] analyzing module turbovla_lite_e2e_fsub_32ns_32ns_32_8_full_dsp_0
INFO: [VRFC 10-2263] Analyzing SystemVerilog file "/home/frank/TurboVLA-codex-T015-b3761ce/build/hls/e2e/e2e_solution/sim/verilog/turbovla_lite_e2e_p_anonymous_namespace_decode_action_Pipeline_VITIS_LOOP_248_1.v" into library xil_defaultlib
INFO: [VRFC 10-311] analyzing module turbovla_lite_e2e_p_anonymous_namespace_decode_action_Pipeline_VITIS_LOOP_248_1
INFO: [VRFC 10-2263] Analyzing SystemVerilog file "/home/frank/TurboVLA-codex-T015-b3761ce/build/hls/e2e/e2e_solution/sim/verilog/turbovla_lite_e2e_exp_generic_double_s.v" into library xil_defaultlib
INFO: [VRFC 10-311] analyzing module turbovla_lite_e2e_exp_generic_double_s
INFO: [VRFC 10-2263] Analyzing SystemVerilog file "/home/frank/TurboVLA-codex-T015-b3761ce/build/hls/e2e/e2e_solution/sim/verilog/turbovla_lite_e2e_p_anonymous_namespace_encode_visual_pooled_RAM_AUTO_1R1W.v" into library xil_defaultlib
INFO: [VRFC 10-311] analyzing module turbovla_lite_e2e_p_anonymous_namespace_encode_visual_pooled_RAM_AUTO_1R1W
INFO: [VRFC 10-2263] Analyzing SystemVerilog file "/home/frank/TurboVLA-codex-T015-b3761ce/build/hls/e2e/e2e_solution/sim/verilog/turbovla_lite_e2e_p_anonymous_namespace_encode_visual.v" into library xil_defaultlib
INFO: [VRFC 10-311] analyzing module turbovla_lite_e2e_p_anonymous_namespace_encode_visual
INFO: [VRFC 10-2263] Analyzing SystemVerilog file "/home/frank/TurboVLA-codex-T015-b3761ce/build/hls/e2e/e2e_solution/sim/verilog/turbovla_lite_e2e_run_fusion_1_RAM_1WNR_AUTO_1R1W.v" into library xil_defaultlib
INFO: [VRFC 10-311] analyzing module turbovla_lite_e2e_run_fusion_1_RAM_1WNR_AUTO_1R1W
INFO: [VRFC 10-2263] Analyzing SystemVerilog file "/home/frank/TurboVLA-codex-T015-b3761ce/build/hls/e2e/e2e_solution/sim/verilog/turbovla_lite_e2e_sparsemux_9_3_64_1_1.v" into library xil_defaultlib
INFO: [VRFC 10-311] analyzing module turbovla_lite_e2e_sparsemux_9_3_64_1_1
INFO: [VRFC 10-2263] Analyzing SystemVerilog file "/home/frank/TurboVLA-codex-T015-b3761ce/build/hls/e2e/e2e_solution/sim/verilog/turbovla_lite_e2e_p_anonymous_namespace_fuse_layer_language_candidate_RAM_AUTO_1R1W.v" into library xil_defaultlib
INFO: [VRFC 10-311] analyzing module turbovla_lite_e2e_p_anonymous_namespace_fuse_layer_language_candidate_RAM_AUTO_1R1W
INFO: [VRFC 10-2263] Analyzing SystemVerilog file "/home/frank/TurboVLA-codex-T015-b3761ce/build/hls/e2e/e2e_solution/sim/verilog/turbovla_lite_e2e_sitofp_32s_32_6_no_dsp_1.v" into library xil_defaultlib
INFO: [VRFC 10-311] analyzing module turbovla_lite_e2e_sitofp_32s_32_6_no_dsp_1
INFO: [VRFC 10-2263] Analyzing SystemVerilog file "/home/frank/TurboVLA-codex-T015-b3761ce/build/hls/e2e/e2e_solution/sim/verilog/turbovla_lite_e2e_mul_49ns_44ns_93_2_1.v" into library xil_defaultlib
INFO: [VRFC 10-311] analyzing module turbovla_lite_e2e_mul_49ns_44ns_93_2_1
INFO: [VRFC 10-2263] Analyzing SystemVerilog file "/home/frank/TurboVLA-codex-T015-b3761ce/build/hls/e2e/e2e_solution/sim/verilog/turbovla_lite_e2e_p_anonymous_namespace_fuse_layer_language_gate_RAM_AUTO_1R1W.v" into library xil_defaultlib
INFO: [VRFC 10-311] analyzing module turbovla_lite_e2e_p_anonymous_namespace_fuse_layer_language_gate_RAM_AUTO_1R1W
INFO: [VRFC 10-2263] Analyzing SystemVerilog file "/home/frank/TurboVLA-codex-T015-b3761ce/build/hls/e2e/e2e_solution/sim/verilog/turbovla_lite_e2e_p_anonymous_namespace_fuse_layer.v" into library xil_defaultlib
INFO: [VRFC 10-311] analyzing module turbovla_lite_e2e_p_anonymous_namespace_fuse_layer
INFO: [VRFC 10-2263] Analyzing SystemVerilog file "/home/frank/TurboVLA-codex-T015-b3761ce/build/hls/e2e/e2e_solution/sim/verilog/turbovla_lite_e2e_mul_8s_8s_16_1_1.v" into library xil_defaultlib
INFO: [VRFC 10-311] analyzing module turbovla_lite_e2e_mul_8s_8s_16_1_1
INFO: [VRFC 10-2263] Analyzing SystemVerilog file "/home/frank/TurboVLA-codex-T015-b3761ce/build/hls/e2e/e2e_solution/sim/verilog/turbovla_lite_e2e_p_anonymous_namespace_fuse_layer_Pipeline_VITIS_LOOP_210_5.v" into library xil_defaultlib
INFO: [VRFC 10-311] analyzing module turbovla_lite_e2e_p_anonymous_namespace_fuse_layer_Pipeline_VITIS_LOOP_210_5
INFO: [VRFC 10-2263] Analyzing SystemVerilog file "/home/frank/TurboVLA-codex-T015-b3761ce/build/hls/e2e/e2e_solution/sim/verilog/turbovla_lite_e2e_p_anonymous_namespace_fuse_layer_1_Pipeline_1.v" into library xil_defaultlib
INFO: [VRFC 10-311] analyzing module turbovla_lite_e2e_p_anonymous_namespace_fuse_layer_1_Pipeline_1
INFO: [VRFC 10-2263] Analyzing SystemVerilog file "/home/frank/TurboVLA-codex-T015-b3761ce/build/hls/e2e/e2e_solution/sim/verilog/turbovla_lite_e2e_run_Pipeline_VITIS_LOOP_328_2.v" into library xil_defaultlib
INFO: [VRFC 10-311] analyzing module turbovla_lite_e2e_run_Pipeline_VITIS_LOOP_328_2
INFO: [VRFC 10-2263] Analyzing SystemVerilog file "/home/frank/TurboVLA-codex-T015-b3761ce/build/hls/e2e/e2e_solution/sim/verilog/turbovla_lite_e2e_p_anonymous_namespace_decode_action_Pipeline_VITIS_LOOP_291_7.v" into library xil_defaultlib
INFO: [VRFC 10-311] analyzing module turbovla_lite_e2e_p_anonymous_namespace_decode_action_Pipeline_VITIS_LOOP_291_7
INFO: [VRFC 10-2263] Analyzing SystemVerilog file "/home/frank/TurboVLA-codex-T015-b3761ce/build/hls/e2e/e2e_solution/sim/verilog/turbovla_lite_e2e_run_language_RAM_AUTO_1R1W.v" into library xil_defaultlib
INFO: [VRFC 10-311] analyzing module turbovla_lite_e2e_run_language_RAM_AUTO_1R1W
INFO: [VRFC 10-2263] Analyzing SystemVerilog file "/home/frank/TurboVLA-codex-T015-b3761ce/build/hls/e2e/e2e_solution/sim/verilog/turbovla_lite_e2e_p_anonymous_namespace_decode_action_pooled_q_RAM_AUTO_1R1W.v" into library xil_defaultlib
INFO: [VRFC 10-311] analyzing module turbovla_lite_e2e_p_anonymous_namespace_decode_action_pooled_q_RAM_AUTO_1R1W
INFO: [VRFC 10-2263] Analyzing SystemVerilog file "/home/frank/TurboVLA-codex-T015-b3761ce/build/hls/e2e/e2e_solution/sim/verilog/turbovla_lite_e2e_gmem0_m_axi.v" into library xil_defaultlib
INFO: [VRFC 10-311] analyzing module turbovla_lite_e2e_gmem0_m_axi
INFO: [VRFC 10-311] analyzing module turbovla_lite_e2e_gmem0_m_axi_load
INFO: [VRFC 10-311] analyzing module turbovla_lite_e2e_gmem0_m_axi_store
INFO: [VRFC 10-311] analyzing module turbovla_lite_e2e_gmem0_m_axi_read
INFO: [VRFC 10-311] analyzing module turbovla_lite_e2e_gmem0_m_axi_write
INFO: [VRFC 10-311] analyzing module turbovla_lite_e2e_gmem0_m_axi_burst_converter
INFO: [VRFC 10-311] analyzing module turbovla_lite_e2e_gmem0_m_axi_burst_interleave
INFO: [VRFC 10-311] analyzing module turbovla_lite_e2e_gmem0_m_axi_burst_sequential
INFO: [VRFC 10-311] analyzing module turbovla_lite_e2e_gmem0_m_axi_throttle
INFO: [VRFC 10-311] analyzing module turbovla_lite_e2e_gmem0_m_axi_reg_slice
INFO: [VRFC 10-311] analyzing module turbovla_lite_e2e_gmem0_m_axi_fifo
INFO: [VRFC 10-311] analyzing module turbovla_lite_e2e_gmem0_m_axi_srl
INFO: [VRFC 10-311] analyzing module turbovla_lite_e2e_gmem0_m_axi_mem
INFO: [VRFC 10-2263] Analyzing SystemVerilog file "/home/frank/TurboVLA-codex-T015-b3761ce/build/hls/e2e/e2e_solution/sim/verilog/turbovla_lite_e2e_p_anonymous_namespace_encode_visual_Pipeline_VITIS_LOOP_123_1_VITIS_LOOP_124_2_VI.v" into library xil_defaultlib
INFO: [VRFC 10-311] analyzing module turbovla_lite_e2e_p_anonymous_namespace_encode_visual_Pipeline_VITIS_LOOP_123_1_VITIS_LOOP_124_2_VI
INFO: [VRFC 10-2263] Analyzing SystemVerilog file "/home/frank/TurboVLA-codex-T015-b3761ce/build/hls/e2e/e2e_solution/sim/verilog/turbovla_lite_e2e_mac_muladd_16s_15ns_19s_31_4_1.v" into library xil_defaultlib
INFO: [VRFC 10-311] analyzing module turbovla_lite_e2e_mac_muladd_16s_15ns_19s_31_4_1_DSP48_0
INFO: [VRFC 10-311] analyzing module turbovla_lite_e2e_mac_muladd_16s_15ns_19s_31_4_1
INFO: [VRFC 10-2263] Analyzing SystemVerilog file "/home/frank/TurboVLA-codex-T015-b3761ce/build/hls/e2e/e2e_solution/sim/verilog/turbovla_lite_e2e_p_anonymous_namespace_fuse_layer_1.v" into library xil_defaultlib
INFO: [VRFC 10-311] analyzing module turbovla_lite_e2e_p_anonymous_namespace_fuse_layer_1
INFO: [VRFC 10-2263] Analyzing SystemVerilog file "/home/frank/TurboVLA-codex-T015-b3761ce/build/hls/e2e/e2e_solution/sim/verilog/turbovla_lite_e2e_p_anonymous_namespace_encode_visual_Pipeline_VITIS_LOOP_158_8_VITIS_LOOP_159_9.v" into library xil_defaultlib
INFO: [VRFC 10-311] analyzing module turbovla_lite_e2e_p_anonymous_namespace_encode_visual_Pipeline_VITIS_LOOP_158_8_VITIS_LOOP_159_9
INFO: [VRFC 10-2263] Analyzing SystemVerilog file "/home/frank/TurboVLA-codex-T015-b3761ce/build/hls/e2e/e2e_solution/sim/verilog/turbovla_lite_e2e_fcmp_32ns_32ns_1_2_no_dsp_0.v" into library xil_defaultlib
INFO: [VRFC 10-311] analyzing module turbovla_lite_e2e_fcmp_32ns_32ns_1_2_no_dsp_0
INFO: [VRFC 10-2263] Analyzing SystemVerilog file "/home/frank/TurboVLA-codex-T015-b3761ce/build/hls/e2e/e2e_solution/sim/verilog/turbovla_lite_e2e_run_visual_RAM_AUTO_1R1W.v" into library xil_defaultlib
INFO: [VRFC 10-311] analyzing module turbovla_lite_e2e_run_visual_RAM_AUTO_1R1W
INFO: [VRFC 10-2263] Analyzing SystemVerilog file "/home/frank/TurboVLA-codex-T015-b3761ce/build/hls/e2e/e2e_solution/sim/verilog/turbovla_lite_e2e_mul_43ns_36ns_79_2_1.v" into library xil_defaultlib
INFO: [VRFC 10-311] analyzing module turbovla_lite_e2e_mul_43ns_36ns_79_2_1
INFO: [VRFC 10-2263] Analyzing SystemVerilog file "/home/frank/TurboVLA-codex-T015-b3761ce/build/hls/e2e/e2e_solution/sim/verilog/dataflow_monitor.sv" into library xil_defaultlib
INFO: [VRFC 10-311] analyzing module dataflow_monitor
INFO: [VRFC 10-2263] Analyzing SystemVerilog file "/home/frank/TurboVLA-codex-T015-b3761ce/build/hls/e2e/e2e_solution/sim/verilog/file_agent/file_agent_pkg.sv" into library xil_defaultlib
INFO: [VRFC 10-2263] Analyzing SystemVerilog file "/home/frank/TurboVLA-codex-T015-b3761ce/build/hls/e2e/e2e_solution/sim/verilog/axivip/axi_pkg.sv" into library xil_defaultlib
INFO: [VRFC 10-2263] Analyzing SystemVerilog file "/home/frank/TurboVLA-codex-T015-b3761ce/build/hls/e2e/e2e_solution/sim/verilog/axivip/axi_if.sv" into library xil_defaultlib
INFO: [VRFC 10-2263] Analyzing SystemVerilog file "/home/frank/TurboVLA-codex-T015-b3761ce/build/hls/e2e/e2e_solution/sim/verilog/turbovla_lite_e2e_subsystem/turbovla_lite_e2e_subsystem_pkg.sv" into library xil_defaultlib
INFO: [VRFC 10-2263] Analyzing SystemVerilog file "/home/frank/TurboVLA-codex-T015-b3761ce/build/hls/e2e/e2e_solution/sim/verilog/svtb/misc_interface.sv" into library xil_defaultlib
INFO: [VRFC 10-2263] Analyzing SystemVerilog file "/home/frank/TurboVLA-codex-T015-b3761ce/build/hls/e2e/e2e_solution/sim/verilog/svtb/sv_module_top.sv" into library xil_defaultlib
INFO: [VRFC 10-311] analyzing module sv_module_top
INFO: [VRFC 10-163] Analyzing VHDL file "/home/frank/TurboVLA-codex-T015-b3761ce/build/hls/e2e/e2e_solution/sim/verilog/ip/xil_defaultlib/turbovla_lite_e2e_fadd_32ns_32ns_32_8_full_dsp_1_ip.vhd" into library xil_defaultlib
INFO: [VRFC 10-3107] analyzing entity 'turbovla_lite_e2e_fadd_32ns_32ns_32_8_full_dsp_1_ip'
INFO: [VRFC 10-163] Analyzing VHDL file "/home/frank/TurboVLA-codex-T015-b3761ce/build/hls/e2e/e2e_solution/sim/verilog/ip/xil_defaultlib/turbovla_lite_e2e_fdiv_32ns_32ns_32_16_no_dsp_0_ip.vhd" into library xil_defaultlib
INFO: [VRFC 10-3107] analyzing entity 'turbovla_lite_e2e_fdiv_32ns_32ns_32_16_no_dsp_0_ip'
INFO: [VRFC 10-163] Analyzing VHDL file "/home/frank/TurboVLA-codex-T015-b3761ce/build/hls/e2e/e2e_solution/sim/verilog/ip/xil_defaultlib/turbovla_lite_e2e_dadd_64ns_64ns_64_9_full_dsp_0_ip.vhd" into library xil_defaultlib
INFO: [VRFC 10-3107] analyzing entity 'turbovla_lite_e2e_dadd_64ns_64ns_64_9_full_dsp_0_ip'
INFO: [VRFC 10-163] Analyzing VHDL file "/home/frank/TurboVLA-codex-T015-b3761ce/build/hls/e2e/e2e_solution/sim/verilog/ip/xil_defaultlib/turbovla_lite_e2e_fexp_32ns_32ns_32_13_full_dsp_1_ip.vhd" into library xil_defaultlib
INFO: [VRFC 10-3107] analyzing entity 'turbovla_lite_e2e_fexp_32ns_32ns_32_13_full_dsp_1_ip'
INFO: [VRFC 10-163] Analyzing VHDL file "/home/frank/TurboVLA-codex-T015-b3761ce/build/hls/e2e/e2e_solution/sim/verilog/ip/xil_defaultlib/turbovla_lite_e2e_faddfsub_32ns_32ns_32_8_full_dsp_1_ip.vhd" into library xil_defaultlib
INFO: [VRFC 10-3107] analyzing entity 'turbovla_lite_e2e_faddfsub_32ns_32ns_32_8_full_dsp_1_ip'
INFO: [VRFC 10-163] Analyzing VHDL file "/home/frank/TurboVLA-codex-T015-b3761ce/build/hls/e2e/e2e_solution/sim/verilog/ip/xil_defaultlib/turbovla_lite_e2e_sitofp_32ns_32_6_no_dsp_1_ip.vhd" into library xil_defaultlib
INFO: [VRFC 10-3107] analyzing entity 'turbovla_lite_e2e_sitofp_32ns_32_6_no_dsp_1_ip'
INFO: [VRFC 10-163] Analyzing VHDL file "/home/frank/TurboVLA-codex-T015-b3761ce/build/hls/e2e/e2e_solution/sim/verilog/ip/xil_defaultlib/turbovla_lite_e2e_fpext_32ns_64_2_no_dsp_0_ip.vhd" into library xil_defaultlib
INFO: [VRFC 10-3107] analyzing entity 'turbovla_lite_e2e_fpext_32ns_64_2_no_dsp_0_ip'
INFO: [VRFC 10-163] Analyzing VHDL file "/home/frank/TurboVLA-codex-T015-b3761ce/build/hls/e2e/e2e_solution/sim/verilog/ip/xil_defaultlib/turbovla_lite_e2e_fmul_32ns_32ns_32_5_max_dsp_1_ip.vhd" into library xil_defaultlib
INFO: [VRFC 10-3107] analyzing entity 'turbovla_lite_e2e_fmul_32ns_32ns_32_5_max_dsp_1_ip'
INFO: [VRFC 10-163] Analyzing VHDL file "/home/frank/TurboVLA-codex-T015-b3761ce/build/hls/e2e/e2e_solution/sim/verilog/ip/xil_defaultlib/turbovla_lite_e2e_fcmp_32ns_32ns_1_2_no_dsp_0_ip.vhd" into library xil_defaultlib
INFO: [VRFC 10-3107] analyzing entity 'turbovla_lite_e2e_fcmp_32ns_32ns_1_2_no_dsp_0_ip'
INFO: [VRFC 10-163] Analyzing VHDL file "/home/frank/TurboVLA-codex-T015-b3761ce/build/hls/e2e/e2e_solution/sim/verilog/ip/xil_defaultlib/turbovla_lite_e2e_fptrunc_64ns_32_2_no_dsp_0_ip.vhd" into library xil_defaultlib
INFO: [VRFC 10-3107] analyzing entity 'turbovla_lite_e2e_fptrunc_64ns_32_2_no_dsp_0_ip'
INFO: [VRFC 10-163] Analyzing VHDL file "/home/frank/TurboVLA-codex-T015-b3761ce/build/hls/e2e/e2e_solution/sim/verilog/ip/xil_defaultlib/turbovla_lite_e2e_sitofp_32s_32_6_no_dsp_1_ip.vhd" into library xil_defaultlib
INFO: [VRFC 10-3107] analyzing entity 'turbovla_lite_e2e_sitofp_32s_32_6_no_dsp_1_ip'
INFO: [VRFC 10-163] Analyzing VHDL file "/home/frank/TurboVLA-codex-T015-b3761ce/build/hls/e2e/e2e_solution/sim/verilog/ip/xil_defaultlib/turbovla_lite_e2e_uitofp_32ns_32_6_no_dsp_1_ip.vhd" into library xil_defaultlib
INFO: [VRFC 10-3107] analyzing entity 'turbovla_lite_e2e_uitofp_32ns_32_6_no_dsp_1_ip'
INFO: [VRFC 10-163] Analyzing VHDL file "/home/frank/TurboVLA-codex-T015-b3761ce/build/hls/e2e/e2e_solution/sim/verilog/ip/xil_defaultlib/turbovla_lite_e2e_fsub_32ns_32ns_32_8_full_dsp_0_ip.vhd" into library xil_defaultlib
INFO: [VRFC 10-3107] analyzing entity 'turbovla_lite_e2e_fsub_32ns_32ns_32_8_full_dsp_0_ip'
Starting static elaboration
Pass Through NonSizing Optimizer
Completed static elaboration
Starting simulation data flow analysis
WARNING: [XSIM 43-4099] "/proj/primebuilds/9999.0_PRIME_0428_0031/installs/data/system_verilog/uvm_1.2/xlnx_uvm_package.sv" Line 4356. Module uvm_pkg doesn't have a timescale but at least one module in design has a timescale.
WARNING: [XSIM 43-4099] "/proj/primebuilds/9999.0_PRIME_0428_0031/installs/data/system_verilog/uvm_1.2/xlnx_uvm_package.sv" Line 4356. Module uvm_pkg doesn't have a timescale but at least one module in design has a timescale.
WARNING: [XSIM 43-4468] File : /proj/primebuilds/9999.0_PRIME_0428_0031/installs/data/system_verilog/uvm_1.2/xlnx_uvm_package.sv, Line : 25994, RANDC variable size more than 8 bits. This will be treated as a RAND variable instead.
Completed simulation data flow analysis
Time Resolution for simulation is 1ps
Compiling package std.standard
Compiling package std.textio
Compiling package ieee.std_logic_1164
Compiling package ieee.numeric_std
Compiling package floating_point_v7_1_20.floating_point_v7_1_20_viv_comp
Compiling package xbip_utils_v3_0_14.xbip_utils_v3_0_14_pkg
Compiling package axi_utils_v2_0_10.axi_utils_v2_0_10_pkg
Compiling package floating_point_v7_1_20.floating_point_v7_1_20_consts
Compiling package ieee.math_real
Compiling package floating_point_v7_1_20.floating_point_v7_1_20_exp_table...
Compiling package mult_gen_v12_0_23.mult_gen_v12_0_23_pkg
Compiling package ieee.std_logic_arith
Compiling package ieee.std_logic_signed
Compiling package floating_point_v7_1_20.floating_point_v7_1_20_pkg
Compiling package floating_point_v7_1_20.flt_utils
Compiling package unisim.vcomponents
Compiling package xbip_pipe_v3_0_10.xbip_pipe_v3_0_10_viv_comp
Compiling package floating_point_v7_1_20.vt2mutils
Compiling package floating_point_v7_1_20.vt2mcomps
Compiling package ieee.vital_timing
Compiling package ieee.vital_primitives
Compiling package unisim.vpkg
Compiling package xil_defaultlib.$unit_sv_module_top_sv
Compiling package uvm.uvm_pkg
Compiling package std.std
Compiling package xil_defaultlib.axi_pkg
Compiling package xil_defaultlib.turbovla_lite_e2e_subsystem_pkg
Compiling package xil_defaultlib.file_agent_pkg
Compiling package xil_defaultlib.$unit_dataflow_monitor_sv
Compiling module xil_defaultlib.turbovla_lite_e2e_p_anonymous_na...
Compiling module xil_defaultlib.turbovla_lite_e2e_p_anonymous_na...
Compiling module xil_defaultlib.turbovla_lite_e2e_run_visual_RAM...
Compiling module xil_defaultlib.turbovla_lite_e2e_run_language_R...
Compiling module xil_defaultlib.turbovla_lite_e2e_run_fusion_1_R...
Compiling module xil_defaultlib.turbovla_lite_e2e_run_action_RAM...
Compiling module xil_defaultlib.turbovla_lite_e2e_p_anonymous_na...
Compiling module xil_defaultlib.turbovla_lite_e2e_flow_control_l...
Compiling module xil_defaultlib.turbovla_lite_e2e_p_anonymous_na...
Compiling architecture synth of entity xbip_pipe_v3_0_10.xbip_pipe_v3_0_10_viv [\xbip_pipe_v3_0_10_viv(c_has_ce=...]
Compiling architecture rtl of entity floating_point_v7_1_20.delay [\delay(width=23,length=0)\]
Compiling architecture muxcy_v of entity unisim.MUXCY [muxcy_default]
Compiling architecture xorcy_v of entity unisim.XORCY [xorcy_default]
Compiling architecture synth of entity xbip_pipe_v3_0_10.xbip_pipe_v3_0_10_viv [\xbip_pipe_v3_0_10_viv(c_has_ce=...]
Compiling architecture rtl of entity floating_point_v7_1_20.delay [\delay(width=25,length=0,fast_in...]
Compiling architecture struct of entity floating_point_v7_1_20.carry_chain [\carry_chain(c_xdevicefamily="zy...]
Compiling architecture synth of entity floating_point_v7_1_20.flt_div_mant_addsub [\flt_div_mant_addsub(c_xdevicefa...]
Compiling architecture synth of entity xbip_pipe_v3_0_10.xbip_pipe_v3_0_10_viv [\xbip_pipe_v3_0_10_viv(c_has_ce=...]
Compiling architecture rtl of entity floating_point_v7_1_20.delay [\delay(width=26,length=0)\]
Compiling architecture synth of entity xbip_pipe_v3_0_10.xbip_pipe_v3_0_10_viv [\xbip_pipe_v3_0_10_viv(c_has_ce=...]
Compiling architecture rtl of entity floating_point_v7_1_20.delay [\delay(length=0)\]
Compiling architecture synth of entity xbip_pipe_v3_0_10.xbip_pipe_v3_0_10_viv [\xbip_pipe_v3_0_10_viv(c_latency...]
Compiling architecture rtl of entity floating_point_v7_1_20.delay [\delay(width=23)\]
Compiling architecture synth of entity xbip_pipe_v3_0_10.xbip_pipe_v3_0_10_viv [\xbip_pipe_v3_0_10_viv(c_has_ce=...]
Compiling architecture rtl of entity floating_point_v7_1_20.delay [\delay(width=24,length=0)\]
Compiling architecture synth of entity xbip_pipe_v3_0_10.xbip_pipe_v3_0_10_viv [\xbip_pipe_v3_0_10_viv(c_latency...]
Compiling architecture rtl of entity floating_point_v7_1_20.delay [\delay(width=25,fast_input=true)...]
Compiling architecture struct of entity floating_point_v7_1_20.carry_chain [\carry_chain(c_xdevicefamily="zy...]
Compiling architecture synth of entity floating_point_v7_1_20.flt_div_mant_addsub [\flt_div_mant_addsub(c_xdevicefa...]
Compiling architecture synth of entity xbip_pipe_v3_0_10.xbip_pipe_v3_0_10_viv [\xbip_pipe_v3_0_10_viv(c_latency...]
Compiling architecture rtl of entity floating_point_v7_1_20.delay [\delay(width=26)\]
Compiling architecture synth of entity xbip_pipe_v3_0_10.xbip_pipe_v3_0_10_viv [\xbip_pipe_v3_0_10_viv(c_latency...]
Compiling architecture rtl of entity floating_point_v7_1_20.delay [delay_default]
Compiling architecture virtex of entity floating_point_v7_1_20.flt_div_mant [\flt_div_mant(c_xdevicefamily="z...]
Compiling architecture synth of entity xbip_pipe_v3_0_10.xbip_pipe_v3_0_10_viv [\xbip_pipe_v3_0_10_viv(c_latency...]
Compiling architecture rtl of entity floating_point_v7_1_20.delay [\delay(width=10,fast_input=true)...]
Compiling architecture synth of entity xbip_pipe_v3_0_10.xbip_pipe_v3_0_10_viv [\xbip_pipe_v3_0_10_viv(c_has_ce=...]
Compiling architecture rtl of entity floating_point_v7_1_20.delay [\delay(length=0,fast_input=true)...]
Compiling architecture rtl of entity floating_point_v7_1_20.special_detect [\special_detect(c_xdevicefamily=...]
Compiling architecture synth of entity xbip_pipe_v3_0_10.xbip_pipe_v3_0_10_viv [\xbip_pipe_v3_0_10_viv(c_latency...]
Compiling architecture rtl of entity floating_point_v7_1_20.delay [\delay(length=13,fast_input=true...]
Compiling architecture synth of entity xbip_pipe_v3_0_10.xbip_pipe_v3_0_10_viv [\xbip_pipe_v3_0_10_viv(c_latency...]
Compiling architecture rtl of entity floating_point_v7_1_20.delay [\delay(width=2,fast_input=true)\]
Compiling architecture synth of entity xbip_pipe_v3_0_10.xbip_pipe_v3_0_10_viv [\xbip_pipe_v3_0_10_viv(c_latency...]
Compiling architecture rtl of entity floating_point_v7_1_20.delay [\delay(fast_input=true)\]
Compiling architecture synth of entity xbip_pipe_v3_0_10.xbip_pipe_v3_0_10_viv [\xbip_pipe_v3_0_10_viv(c_has_ce=...]
Compiling architecture rtl of entity floating_point_v7_1_20.delay [\delay(width=4,length=0,fast_inp...]
Compiling architecture synth of entity xbip_pipe_v3_0_10.xbip_pipe_v3_0_10_viv [\xbip_pipe_v3_0_10_viv(c_latency...]
Compiling architecture rtl of entity floating_point_v7_1_20.delay [\delay(width=8,length=12)\]
Compiling architecture synth of entity xbip_pipe_v3_0_10.xbip_pipe_v3_0_10_viv [\xbip_pipe_v3_0_10_viv(c_latency...]
Compiling architecture rtl of entity floating_point_v7_1_20.delay [\delay(length=12,fast_input=true...]
Compiling architecture synth of entity xbip_pipe_v3_0_10.xbip_pipe_v3_0_10_viv [\xbip_pipe_v3_0_10_viv(c_latency...]
Compiling architecture rtl of entity floating_point_v7_1_20.delay [\delay(width=3,length=12,fast_in...]
Compiling architecture synth of entity xbip_pipe_v3_0_10.xbip_pipe_v3_0_10_viv [\xbip_pipe_v3_0_10_viv(c_latency...]
Compiling architecture rtl of entity floating_point_v7_1_20.delay [\delay(width=4,length=12,fast_in...]
Compiling architecture synth of entity xbip_pipe_v3_0_10.xbip_pipe_v3_0_10_viv [\xbip_pipe_v3_0_10_viv(c_has_ce=...]
Compiling architecture rtl of entity floating_point_v7_1_20.delay [\delay(width=14,length=0)\]
Compiling architecture rtl of entity floating_point_v7_1_20.flt_div_exp [\flt_div_exp(c_xdevicefamily="no...]
Compiling architecture synth of entity xbip_pipe_v3_0_10.xbip_pipe_v3_0_10_viv [\xbip_pipe_v3_0_10_viv(c_has_ce=...]
Compiling architecture rtl of entity floating_point_v7_1_20.delay [\delay(width=8,length=0)\]
Compiling architecture synth of entity xbip_pipe_v3_0_10.xbip_pipe_v3_0_10_viv [\xbip_pipe_v3_0_10_viv(c_has_ce=...]
Compiling architecture rtl of entity floating_point_v7_1_20.delay [\delay(width=12,length=0,fast_in...]
Compiling architecture struct of entity floating_point_v7_1_20.carry_chain [\carry_chain(c_xdevicefamily="zy...]
Compiling architecture struct of entity floating_point_v7_1_20.carry_chain [\carry_chain(c_xdevicefamily="zy...]
Compiling architecture synth of entity xbip_pipe_v3_0_10.xbip_pipe_v3_0_10_viv [\xbip_pipe_v3_0_10_viv(c_has_ce=...]
Compiling architecture rtl of entity floating_point_v7_1_20.delay [\delay(width=3,length=0)\]
Compiling architecture synth of entity xbip_pipe_v3_0_10.xbip_pipe_v3_0_10_viv [\xbip_pipe_v3_0_10_viv(c_has_ce=...]
Compiling architecture rtl of entity floating_point_v7_1_20.delay [\delay(width=2,length=0)\]
Compiling architecture synth of entity xbip_pipe_v3_0_10.xbip_pipe_v3_0_10_viv [\xbip_pipe_v3_0_10_viv(c_has_ce=...]
Compiling architecture rtl of entity floating_point_v7_1_20.delay [\delay(width=2,length=0,fast_inp...]
Compiling architecture struct of entity floating_point_v7_1_20.carry_chain [\carry_chain(c_xdevicefamily="zy...]
Compiling architecture rtl of entity floating_point_v7_1_20.flt_round_bit [\flt_round_bit(c_xdevicefamily="...]
Compiling architecture rtl of entity floating_point_v7_1_20.renorm_and_round_logic [\renorm_and_round_logic(c_xdevic...]
Compiling architecture synth of entity floating_point_v7_1_20.flt_dec_op_lat [\flt_dec_op_lat(c_xdevicefamily=...]
Compiling architecture virtex of entity floating_point_v7_1_20.flt_div [\flt_div(c_xdevicefamily="zynqup...]
Compiling architecture synth of entity xbip_pipe_v3_0_10.xbip_pipe_v3_0_10_viv [\xbip_pipe_v3_0_10_viv(c_latency...]
Compiling architecture synth of entity xbip_pipe_v3_0_10.xbip_pipe_v3_0_10_viv [\xbip_pipe_v3_0_10_viv(c_has_ce=...]
Compiling architecture rtl of entity floating_point_v7_1_20.delay [\delay(width=32,length=0)\]
Compiling architecture xilinx of entity floating_point_v7_1_20.floating_point_v7_1_20_viv [\floating_point_v7_1_20_viv(c_xd...]
Compiling architecture xilinx of entity floating_point_v7_1_20.floating_point_v7_1_20 [\floating_point_v7_1_20(c_xdevic...]
Compiling architecture turbovla_lite_e2e_fdiv_32ns_32ns_32_16_no_dsp_0_ip_arch of entity xil_defaultlib.turbovla_lite_e2e_fdiv_32ns_32ns_32_16_no_dsp_0_ip [turbovla_lite_e2e_fdiv_32ns_32ns...]
Compiling module xil_defaultlib.turbovla_lite_e2e_fdiv_32ns_32ns...
Compiling architecture synth of entity floating_point_v7_1_20.compare_eq_im [\compare_eq_im(c_xdevicefamily="...]
Compiling architecture synth of entity xbip_pipe_v3_0_10.xbip_pipe_v3_0_10_viv [\xbip_pipe_v3_0_10_viv(c_has_ce=...]
Compiling architecture rtl of entity floating_point_v7_1_20.delay [\delay(width=4,length=0)\]
Compiling architecture struct of entity floating_point_v7_1_20.carry_chain [\carry_chain(c_xdevicefamily="zy...]
Compiling architecture synth of entity floating_point_v7_1_20.compare_ne_im [\compare_ne_im(c_xdevicefamily="...]
Compiling architecture struct of entity floating_point_v7_1_20.carry_chain [\carry_chain(c_xdevicefamily="zy...]
Compiling architecture synth of entity floating_point_v7_1_20.compare_eq_im [\compare_eq_im(c_xdevicefamily="...]
Compiling architecture synth of entity xbip_pipe_v3_0_10.xbip_pipe_v3_0_10_viv [\xbip_pipe_v3_0_10_viv(c_has_ce=...]
Compiling architecture rtl of entity floating_point_v7_1_20.delay [\delay(width=11,length=0)\]
Compiling architecture struct of entity floating_point_v7_1_20.carry_chain [\carry_chain(c_xdevicefamily="zy...]
Compiling architecture synth of entity floating_point_v7_1_20.compare_eq [\compare_eq(c_xdevicefamily="zyn...]
Compiling architecture synth of entity xbip_pipe_v3_0_10.xbip_pipe_v3_0_10_viv [\xbip_pipe_v3_0_10_viv(c_has_ce=...]
Compiling architecture rtl of entity floating_point_v7_1_20.delay [\delay(width=16,length=0)\]
Compiling architecture struct of entity floating_point_v7_1_20.carry_chain [\carry_chain(c_xdevicefamily="zy...]
Compiling architecture synth of entity floating_point_v7_1_20.compare_gt [\compare_gt(c_xdevicefamily="zyn...]
Compiling architecture rtl of entity floating_point_v7_1_20.fp_cmp [\fp_cmp(c_xdevicefamily="zynqupl...]
Compiling architecture xilinx of entity floating_point_v7_1_20.floating_point_v7_1_20_viv [\floating_point_v7_1_20_viv(c_xd...]
Compiling architecture xilinx of entity floating_point_v7_1_20.floating_point_v7_1_20 [\floating_point_v7_1_20(c_xdevic...]
Compiling architecture turbovla_lite_e2e_fcmp_32ns_32ns_1_2_no_dsp_0_ip_arch of entity xil_defaultlib.turbovla_lite_e2e_fcmp_32ns_32ns_1_2_no_dsp_0_ip [turbovla_lite_e2e_fcmp_32ns_32ns...]
Compiling module xil_defaultlib.turbovla_lite_e2e_fcmp_32ns_32ns...
Compiling module xil_defaultlib.turbovla_lite_e2e_sparsemux_7_2_...
Compiling module xil_defaultlib.turbovla_lite_e2e_p_anonymous_na...
Compiling architecture rtl of entity floating_point_v7_1_20.norm_zero_det [\norm_zero_det(data_width=7,norm...]
Compiling architecture synth of entity xbip_pipe_v3_0_10.xbip_pipe_v3_0_10_viv [\xbip_pipe_v3_0_10_viv(c_latency...]
Compiling architecture rtl of entity floating_point_v7_1_20.delay [\delay(width=4,fast_input=true)\]
Compiling architecture rtl of entity floating_point_v7_1_20.mux4 [\mux4(c_xdevicefamily="zynquplus...]
Compiling architecture synth of entity xbip_pipe_v3_0_10.xbip_pipe_v3_0_10_viv [\xbip_pipe_v3_0_10_viv(c_latency...]
Compiling architecture rtl of entity floating_point_v7_1_20.delay [\delay(width=2,length=2)\]
Compiling architecture rtl of entity floating_point_v7_1_20.mux4 [\mux4(c_xdevicefamily="zynquplus...]
Compiling architecture synth of entity xbip_pipe_v3_0_10.xbip_pipe_v3_0_10_viv [\xbip_pipe_v3_0_10_viv(c_latency...]
Compiling architecture rtl of entity floating_point_v7_1_20.delay [\delay(width=2)\]
Compiling architecture synth of entity xbip_pipe_v3_0_10.xbip_pipe_v3_0_10_viv [\xbip_pipe_v3_0_10_viv(c_has_ce=...]
Compiling architecture rtl of entity floating_point_v7_1_20.delay [\delay(width=8,length=0,fast_inp...]
Compiling architecture struct of entity floating_point_v7_1_20.carry_chain [\carry_chain(c_xdevicefamily="zy...]
Compiling architecture rtl of entity floating_point_v7_1_20.lead_zero_encode [\lead_zero_encode(c_xdevicefamil...]
Compiling architecture synth of entity xbip_pipe_v3_0_10.xbip_pipe_v3_0_10_viv [\xbip_pipe_v3_0_10_viv(c_latency...]
Compiling architecture rtl of entity floating_point_v7_1_20.delay [\delay(width=32)\]
Compiling architecture rtl of entity floating_point_v7_1_20.shift_msb_first [\shift_msb_first(a_width=32,resu...]
Compiling architecture synth of entity xbip_pipe_v3_0_10.xbip_pipe_v3_0_10_viv [\xbip_pipe_v3_0_10_viv(c_latency...]
Compiling architecture rtl of entity floating_point_v7_1_20.delay [\delay(width=8)\]
Compiling architecture synth of entity xbip_pipe_v3_0_10.xbip_pipe_v3_0_10_viv [\xbip_pipe_v3_0_10_viv(c_latency...]
Compiling architecture rtl of entity floating_point_v7_1_20.delay [\delay(width=12)\]
Compiling architecture struct of entity floating_point_v7_1_20.carry_chain [\carry_chain(c_xdevicefamily="zy...]
Compiling architecture synth of entity xbip_pipe_v3_0_10.xbip_pipe_v3_0_10_viv [\xbip_pipe_v3_0_10_viv(c_latency...]
Compiling architecture rtl of entity floating_point_v7_1_20.delay [\delay(width=11)\]
Compiling architecture struct of entity floating_point_v7_1_20.carry_chain [\carry_chain(c_xdevicefamily="zy...]
Compiling architecture synth of entity xbip_pipe_v3_0_10.xbip_pipe_v3_0_10_viv [\xbip_pipe_v3_0_10_viv(c_has_ce=...]
Compiling architecture rtl of entity floating_point_v7_1_20.delay [\delay(width=25,length=0)\]
Compiling architecture rtl of entity floating_point_v7_1_20.flt_round_bit [\flt_round_bit(c_xdevicefamily="...]
Compiling architecture rtl of entity floating_point_v7_1_20.renorm_and_round_logic [\renorm_and_round_logic(c_xdevic...]
Compiling architecture synth of entity xbip_pipe_v3_0_10.xbip_pipe_v3_0_10_viv [\xbip_pipe_v3_0_10_viv(c_latency...]
Compiling architecture rtl of entity floating_point_v7_1_20.delay [\delay(length=2)\]
Compiling architecture synth of entity floating_point_v7_1_20.fix_to_flt_conv_exp [\fix_to_flt_conv_exp(c_xdevicefa...]
Compiling architecture synth of entity floating_point_v7_1_20.flt_dec_op [\flt_dec_op(c_xdevicefamily="zyn...]
Compiling architecture struct of entity floating_point_v7_1_20.fix_to_flt_conv [\fix_to_flt_conv(c_xdevicefamily...]
Compiling architecture synth of entity xbip_pipe_v3_0_10.xbip_pipe_v3_0_10_viv [\xbip_pipe_v3_0_10_viv(c_latency...]
Compiling architecture xilinx of entity floating_point_v7_1_20.floating_point_v7_1_20_viv [\floating_point_v7_1_20_viv(c_xd...]
Compiling architecture xilinx of entity floating_point_v7_1_20.floating_point_v7_1_20 [\floating_point_v7_1_20(c_xdevic...]
Compiling architecture turbovla_lite_e2e_uitofp_32ns_32_6_no_dsp_1_ip_arch of entity xil_defaultlib.turbovla_lite_e2e_uitofp_32ns_32_6_no_dsp_1_ip [turbovla_lite_e2e_uitofp_32ns_32...]
Compiling module xil_defaultlib.turbovla_lite_e2e_uitofp_32ns_32...
Compiling architecture synth of entity xbip_pipe_v3_0_10.xbip_pipe_v3_0_10_viv [\xbip_pipe_v3_0_10_viv(c_has_ce=...]
Compiling architecture rtl of entity floating_point_v7_1_20.delay [\delay(width=31,length=0)\]
Compiling architecture struct of entity floating_point_v7_1_20.carry_chain [\carry_chain(c_xdevicefamily="zy...]
Compiling architecture synth of entity xbip_pipe_v3_0_10.xbip_pipe_v3_0_10_viv [\xbip_pipe_v3_0_10_viv(c_latency...]
Compiling architecture rtl of entity floating_point_v7_1_20.delay [\delay(width=4)\]
Compiling architecture rtl of entity floating_point_v7_1_20.norm_zero_det [\norm_zero_det(data_width=7,norm...]
Compiling architecture rtl of entity floating_point_v7_1_20.mux4 [\mux4(c_xdevicefamily="zynquplus...]
Compiling architecture fdre_v of entity unisim.FDRE [fdre_default]
Compiling architecture fde_v of entity unisim.FDE [fde_default]
Compiling architecture struct of entity floating_point_v7_1_20.carry_chain [\carry_chain(c_xdevicefamily="zy...]
Compiling architecture rtl of entity floating_point_v7_1_20.lead_zero_encode [\lead_zero_encode(c_xdevicefamil...]
Compiling architecture rtl of entity floating_point_v7_1_20.shift_msb_first [\shift_msb_first(a_width=32,resu...]
Compiling architecture synth of entity xbip_pipe_v3_0_10.xbip_pipe_v3_0_10_viv [\xbip_pipe_v3_0_10_viv(c_has_ce=...]
Compiling architecture rtl of entity floating_point_v7_1_20.delay [\delay(width=12,length=0)\]
Compiling architecture struct of entity floating_point_v7_1_20.carry_chain [\carry_chain(c_xdevicefamily="zy...]
Compiling architecture struct of entity floating_point_v7_1_20.carry_chain [\carry_chain(c_xdevicefamily="zy...]
Compiling architecture rtl of entity floating_point_v7_1_20.renorm_and_round_logic [\renorm_and_round_logic(c_xdevic...]
Compiling architecture synth of entity xbip_pipe_v3_0_10.xbip_pipe_v3_0_10_viv [\xbip_pipe_v3_0_10_viv(c_latency...]
Compiling architecture rtl of entity floating_point_v7_1_20.delay [\delay(length=3)\]
Compiling architecture synth of entity floating_point_v7_1_20.fix_to_flt_conv_exp [\fix_to_flt_conv_exp(c_xdevicefa...]
Compiling architecture struct of entity floating_point_v7_1_20.fix_to_flt_conv [\fix_to_flt_conv(c_xdevicefamily...]
Compiling architecture xilinx of entity floating_point_v7_1_20.floating_point_v7_1_20_viv [\floating_point_v7_1_20_viv(c_xd...]
Compiling architecture xilinx of entity floating_point_v7_1_20.floating_point_v7_1_20 [\floating_point_v7_1_20(c_xdevic...]
Compiling architecture turbovla_lite_e2e_sitofp_32s_32_6_no_dsp_1_ip_arch of entity xil_defaultlib.turbovla_lite_e2e_sitofp_32s_32_6_no_dsp_1_ip [turbovla_lite_e2e_sitofp_32s_32_...]
Compiling module xil_defaultlib.turbovla_lite_e2e_sitofp_32s_32_...
Compiling module xil_defaultlib.turbovla_lite_e2e_mul_8s_8s_16_1...
Compiling module xil_defaultlib.turbovla_lite_e2e_mac_muladd_8s_...
Compiling module xil_defaultlib.turbovla_lite_e2e_mac_muladd_8s_...
Compiling module xil_defaultlib.turbovla_lite_e2e_mac_muladd_8s_...
Compiling module xil_defaultlib.turbovla_lite_e2e_mac_muladd_8s_...
Compiling module xil_defaultlib.turbovla_lite_e2e_p_anonymous_na...
Compiling module xil_defaultlib.turbovla_lite_e2e_p_anonymous_na...
Compiling module xil_defaultlib.turbovla_lite_e2e_p_anonymous_na...
Compiling module xil_defaultlib.turbovla_lite_e2e_run_Pipeline_V...
Compiling module xil_defaultlib.turbovla_lite_e2e_p_anonymous_na...
Compiling module xil_defaultlib.turbovla_lite_e2e_p_anonymous_na...
Compiling module xil_defaultlib.turbovla_lite_e2e_p_anonymous_na...
Compiling module xil_defaultlib.turbovla_lite_e2e_p_anonymous_na...
Compiling module xil_defaultlib.turbovla_lite_e2e_mac_muladd_8s_...
Compiling module xil_defaultlib.turbovla_lite_e2e_mac_muladd_8s_...
Compiling module xil_defaultlib.turbovla_lite_e2e_p_anonymous_na...
Compiling module xil_defaultlib.turbovla_lite_e2e_mac_muladd_8s_...
Compiling module xil_defaultlib.turbovla_lite_e2e_mac_muladd_8s_...
Compiling module xil_defaultlib.turbovla_lite_e2e_p_anonymous_na...
Compiling module xil_defaultlib.turbovla_lite_e2e_p_anonymous_na...
Compiling module xil_defaultlib.turbovla_lite_e2e_p_anonymous_na...
Compiling module xil_defaultlib.turbovla_lite_e2e_p_anonymous_na...
Compiling module xil_defaultlib.turbovla_lite_e2e_p_anonymous_na...
Compiling module xil_defaultlib.turbovla_lite_e2e_p_anonymous_na...
Compiling module xil_defaultlib.turbovla_lite_e2e_p_anonymous_na...
Compiling module xil_defaultlib.turbovla_lite_e2e_p_anonymous_na...
Compiling module xil_defaultlib.turbovla_lite_e2e_p_anonymous_na...
Compiling module xil_defaultlib.turbovla_lite_e2e_p_anonymous_na...
Compiling module xil_defaultlib.turbovla_lite_e2e_p_anonymous_na...
Compiling module xil_defaultlib.turbovla_lite_e2e_p_anonymous_na...
Compiling module xil_defaultlib.turbovla_lite_e2e_p_anonymous_na...
Compiling module xil_defaultlib.turbovla_lite_e2e_p_anonymous_na...
Compiling module xil_defaultlib.turbovla_lite_e2e_p_anonymous_na...
Compiling module xil_defaultlib.turbovla_lite_e2e_run_Pipeline_V...
Compiling module xil_defaultlib.turbovla_lite_e2e_exp_generic_do...
Compiling module xil_defaultlib.turbovla_lite_e2e_exp_generic_do...
Compiling module xil_defaultlib.turbovla_lite_e2e_exp_generic_do...
Compiling module xil_defaultlib.turbovla_lite_e2e_mul_13s_71s_71...
Compiling module xil_defaultlib.turbovla_lite_e2e_mul_43ns_36ns_...
Compiling module xil_defaultlib.turbovla_lite_e2e_mul_49ns_44ns_...
Compiling module xil_defaultlib.turbovla_lite_e2e_mul_50ns_50ns_...
Compiling module xil_defaultlib.turbovla_lite_e2e_sparsemux_9_3_...
Compiling module xil_defaultlib.turbovla_lite_e2e_mac_muladd_16s...
Compiling module xil_defaultlib.turbovla_lite_e2e_mac_muladd_16s...
Compiling module xil_defaultlib.turbovla_lite_e2e_exp_generic_do...
Compiling architecture synth of entity xbip_pipe_v3_0_10.xbip_pipe_v3_0_10_viv [\xbip_pipe_v3_0_10_viv(c_has_ce=...]
Compiling architecture rtl of entity floating_point_v7_1_20.delay [\delay(width=7,length=0)\]
Compiling architecture struct of entity floating_point_v7_1_20.carry_chain [\carry_chain(c_xdevicefamily="zy...]
Compiling architecture synth of entity floating_point_v7_1_20.compare_eq_im [\compare_eq_im(c_xdevicefamily="...]
Compiling architecture struct of entity floating_point_v7_1_20.carry_chain [\carry_chain(c_xdevicefamily="zy...]
Compiling architecture synth of entity xbip_pipe_v3_0_10.xbip_pipe_v3_0_10_viv [\xbip_pipe_v3_0_10_viv(c_has_ce=...]
Compiling architecture rtl of entity floating_point_v7_1_20.delay [\delay(width=24,length=0,fast_in...]
Compiling architecture dsp48e1_v of entity unisim.DSP48E1 [\DSP48E1(acascreg=0,adreg=0,areg...]
Compiling architecture synth of entity xbip_pipe_v3_0_10.xbip_pipe_v3_0_10_viv [\xbip_pipe_v3_0_10_viv(c_has_ce=...]
Compiling architecture rtl of entity floating_point_v7_1_20.delay [\delay(width=48,length=0)\]
Compiling architecture rtl of entity floating_point_v7_1_20.dsp48e1_wrapper [\dsp48e1_wrapper(c_part="xck26-s...]
Compiling architecture synth of entity xbip_pipe_v3_0_10.xbip_pipe_v3_0_10_viv [\xbip_pipe_v3_0_10_viv(c_latency...]
Compiling architecture rtl of entity floating_point_v7_1_20.delay [\delay(width=13)\]
Compiling architecture synth of entity xbip_pipe_v3_0_10.xbip_pipe_v3_0_10_viv [\xbip_pipe_v3_0_10_viv(c_latency...]
Compiling architecture rtl of entity floating_point_v7_1_20.delay [\delay(width=27)\]
Compiling architecture synth of entity floating_point_v7_1_20.align_add_dsp48e1_sgl [\align_add_dsp48e1_sgl(c_xdevice...]
Compiling architecture lut5_v of entity unisim.LUT5 [\LUT5(init="00000000000000001111...]
Compiling architecture lut5_v of entity unisim.LUT5 [\LUT5(init="00000000000000000000...]
Compiling architecture synth of entity xbip_pipe_v3_0_10.xbip_pipe_v3_0_10_viv [\xbip_pipe_v3_0_10_viv(c_has_ce=...]
Compiling architecture rtl of entity floating_point_v7_1_20.delay [\delay(width=27,length=0)\]
Compiling architecture synth of entity xbip_pipe_v3_0_10.xbip_pipe_v3_0_10_viv [\xbip_pipe_v3_0_10_viv(c_latency...]
Compiling architecture rtl of entity floating_point_v7_1_20.delay [\delay(width=16)\]
Compiling architecture synth of entity xbip_pipe_v3_0_10.xbip_pipe_v3_0_10_viv [\xbip_pipe_v3_0_10_viv(c_latency...]
Compiling architecture rtl of entity floating_point_v7_1_20.delay [\delay(width=5)\]
Compiling architecture rtl of entity floating_point_v7_1_20.lead_zero_encode_shift [\lead_zero_encode_shift(ab_fw=24...]
Compiling architecture lut6_v of entity unisim.LUT6 [\LUT6(init="11111110010101001011...]
Compiling architecture lut5_v of entity unisim.LUT5 [\LUT5(init="00010001010111110000...]
Compiling architecture lut5_v of entity unisim.LUT5 [\LUT5(init="11101110101000001111...]
Compiling architecture dsp48e1_v of entity unisim.DSP48E1 [\DSP48E1(adreg=0,bcascreg=0,breg...]
Compiling architecture rtl of entity floating_point_v7_1_20.dsp48e1_wrapper [\dsp48e1_wrapper(a_width=24,c_wi...]
Compiling architecture rtl of entity floating_point_v7_1_20.norm_and_round_dsp48e1_sgl [\norm_and_round_dsp48e1_sgl(c_mu...]
Compiling architecture lut5_v of entity unisim.LUT5 [\LUT5(init="10011001100110011001...]
Compiling architecture lut5_v of entity unisim.LUT5 [\LUT5(init="11111111000000001111...]
Compiling architecture synth of entity xbip_pipe_v3_0_10.xbip_pipe_v3_0_10_viv [\xbip_pipe_v3_0_10_viv(c_has_ce=...]
Compiling architecture rtl of entity floating_point_v7_1_20.delay [\delay(width=9,length=0)\]
Compiling architecture struct of entity floating_point_v7_1_20.carry_chain [\carry_chain(c_xdevicefamily="zy...]
Compiling architecture synth of entity xbip_pipe_v3_0_10.xbip_pipe_v3_0_10_viv [\xbip_pipe_v3_0_10_viv(c_latency...]
Compiling architecture rtl of entity floating_point_v7_1_20.delay [\delay(width=9,length=3)\]
Compiling architecture synth of entity xbip_pipe_v3_0_10.xbip_pipe_v3_0_10_viv [\xbip_pipe_v3_0_10_viv(c_has_ce=...]
Compiling architecture rtl of entity floating_point_v7_1_20.delay [\delay(width=10,length=0)\]
Compiling architecture struct of entity floating_point_v7_1_20.carry_chain [\carry_chain(c_xdevicefamily="zy...]
Compiling architecture synth of entity floating_point_v7_1_20.compare_eq_im [\compare_eq_im(c_xdevicefamily="...]
Compiling architecture rtl of entity floating_point_v7_1_20.special_detect [\special_detect(c_xdevicefamily=...]
Compiling architecture struct of entity floating_point_v7_1_20.carry_chain [\carry_chain(c_xdevicefamily="zy...]
Compiling architecture synth of entity floating_point_v7_1_20.compare_gt [\compare_gt(c_xdevicefamily="zyn...]
Compiling architecture synth of entity floating_point_v7_1_20.compare [\compare(c_xdevicefamily="zynqup...]
Compiling architecture synth of entity xbip_pipe_v3_0_10.xbip_pipe_v3_0_10_viv [\xbip_pipe_v3_0_10_viv(c_latency...]
Compiling architecture rtl of entity floating_point_v7_1_20.delay [\delay(width=9)\]
Compiling architecture synth of entity xbip_pipe_v3_0_10.xbip_pipe_v3_0_10_viv [\xbip_pipe_v3_0_10_viv(c_latency...]
Compiling architecture rtl of entity floating_point_v7_1_20.delay [\delay(width=2,length=4,fast_inp...]
Compiling architecture rtl of entity floating_point_v7_1_20.delay [\delay(length=4,fast_input=true)...]
Compiling architecture synth of entity xbip_pipe_v3_0_10.xbip_pipe_v3_0_10_viv [\xbip_pipe_v3_0_10_viv(c_latency...]
Compiling architecture rtl of entity floating_point_v7_1_20.delay [\delay(length=2,fast_input=true)...]
Compiling architecture rtl of entity floating_point_v7_1_20.flt_add_exp_sp [\flt_add_exp_sp(c_xdevicefamily=...]
Compiling architecture rtl of entity floating_point_v7_1_20.flt_add_dsp [\flt_add_dsp(c_xdevicefamily="zy...]
Compiling architecture rtl of entity floating_point_v7_1_20.flt_add [\flt_add(c_xdevicefamily="zynqup...]
Compiling architecture synth of entity xbip_pipe_v3_0_10.xbip_pipe_v3_0_10_viv [\xbip_pipe_v3_0_10_viv(c_latency...]
Compiling architecture xilinx of entity floating_point_v7_1_20.floating_point_v7_1_20_viv [\floating_point_v7_1_20_viv(c_xd...]
Compiling architecture xilinx of entity floating_point_v7_1_20.floating_point_v7_1_20 [\floating_point_v7_1_20(c_xdevic...]
Compiling architecture turbovla_lite_e2e_fadd_32ns_32ns_32_8_full_dsp_1_ip_arch of entity xil_defaultlib.turbovla_lite_e2e_fadd_32ns_32ns_32_8_full_dsp_1_ip [turbovla_lite_e2e_fadd_32ns_32ns...]
Compiling module xil_defaultlib.turbovla_lite_e2e_fadd_32ns_32ns...
Compiling architecture rtl of entity floating_point_v7_1_20.flt_add [\flt_add(c_xdevicefamily="zynqup...]
Compiling architecture xilinx of entity floating_point_v7_1_20.floating_point_v7_1_20_viv [\floating_point_v7_1_20_viv(c_xd...]
Compiling architecture xilinx of entity floating_point_v7_1_20.floating_point_v7_1_20 [\floating_point_v7_1_20(c_xdevic...]
Compiling architecture turbovla_lite_e2e_fsub_32ns_32ns_32_8_full_dsp_0_ip_arch of entity xil_defaultlib.turbovla_lite_e2e_fsub_32ns_32ns_32_8_full_dsp_0_ip [turbovla_lite_e2e_fsub_32ns_32ns...]
Compiling module xil_defaultlib.turbovla_lite_e2e_fsub_32ns_32ns...
Compiling architecture dsp48e1_v of entity unisim.DSP48E1 [\DSP48E1(acascreg=0,adreg=0,alum...]
Compiling architecture synth of entity xbip_pipe_v3_0_10.xbip_pipe_v3_0_10_viv [\xbip_pipe_v3_0_10_viv(c_has_ce=...]
Compiling architecture rtl of entity floating_point_v7_1_20.delay [\delay(width=17,length=0)\]
Compiling architecture rtl of entity floating_point_v7_1_20.dsp48e1_wrapper [\dsp48e1_wrapper(a_width=24,b_wi...]
Compiling architecture dsp48e1_v of entity unisim.DSP48E1 [\DSP48E1(adreg=0,alumodereg=0,a_...]
Compiling architecture rtl of entity floating_point_v7_1_20.dsp48e1_wrapper [\dsp48e1_wrapper(a_width=24,b_wi...]
Compiling architecture struct of entity floating_point_v7_1_20.fix_mult_dsp48e1_sgl [\fix_mult_dsp48e1_sgl(registers=...]
Compiling architecture rtl of entity floating_point_v7_1_20.fix_mult [\fix_mult(c_xdevicefamily="zynqu...]
Compiling architecture synth of entity xbip_pipe_v3_0_10.xbip_pipe_v3_0_10_viv [\xbip_pipe_v3_0_10_viv(c_latency...]
Compiling architecture rtl of entity floating_point_v7_1_20.delay [\delay(width=7)\]
Compiling architecture synth of entity xbip_pipe_v3_0_10.xbip_pipe_v3_0_10_viv [\xbip_pipe_v3_0_10_viv(c_latency...]
Compiling architecture rtl of entity floating_point_v7_1_20.delay [\delay(width=8,fast_input=true)\]
Compiling architecture struct of entity floating_point_v7_1_20.carry_chain [\carry_chain(c_xdevicefamily="zy...]
Compiling architecture synth of entity floating_point_v7_1_20.compare_eq_im [\compare_eq_im(c_xdevicefamily="...]
Compiling architecture rtl of entity floating_point_v7_1_20.special_detect [\special_detect(c_xdevicefamily=...]
Compiling architecture synth of entity xbip_pipe_v3_0_10.xbip_pipe_v3_0_10_viv [\xbip_pipe_v3_0_10_viv(c_has_ce=...]
Compiling architecture rtl of entity floating_point_v7_1_20.delay [\delay(width=3,length=0,fast_inp...]
Compiling architecture rtl of entity floating_point_v7_1_20.flt_mult_exp [\flt_mult_exp(c_xdevicefamily="z...]
Compiling architecture dsp48e1_v of entity unisim.DSP48E1 [\DSP48E1(acascreg=0,adreg=0,alum...]
Compiling architecture synth of entity xbip_pipe_v3_0_10.xbip_pipe_v3_0_10_viv [\xbip_pipe_v3_0_10_viv(c_has_ce=...]
Compiling architecture rtl of entity floating_point_v7_1_20.delay [\delay(width=30,length=0)\]
Compiling architecture synth of entity xbip_pipe_v3_0_10.xbip_pipe_v3_0_10_viv [\xbip_pipe_v3_0_10_viv(c_has_ce=...]
Compiling architecture rtl of entity floating_point_v7_1_20.delay [\delay(width=18,length=0)\]
Compiling architecture rtl of entity floating_point_v7_1_20.dsp48e1_wrapper [\dsp48e1_wrapper(a_width=30,b_wi...]
Compiling architecture struct of entity floating_point_v7_1_20.flt_round_dsp_opt_full [\flt_round_dsp_opt_full(c_xdevic...]
Compiling architecture rtl of entity floating_point_v7_1_20.flt_mult_round [\flt_mult_round(c_xdevicefamily=...]
Compiling architecture synth of entity floating_point_v7_1_20.flt_dec_op_lat [\flt_dec_op_lat(c_xdevicefamily=...]
Compiling architecture rtl of entity floating_point_v7_1_20.flt_mult [\flt_mult(c_xdevicefamily="zynqu...]
Compiling architecture synth of entity xbip_pipe_v3_0_10.xbip_pipe_v3_0_10_viv [\xbip_pipe_v3_0_10_viv(c_latency...]
Compiling architecture xilinx of entity floating_point_v7_1_20.floating_point_v7_1_20_viv [\floating_point_v7_1_20_viv(c_xd...]
Compiling architecture xilinx of entity floating_point_v7_1_20.floating_point_v7_1_20 [\floating_point_v7_1_20(c_xdevic...]
Compiling architecture turbovla_lite_e2e_fmul_32ns_32ns_32_5_max_dsp_1_ip_arch of entity xil_defaultlib.turbovla_lite_e2e_fmul_32ns_32ns_32_5_max_dsp_1_ip [turbovla_lite_e2e_fmul_32ns_32ns...]
Compiling module xil_defaultlib.turbovla_lite_e2e_fmul_32ns_32ns...
Compiling architecture synth of entity xbip_pipe_v3_0_10.xbip_pipe_v3_0_10_viv [\xbip_pipe_v3_0_10_viv(c_has_ce=...]
Compiling architecture rtl of entity floating_point_v7_1_20.delay [\delay(width=5,length=0)\]
Compiling architecture struct of entity floating_point_v7_1_20.carry_chain [\carry_chain(c_xdevicefamily="zy...]
Compiling architecture synth of entity floating_point_v7_1_20.compare_ne_im [\compare_ne_im(c_xdevicefamily="...]
Compiling architecture struct of entity floating_point_v7_1_20.carry_chain [\carry_chain(c_xdevicefamily="zy...]
Compiling architecture rtl of entity floating_point_v7_1_20.flt_round_bit [\flt_round_bit(c_xdevicefamily="...]
Compiling architecture rtl of entity floating_point_v7_1_20.renorm_and_round_logic [\renorm_and_round_logic(c_xdevic...]
Compiling architecture struct of entity floating_point_v7_1_20.carry_chain [\carry_chain(c_xdevicefamily="ki...]
Compiling architecture synth of entity floating_point_v7_1_20.compare_eq_im [\compare_eq_im(c_xdevicefamily="...]
Compiling architecture rtl of entity floating_point_v7_1_20.special_detect [\special_detect(a_w=64,a_fw=53,o...]
Compiling architecture rtl of entity floating_point_v7_1_20.flt_to_flt_conv_exp [\flt_to_flt_conv_exp(a_w=64,a_ew...]
Compiling architecture synth of entity floating_point_v7_1_20.flt_dec_op [\flt_dec_op(c_xdevicefamily="zyn...]
Compiling architecture rtl of entity floating_point_v7_1_20.flt_to_flt_conv [\flt_to_flt_conv(c_xdevicefamily...]
Compiling architecture xilinx of entity floating_point_v7_1_20.floating_point_v7_1_20_viv [\floating_point_v7_1_20_viv(c_xd...]
Compiling architecture xilinx of entity floating_point_v7_1_20.floating_point_v7_1_20 [\floating_point_v7_1_20(c_xdevic...]
Compiling architecture turbovla_lite_e2e_fptrunc_64ns_32_2_no_dsp_0_ip_arch of entity xil_defaultlib.turbovla_lite_e2e_fptrunc_64ns_32_2_no_dsp_0_ip [turbovla_lite_e2e_fptrunc_64ns_3...]
Compiling module xil_defaultlib.turbovla_lite_e2e_fptrunc_64ns_3...
Compiling architecture struct of entity floating_point_v7_1_20.carry_chain [\carry_chain(c_xdevicefamily="ki...]
Compiling architecture synth of entity floating_point_v7_1_20.compare_eq_im [\compare_eq_im(c_xdevicefamily="...]
Compiling architecture rtl of entity floating_point_v7_1_20.special_detect [\special_detect(a_fw=24,op_delay...]
Compiling architecture rtl of entity floating_point_v7_1_20.flt_to_flt_conv_exp [\flt_to_flt_conv_exp(r_w=64,r_ew...]
Compiling architecture synth of entity floating_point_v7_1_20.flt_dec_op [\flt_dec_op(c_xdevicefamily="zyn...]
Compiling architecture rtl of entity floating_point_v7_1_20.flt_to_flt_conv [\flt_to_flt_conv(c_xdevicefamily...]
Compiling architecture synth of entity xbip_pipe_v3_0_10.xbip_pipe_v3_0_10_viv [\xbip_pipe_v3_0_10_viv(c_has_ce=...]
Compiling architecture rtl of entity floating_point_v7_1_20.delay [\delay(width=64,length=0)\]
Compiling architecture xilinx of entity floating_point_v7_1_20.floating_point_v7_1_20_viv [\floating_point_v7_1_20_viv(c_xd...]
Compiling architecture xilinx of entity floating_point_v7_1_20.floating_point_v7_1_20 [\floating_point_v7_1_20(c_xdevic...]
Compiling architecture turbovla_lite_e2e_fpext_32ns_64_2_no_dsp_0_ip_arch of entity xil_defaultlib.turbovla_lite_e2e_fpext_32ns_64_2_no_dsp_0_ip [turbovla_lite_e2e_fpext_32ns_64_...]
Compiling module xil_defaultlib.turbovla_lite_e2e_fpext_32ns_64_...
Compiling architecture synth of entity xbip_pipe_v3_0_10.xbip_pipe_v3_0_10_viv [\xbip_pipe_v3_0_10_viv(c_latency...]
Compiling architecture rtl of entity floating_point_v7_1_20.delay [\delay(width=52)\]
Compiling architecture synth of entity xbip_pipe_v3_0_10.xbip_pipe_v3_0_10_viv [\xbip_pipe_v3_0_10_viv(c_has_ce=...]
Compiling architecture rtl of entity floating_point_v7_1_20.delay [\delay(width=54,length=0)\]
Compiling architecture synth of entity xbip_pipe_v3_0_10.xbip_pipe_v3_0_10_viv [\xbip_pipe_v3_0_10_viv(c_has_ce=...]
Compiling architecture rtl of entity floating_point_v7_1_20.delay [\delay(width=11,length=0,fast_in...]
Compiling architecture muxf7_v of entity unisim.MUXF7 [muxf7_default]
Compiling architecture muxf8_v of entity unisim.MUXF8 [muxf8_default]
Compiling architecture struct of entity floating_point_v7_1_20.carry_chain [\carry_chain(c_xdevicefamily="zy...]
Compiling architecture synth of entity floating_point_v7_1_20.compare_eq_im [\compare_eq_im(c_xdevicefamily="...]
Compiling architecture rtl of entity floating_point_v7_1_20.zero_det_sel [\zero_det_sel(c_xdevicefamily="z...]
Compiling architecture synth of entity xbip_pipe_v3_0_10.xbip_pipe_v3_0_10_viv [\xbip_pipe_v3_0_10_viv(c_latency...]
Compiling architecture rtl of entity floating_point_v7_1_20.delay [\delay(width=55)\]
Compiling architecture synth of entity xbip_pipe_v3_0_10.xbip_pipe_v3_0_10_viv [\xbip_pipe_v3_0_10_viv(c_has_ce=...]
Compiling architecture rtl of entity floating_point_v7_1_20.delay [\delay(width=55,length=0)\]
Compiling architecture rtl of entity floating_point_v7_1_20.shift_msb_first [\shift_msb_first(a_width=54,regi...]
Compiling architecture rtl of entity floating_point_v7_1_20.alignment [\alignment(c_xdevicefamily="zynq...]
Compiling architecture synth of entity xbip_pipe_v3_0_10.xbip_pipe_v3_0_10_viv [\xbip_pipe_v3_0_10_viv(c_has_ce=...]
Compiling architecture rtl of entity floating_point_v7_1_20.delay [\delay(width=47,length=0)\]
Compiling architecture dsp48e1_v of entity unisim.DSP48E1 [\DSP48E1(adreg=0,alumodereg=0,ca...]
Compiling architecture rtl of entity floating_point_v7_1_20.dsp48e1_wrapper [\dsp48e1_wrapper(a_width=30,b_wi...]
Compiling architecture dsp48e1_v of entity unisim.DSP48E1 [\DSP48E1(acascreg=0,adreg=0,alum...]
Compiling architecture rtl of entity floating_point_v7_1_20.dsp48e1_wrapper [\dsp48e1_wrapper(a_width=30,b_wi...]
Compiling architecture struct of entity floating_point_v7_1_20.carry_chain [\carry_chain(c_xdevicefamily="zy...]
Compiling architecture synth of entity xbip_pipe_v3_0_10.xbip_pipe_v3_0_10_viv [\xbip_pipe_v3_0_10_viv(c_has_ce=...]
Compiling architecture rtl of entity floating_point_v7_1_20.delay [\delay(width=56,length=0)\]
Compiling architecture synth of entity floating_point_v7_1_20.addsub_dsp [\addsub_dsp(c_xdevicefamily="zyn...]
Compiling architecture rtl of entity floating_point_v7_1_20.addsub [\addsub(c_xdevicefamily="zynqupl...]
Compiling architecture rtl of entity floating_point_v7_1_20.align_add [\align_add(c_xdevicefamily="zynq...]
Compiling architecture synth of entity xbip_pipe_v3_0_10.xbip_pipe_v3_0_10_viv [\xbip_pipe_v3_0_10_viv(c_has_ce=...]
Compiling architecture rtl of entity floating_point_v7_1_20.delay [\delay(width=6,length=0,fast_inp...]
Compiling architecture struct of entity floating_point_v7_1_20.carry_chain [\carry_chain(c_xdevicefamily="zy...]
Compiling architecture rtl of entity floating_point_v7_1_20.mux4 [\mux4(c_xdevicefamily="zynquplus...]
Compiling architecture rtl of entity floating_point_v7_1_20.mux4 [\mux4(c_xdevicefamily="zynquplus...]
Compiling architecture rtl of entity floating_point_v7_1_20.lead_zero_encode [\lead_zero_encode(c_xdevicefamil...]
Compiling architecture synth of entity xbip_pipe_v3_0_10.xbip_pipe_v3_0_10_viv [\xbip_pipe_v3_0_10_viv(c_latency...]
Compiling architecture rtl of entity floating_point_v7_1_20.delay [\delay(width=56)\]
Compiling architecture rtl of entity floating_point_v7_1_20.shift_msb_first [\shift_msb_first(a_width=56,resu...]
Compiling architecture dsp48e1_v of entity unisim.DSP48E1 [\DSP48E1(acascreg=0,adreg=0,areg...]
Compiling architecture rtl of entity floating_point_v7_1_20.dsp48e1_wrapper [\dsp48e1_wrapper(b_width=18,c_wi...]
Compiling architecture synth of entity xbip_pipe_v3_0_10.xbip_pipe_v3_0_10_viv [\xbip_pipe_v3_0_10_viv(c_has_ce=...]
Compiling architecture rtl of entity floating_point_v7_1_20.delay [\delay(width=19,length=0)\]
Compiling architecture struct of entity floating_point_v7_1_20.carry_chain [\carry_chain(c_xdevicefamily="zy...]
Compiling architecture synth of entity xbip_pipe_v3_0_10.xbip_pipe_v3_0_10_viv [\xbip_pipe_v3_0_10_viv(c_has_ce=...]
Compiling architecture rtl of entity floating_point_v7_1_20.delay [\delay(width=28,length=0)\]
Compiling architecture synth of entity xbip_pipe_v3_0_10.xbip_pipe_v3_0_10_viv [\xbip_pipe_v3_0_10_viv(c_latency...]
Compiling architecture rtl of entity floating_point_v7_1_20.delay [\delay(width=29)\]
Compiling architecture rtl of entity floating_point_v7_1_20.flt_round_bit [\flt_round_bit(c_xdevicefamily="...]
Compiling architecture rtl of entity floating_point_v7_1_20.renorm_and_round_logic [\renorm_and_round_logic(c_xdevic...]
Compiling architecture rtl of entity floating_point_v7_1_20.norm_and_round_logic [\norm_and_round_logic(c_xdevicef...]
Compiling architecture synth of entity xbip_pipe_v3_0_10.xbip_pipe_v3_0_10_viv [\xbip_pipe_v3_0_10_viv(c_latency...]
Compiling architecture rtl of entity floating_point_v7_1_20.delay [\delay(length=4)\]
Compiling architecture synth of entity xbip_pipe_v3_0_10.xbip_pipe_v3_0_10_viv [\xbip_pipe_v3_0_10_viv(c_latency...]
Compiling architecture rtl of entity floating_point_v7_1_20.delay [\delay(width=12,length=4)\]
Compiling architecture synth of entity xbip_pipe_v3_0_10.xbip_pipe_v3_0_10_viv [\xbip_pipe_v3_0_10_viv(c_latency...]
Compiling architecture rtl of entity floating_point_v7_1_20.delay [\delay(width=11,fast_input=true)...]
Compiling architecture struct of entity floating_point_v7_1_20.carry_chain [\carry_chain(c_xdevicefamily="zy...]
Compiling architecture synth of entity floating_point_v7_1_20.compare_eq_im [\compare_eq_im(c_xdevicefamily="...]
Compiling architecture rtl of entity floating_point_v7_1_20.special_detect [\special_detect(c_xdevicefamily=...]
Compiling architecture struct of entity floating_point_v7_1_20.carry_chain [\carry_chain(c_xdevicefamily="zy...]
Compiling architecture synth of entity floating_point_v7_1_20.compare_eq [\compare_eq(c_xdevicefamily="zyn...]
Compiling architecture synth of entity floating_point_v7_1_20.compare [\compare(c_xdevicefamily="zynqup...]
Compiling architecture synth of entity xbip_pipe_v3_0_10.xbip_pipe_v3_0_10_viv [\xbip_pipe_v3_0_10_viv(c_latency...]
Compiling architecture rtl of entity floating_point_v7_1_20.delay [\delay(length=5,fast_input=true)...]
Compiling architecture rtl of entity floating_point_v7_1_20.flt_add_exp [\flt_add_exp(c_xdevicefamily="zy...]
Compiling architecture synth of entity floating_point_v7_1_20.flt_dec_op [\flt_dec_op(c_xdevicefamily="zyn...]
Compiling architecture rtl of entity floating_point_v7_1_20.flt_add_logic [\flt_add_logic(c_xdevicefamily="...]
Compiling architecture rtl of entity floating_point_v7_1_20.flt_add [\flt_add(c_xdevicefamily="zynqup...]
Compiling architecture synth of entity xbip_pipe_v3_0_10.xbip_pipe_v3_0_10_viv [\xbip_pipe_v3_0_10_viv(c_latency...]
Compiling architecture xilinx of entity floating_point_v7_1_20.floating_point_v7_1_20_viv [\floating_point_v7_1_20_viv(c_xd...]
Compiling architecture xilinx of entity floating_point_v7_1_20.floating_point_v7_1_20 [\floating_point_v7_1_20(c_xdevic...]
Compiling architecture turbovla_lite_e2e_dadd_64ns_64ns_64_9_full_dsp_0_ip_arch of entity xil_defaultlib.turbovla_lite_e2e_dadd_64ns_64ns_64_9_full_dsp_0_ip [turbovla_lite_e2e_dadd_64ns_64ns...]
Compiling module xil_defaultlib.turbovla_lite_e2e_dadd_64ns_64ns...
Compiling module xil_defaultlib.turbovla_lite_e2e_generic_tanh_f...
Compiling architecture rtl of entity floating_point_v7_1_20.flt_add [\flt_add(c_xdevicefamily="zynqup...]
Compiling architecture xilinx of entity floating_point_v7_1_20.floating_point_v7_1_20_viv [\floating_point_v7_1_20_viv(c_xd...]
Compiling architecture xilinx of entity floating_point_v7_1_20.floating_point_v7_1_20 [\floating_point_v7_1_20(c_xdevic...]
Compiling architecture turbovla_lite_e2e_faddfsub_32ns_32ns_32_8_full_dsp_1_ip_arch of entity xil_defaultlib.turbovla_lite_e2e_faddfsub_32ns_32ns_32_8_full_dsp_1_ip [turbovla_lite_e2e_faddfsub_32ns_...]
Compiling module xil_defaultlib.turbovla_lite_e2e_faddfsub_32ns_...
Compiling architecture turbovla_lite_e2e_sitofp_32ns_32_6_no_dsp_1_ip_arch of entity xil_defaultlib.turbovla_lite_e2e_sitofp_32ns_32_6_no_dsp_1_ip [turbovla_lite_e2e_sitofp_32ns_32...]
Compiling module xil_defaultlib.turbovla_lite_e2e_sitofp_32ns_32...
Compiling architecture dsp48e1_v of entity unisim.DSP48E1 [\DSP48E1(adreg=0,alumodereg=0,ca...]
Compiling architecture synth of entity xbip_pipe_v3_0_10.xbip_pipe_v3_0_10_viv [\xbip_pipe_v3_0_10_viv(c_latency...]
Compiling architecture rtl of entity floating_point_v7_1_20.delay [\delay(width=43)\]
Compiling architecture rtl of entity floating_point_v7_1_20.dsp48e1_wrapper [\dsp48e1_wrapper(a_width=17,b_wi...]
Compiling architecture rtl of entity floating_point_v7_1_20.special_detect [\special_detect(c_xdevicefamily=...]
Compiling architecture synth of entity xbip_pipe_v3_0_10.xbip_pipe_v3_0_10_viv [\xbip_pipe_v3_0_10_viv(c_latency...]
Compiling architecture rtl of entity floating_point_v7_1_20.delay [\delay(length=9)\]
Compiling architecture struct of entity floating_point_v7_1_20.carry_chain [\carry_chain(c_xdevicefamily="zy...]
Compiling architecture synth of entity floating_point_v7_1_20.compare_gt [\compare_gt(c_xdevicefamily="zyn...]
Compiling architecture synth of entity xbip_pipe_v3_0_10.xbip_pipe_v3_0_10_viv [\xbip_pipe_v3_0_10_viv(c_latency...]
Compiling architecture rtl of entity floating_point_v7_1_20.delay [\delay(width=2,length=9,fast_inp...]
Compiling architecture synth of entity xbip_pipe_v3_0_10.xbip_pipe_v3_0_10_viv [\xbip_pipe_v3_0_10_viv(c_latency...]
Compiling architecture rtl of entity floating_point_v7_1_20.delay [\delay(length=10)\]
Compiling architecture synth of entity floating_point_v7_1_20.flt_exp_specialcase [\flt_exp_specialcase(c_xdevicefa...]
Compiling architecture rtl of entity floating_point_v7_1_20.delay_s [\delay_s(width=10,length=0)\]
Compiling architecture rtl of entity floating_point_v7_1_20.delay_s [\delay_s(width=9,length=0)\]
Compiling architecture synth of entity xbip_pipe_v3_0_10.xbip_pipe_v3_0_10_viv [\xbip_pipe_v3_0_10_viv(c_has_ce=...]
Compiling architecture rtl of entity floating_point_v7_1_20.delay [\delay(width=6,length=0)\]
Compiling architecture struct of entity floating_point_v7_1_20.carry_chain [\carry_chain(c_xdevicefamily="zy...]
Compiling architecture synth of entity floating_point_v7_1_20.compare_eq_im [\compare_eq_im(c_xdevicefamily="...]
Compiling architecture rtl of entity floating_point_v7_1_20.zero_det_sel [\zero_det_sel(c_xdevicefamily="z...]
Compiling architecture synth of entity xbip_pipe_v3_0_10.xbip_pipe_v3_0_10_viv [\xbip_pipe_v3_0_10_viv(c_has_ce=...]
Compiling architecture rtl of entity floating_point_v7_1_20.delay [\delay(width=34,length=0)\]
Compiling architecture synth of entity xbip_pipe_v3_0_10.xbip_pipe_v3_0_10_viv [\xbip_pipe_v3_0_10_viv(c_latency...]
Compiling architecture rtl of entity floating_point_v7_1_20.delay [\delay(width=34)\]
Compiling architecture rtl of entity floating_point_v7_1_20.shift_msb_first [\shift_msb_first(a_width=24,resu...]
Compiling architecture synth of entity xbip_pipe_v3_0_10.xbip_pipe_v3_0_10_viv [\xbip_pipe_v3_0_10_viv(c_has_ce=...]
Compiling architecture rtl of entity floating_point_v7_1_20.delay [\delay(width=36,length=0)\]
Compiling architecture struct of entity floating_point_v7_1_20.carry_chain [\carry_chain(c_xdevicefamily="zy...]
Compiling architecture synth of entity floating_point_v7_1_20.flt_to_fix_conv [\flt_to_fix_conv(c_xdevicefamily...]
Compiling architecture rtl of entity floating_point_v7_1_20.dsp48e1_wrapper [\dsp48e1_wrapper(a_width=30,b_wi...]
Compiling architecture synth of entity floating_point_v7_1_20.flt_log_addsub [\flt_log_addsub(c_xdevicefamily=...]
Compiling architecture rtl of entity floating_point_v7_1_20.flt_exp_ccm [\flt_exp_ccm(c_xdevicefamily="zy...]
Compiling architecture rtl of entity floating_point_v7_1_20.dsp48e1_wrapper [\dsp48e1_wrapper(c_part="xck26-s...]
Compiling architecture synth of entity floating_point_v7_1_20.flt_log_addsub [\flt_log_addsub(c_xdevicefamily=...]
Compiling architecture rtl of entity floating_point_v7_1_20.flt_exp_ccm [\flt_exp_ccm(c_xdevicefamily="zy...]
Compiling architecture synth of entity xbip_pipe_v3_0_10.xbip_pipe_v3_0_10_viv [\xbip_pipe_v3_0_10_viv(c_latency...]
Compiling architecture rtl of entity floating_point_v7_1_20.delay [\delay(width=33,length=4)\]
Compiling architecture synth of entity floating_point_v7_1_20.flt_log_addsub [\flt_log_addsub(c_xdevicefamily=...]
Compiling architecture rtl of entity floating_point_v7_1_20.flt_exp_e2A [\flt_exp_e2A(c_xdevicefamily="zy...]
Compiling architecture rtl of entity floating_point_v7_1_20.flt_exp_e2zmzm1 [\flt_exp_e2zmzm1(c_xdevicefamily...]
Compiling architecture synth of entity xbip_pipe_v3_0_10.xbip_pipe_v3_0_10_viv [\xbip_pipe_v3_0_10_viv(c_latency...]
Compiling architecture rtl of entity floating_point_v7_1_20.delay [\delay(width=8,length=6)\]
Compiling architecture synth of entity xbip_pipe_v3_0_10.xbip_pipe_v3_0_10_viv [\xbip_pipe_v3_0_10_viv(c_latency...]
Compiling architecture rtl of entity floating_point_v7_1_20.delay [\delay(width=14)\]
Compiling architecture rtl of entity floating_point_v7_1_20.flt_round_bit [\flt_round_bit(c_xdevicefamily="...]
Compiling architecture rtl of entity floating_point_v7_1_20.renorm_and_round_logic [\renorm_and_round_logic(c_xdevic...]
Compiling architecture lut4_v of entity unisim.LUT4 [\LUT4(init="1100110010010110")(0...]
Compiling architecture lut4_v of entity unisim.LUT4 [\LUT4(init="1100110000111100")(0...]
Compiling architecture synth of entity xbip_pipe_v3_0_10.xbip_pipe_v3_0_10_viv [\xbip_pipe_v3_0_10_viv(c_has_ce=...]
Compiling architecture rtl of entity floating_point_v7_1_20.delay [\delay(width=9,length=0,fast_inp...]
Compiling architecture synth of entity floating_point_v7_1_20.flt_log_addsub [\flt_log_addsub(c_xdevicefamily=...]
Compiling architecture synth of entity floating_point_v7_1_20.compare_eq_im [\compare_eq_im(c_xdevicefamily="...]
Compiling architecture synth of entity floating_point_v7_1_20.compare_ne_im [\compare_ne_im(c_xdevicefamily="...]
Compiling architecture synth of entity floating_point_v7_1_20.compare_gt [\compare_gt(c_xdevicefamily="zyn...]
Compiling architecture synth of entity floating_point_v7_1_20.flt_exp_recomb [\flt_exp_recomb(c_xdevicefamily=...]
Compiling architecture synth of entity floating_point_v7_1_20.flt_exp [\flt_exp(c_xdevicefamily="zynqup...]
Compiling architecture synth of entity xbip_pipe_v3_0_10.xbip_pipe_v3_0_10_viv [\xbip_pipe_v3_0_10_viv(c_latency...]
Compiling architecture xilinx of entity floating_point_v7_1_20.floating_point_v7_1_20_viv [\floating_point_v7_1_20_viv(c_xd...]
Compiling architecture xilinx of entity floating_point_v7_1_20.floating_point_v7_1_20 [\floating_point_v7_1_20(c_xdevic...]
Compiling architecture turbovla_lite_e2e_fexp_32ns_32ns_32_13_full_dsp_1_ip_arch of entity xil_defaultlib.turbovla_lite_e2e_fexp_32ns_32ns_32_13_full_dsp_1_ip [turbovla_lite_e2e_fexp_32ns_32ns...]
Compiling module xil_defaultlib.turbovla_lite_e2e_fexp_32ns_32ns...
Compiling module xil_defaultlib.turbovla_lite_e2e_run
Compiling module xil_defaultlib.turbovla_lite_e2e_control_s_axi
Compiling module xil_defaultlib.turbovla_lite_e2e_gmem0_m_axi_sr...
Compiling module xil_defaultlib.turbovla_lite_e2e_gmem0_m_axi_fi...
Compiling module xil_defaultlib.turbovla_lite_e2e_gmem0_m_axi_sr...
Compiling module xil_defaultlib.turbovla_lite_e2e_gmem0_m_axi_fi...
Compiling module xil_defaultlib.turbovla_lite_e2e_gmem0_m_axi_sr...
Compiling module xil_defaultlib.turbovla_lite_e2e_gmem0_m_axi_fi...
Compiling module xil_defaultlib.turbovla_lite_e2e_gmem0_m_axi_sr...
Compiling module xil_defaultlib.turbovla_lite_e2e_gmem0_m_axi_fi...
Compiling module xil_defaultlib.turbovla_lite_e2e_gmem0_m_axi_sr...
Compiling module xil_defaultlib.turbovla_lite_e2e_gmem0_m_axi_fi...
Compiling module xil_defaultlib.turbovla_lite_e2e_gmem0_m_axi_st...
Compiling module xil_defaultlib.turbovla_lite_e2e_gmem0_m_axi_me...
Compiling module xil_defaultlib.turbovla_lite_e2e_gmem0_m_axi_fi...
Compiling module xil_defaultlib.turbovla_lite_e2e_gmem0_m_axi_lo...
Compiling module xil_defaultlib.turbovla_lite_e2e_gmem0_m_axi_re...
Compiling module xil_defaultlib.turbovla_lite_e2e_gmem0_m_axi_bu...
Compiling module xil_defaultlib.turbovla_lite_e2e_gmem0_m_axi_re...
Compiling module xil_defaultlib.turbovla_lite_e2e_gmem0_m_axi_sr...
Compiling module xil_defaultlib.turbovla_lite_e2e_gmem0_m_axi_fi...
Compiling module xil_defaultlib.turbovla_lite_e2e_gmem0_m_axi_re...
Compiling module xil_defaultlib.turbovla_lite_e2e_gmem0_m_axi_th...
Compiling module xil_defaultlib.turbovla_lite_e2e_gmem0_m_axi_re...
Compiling module xil_defaultlib.turbovla_lite_e2e_gmem0_m_axi_wr...
Compiling module xil_defaultlib.turbovla_lite_e2e_gmem0_m_axi_re...
Compiling module xil_defaultlib.turbovla_lite_e2e_gmem0_m_axi_re...
Compiling module xil_defaultlib.turbovla_lite_e2e_gmem0_m_axi(C_...
Compiling module xil_defaultlib.turbovla_lite_e2e
Compiling module xil_defaultlib.misc_interface_default
Compiling module xil_defaultlib.axi_if(ADDR_WIDTH=64,STRB_WIDTH=...
Compiling module xil_defaultlib.axi_if(ADDR_WIDTH=6,STRB_WIDTH=4...
Compiling module xil_defaultlib.sv_module_top
Compiling module xil_defaultlib.nodf_module_intf_default
Compiling module xil_defaultlib.seq_loop_intf(FSM_WIDTH=163)
Compiling module xil_defaultlib.seq_loop_intf(FSM_WIDTH=108)
Compiling module xil_defaultlib.upc_loop_intf(FSM_WIDTH=1)
Compiling module xil_defaultlib.upc_loop_intf(FSM_WIDTH=16)
Compiling module xil_defaultlib.upc_loop_intf(FSM_WIDTH=17)
Compiling module xil_defaultlib.upc_loop_intf_default
Compiling module xil_defaultlib.upc_loop_intf(FSM_WIDTH=9)
Compiling module xil_defaultlib.upc_loop_intf(FSM_WIDTH=65)
Compiling module xil_defaultlib.dataflow_monitor_1
Compiling module xil_defaultlib.apatb_turbovla_lite_e2e_top
Compiling module xil_defaultlib.glbl
Built simulation snapshot turbovla_lite_e2e

****** xsim v2025.1 (64-bit)
  **** SW Build 6140274 on Wed May 21 22:58:25 MDT 2025
  **** IP Build 6138677 on Thu May 22 03:10:11 MDT 2025
  **** SharedData Build 6139179 on Tue May 20 17:58:58 MDT 2025
  **** Start of session at: Tue Sep 22 02:24:40 2026
    ** Copyright 1986-2022 Xilinx, Inc. All Rights Reserved.
    ** Copyright 2022-2025 Advanced Micro Devices, Inc. All Rights Reserved.

source xsim.dir/turbovla_lite_e2e/xsim_script.tcl
# xsim {turbovla_lite_e2e} -testplusarg UVM_VERBOSITY=UVM_NONE -testplusarg UVM_TESTNAME=turbovla_lite_e2e_test_lib -testplusarg UVM_TIMEOUT=20000000000000 -wdb {/dev/null} -autoloadwcfg -tclbatch {turbovla_lite_e2e.tcl}
Time resolution is 1 ps
source turbovla_lite_e2e.tcl
## run all
UVM_INFO /home/frank/AMD/vivado/2025.01/2025.1/Vivado/data/system_verilog/uvm_1.2/xlnx_uvm_package.sv(18601) @ 0: reporter [UVM/RELNOTES] 
----------------------------------------------------------------
UVM-1.2
(C) 2007-2014 Mentor Graphics Corporation
(C) 2007-2014 Cadence Design Systems, Inc.
(C) 2006-2014 Synopsys, Inc.
(C) 2011-2013 Cypress Semiconductor Corp.
(C) 2013-2014 NVIDIA Corporation
----------------------------------------------------------------

  ***********       IMPORTANT RELEASE NOTES         ************

  You are using a version of the UVM library that has been compiled
  with `UVM_NO_DEPRECATED undefined.

  You are using a version of the UVM library that has been compiled
  with `UVM_OBJECT_DO_NOT_NEED_CONSTRUCTOR undefined.

      (Specify +UVM_NO_RELNOTES to turn off this notice)

UVM_INFO /home/frank/AMD/vivado/2025.01/2025.1/Vivado/data/system_verilog/uvm_1.2/xlnx_uvm_package.sv(18648) @ 0: reporter [NO_DPI_TSTNAME] UVM_NO_DPI defined--getting UVM_TESTNAME directly, without DPI
UVM_INFO /home/frank/AMD/vivado/2025.01/2025.1/Vivado/data/system_verilog/uvm_1.2/xlnx_uvm_package.sv(18752) @ 0: reporter [UVMTOP] UVM testbench topology:
-----------------------------------------------------------------------------------------------
Name                               Type                                 Size  Value            
-----------------------------------------------------------------------------------------------
uvm_test_top                       turbovla_lite_e2e_test_lib           -     @368             
  top_env                          turbovla_lite_e2e_env                -     @379             
    axi_lite_control               uvm_env                              -     @432             
      item_rtr_port                uvm_analysis_port                    -     @451             
      item_wtr_port                uvm_analysis_port                    -     @441             
      master                       uvm_agent                            -     @844             
        ardrv                      uvm_driver #(REQ,RSP)                -     @1519            
          item_read_imp            uvm_analysis_port                    -     @1548            
          rsp_port                 uvm_analysis_port                    -     @1538            
          seq_item_port            uvm_seq_item_pull_port               -     @1528            
          m_num_sent               integral                             32    'h0              
        arsqr                      axi_sequencer                        -     @1558            
          rsp_export               uvm_analysis_export                  -     @1567            
          seq_item_export          uvm_seq_item_pull_imp                -     @1685            
          arbitration_queue        array                                0     -                
          lock_queue               array                                0     -                
          num_last_reqs            integral                             32    'd1              
          num_last_rsps            integral                             32    'd1              
        awdrv                      uvm_driver #(REQ,RSP)                -     @991             
          item_read_imp            uvm_analysis_port                    -     @1020            
          rsp_port                 uvm_analysis_port                    -     @1010            
          seq_item_port            uvm_seq_item_pull_port               -     @1000            
          m_num_sent               integral                             32    'h0              
        awsqr                      axi_sequencer                        -     @1030            
          rsp_export               uvm_analysis_export                  -     @1039            
          seq_item_export          uvm_seq_item_pull_imp                -     @1157            
          arbitration_queue        array                                0     -                
          lock_queue               array                                0     -                
          num_last_reqs            integral                             32    'd1              
          num_last_rsps            integral                             32    'd1              
        bdrv                       uvm_driver #(REQ,RSP)                -     @1343            
          item_read_imp            uvm_analysis_port                    -     @1372            
          rsp_port                 uvm_analysis_port                    -     @1362            
          seq_item_port            uvm_seq_item_pull_port               -     @1352            
          m_num_sent               integral                             32    'h0              
        bsqr                       axi_sequencer                        -     @1382            
          rsp_export               uvm_analysis_export                  -     @1391            
          seq_item_export          uvm_seq_item_pull_imp                -     @1509            
          arbitration_queue        array                                0     -                
          lock_queue               array                                0     -                
          num_last_reqs            integral                             32    'd1              
          num_last_rsps            integral                             32    'd1              
        rdrv                       uvm_driver #(REQ,RSP)                -     @1695            
          item_read_imp            uvm_analysis_port                    -     @1724            
          rsp_port                 uvm_analysis_port                    -     @1714            
          seq_item_port            uvm_seq_item_pull_port               -     @1704            
          m_num_sent               integral                             32    'h0              
        rsqr                       axi_sequencer                        -     @1734            
          rsp_export               uvm_analysis_export                  -     @1743            
          seq_item_export          uvm_seq_item_pull_imp                -     @1861            
          arbitration_queue        array                                0     -                
          lock_queue               array                                0     -                
          num_last_reqs            integral                             32    'd1              
          num_last_rsps            integral                             32    'd1              
        wdrv                       uvm_driver #(REQ,RSP)                -     @1167            
          item_read_imp            uvm_analysis_port                    -     @1196            
          rsp_port                 uvm_analysis_port                    -     @1186            
          seq_item_port            uvm_seq_item_pull_port               -     @1176            
          m_num_sent               integral                             32    'h0              
        wsqr                       axi_sequencer                        -     @1206            
          rsp_export               uvm_analysis_export                  -     @1215            
          seq_item_export          uvm_seq_item_pull_imp                -     @1333            
          arbitration_queue        array                                0     -                
          lock_queue               array                                0     -                
          num_last_reqs            integral                             32    'd1              
          num_last_rsps            integral                             32    'd1              
      monitor                      uvm_monitor                          -     @666             
        item_ar2r_port             uvm_analysis_port                    -     @735             
        item_ar_port               uvm_analysis_port                    -     @705             
        item_aw2b_port             uvm_analysis_port                    -     @725             
        item_aw_port               uvm_analysis_port                    -     @675             
        item_b_port                uvm_analysis_port                    -     @695             
        item_r_port                uvm_analysis_port                    -     @715             
        item_w_port                uvm_analysis_port                    -     @685             
        checks_enable              integral                             1     'h1              
        coverage_enable            integral                             1     'h1              
      state                        axi_state                            -     @745             
        ar2r_imp                   uvm_analysis_imp_ar2r                -     @814             
        ar_imp                     uvm_analysis_imp_ar                  -     @784             
        aw2b_imp                   uvm_analysis_imp_aw2b                -     @804             
        aw_imp                     uvm_analysis_imp_aw                  -     @754             
        b_imp                      uvm_analysis_imp_b                   -     @774             
        item_rtr_port              uvm_analysis_port                    -     @834             
        item_wtr_port              uvm_analysis_port                    -     @824             
        r_imp                      uvm_analysis_imp_r                   -     @794             
        w_imp                      uvm_analysis_imp_w                   -     @764             
        avg_rate                   integral                             32    'h0              
        exp_rate                   integral                             32    'h0              
        win_size                   integral                             32    'h0              
        bqnum_for_slaseq           integral                             32    'h0              
        rq_from_model_num          integral                             32    'h0              
      vsqr                         axi_virtual_sequencer                -     @853             
        rsp_export                 uvm_analysis_export                  -     @862             
        seq_item_export            uvm_seq_item_pull_imp                -     @980             
        arbitration_queue          array                                0     -                
        lock_queue                 array                                0     -                
        num_last_reqs              integral                             32    'd1              
        num_last_rsps              integral                             32    'd1              
      cfg                          axi_cfg                              -     @395             
        has_checker                integral                             1     'h1              
        has_coverage               integral                             1     'h1              
        id_num                     integral                             32    'h1              
        reset_level                reset_level_enum                     32    RESET_LEVEL_LOW  
        drv_type                   drv_type_enum                        32    MASTER           
        write_latency_mode         latency_mode_enum                    32    CHANNEL_FIRST    
        read_latency_mode          latency_mode_enum                    32    CHANNEL_FIRST    
        clatency                   axi_latency                          -     @430             
          wr_latency               integral                             32    'h0              
          rd_latency               integral                             32    'h0              
    axi_master_gmem0               uvm_env                              -     @401             
      item_rtr_port                uvm_analysis_port                    -     @420             
      item_wtr_port                uvm_analysis_port                    -     @410             
      monitor                      uvm_monitor                          -     @1944            
        item_ar2r_port             uvm_analysis_port                    -     @2013            
        item_ar_port               uvm_analysis_port                    -     @1983            
        item_aw2b_port             uvm_analysis_port                    -     @2003            
        item_aw_port               uvm_analysis_port                    -     @1953            
        item_b_port                uvm_analysis_port                    -     @1973            
        item_r_port                uvm_analysis_port                    -     @1993            
        item_w_port                uvm_analysis_port                    -     @1963            
        checks_enable              integral                             1     'h1              
        coverage_enable            integral                             1     'h1              
      slave                        uvm_agent                            -     @2122            
        ardrv                      uvm_driver #(REQ,RSP)                -     @2799            
          item_read_imp            uvm_analysis_port                    -     @2828            
          rsp_port                 uvm_analysis_port                    -     @2818            
          seq_item_port            uvm_seq_item_pull_port               -     @2808            
          m_num_sent               integral                             32    'h0              
        arsqr                      axi_sequencer                        -     @2838            
          rsp_export               uvm_analysis_export                  -     @2847            
          seq_item_export          uvm_seq_item_pull_imp                -     @2965            
          arbitration_queue        array                                0     -                
          lock_queue               array                                0     -                
          num_last_reqs            integral                             32    'd1              
          num_last_rsps            integral                             32    'd1              
        awdrv                      uvm_driver #(REQ,RSP)                -     @2271            
          item_read_imp            uvm_analysis_port                    -     @2300            
          rsp_port                 uvm_analysis_port                    -     @2290            
          seq_item_port            uvm_seq_item_pull_port               -     @2280            
          m_num_sent               integral                             32    'h0              
        awsqr                      axi_sequencer                        -     @2310            
          rsp_export               uvm_analysis_export                  -     @2319            
          seq_item_export          uvm_seq_item_pull_imp                -     @2437            
          arbitration_queue        array                                0     -                
          lock_queue               array                                0     -                
          num_last_reqs            integral                             32    'd1              
          num_last_rsps            integral                             32    'd1              
        bdrv                       uvm_driver #(REQ,RSP)                -     @2623            
          item_read_imp            uvm_analysis_port                    -     @2652            
          rsp_port                 uvm_analysis_port                    -     @2642            
          seq_item_port            uvm_seq_item_pull_port               -     @2632            
          m_num_sent               integral                             32    'h0              
        bsqr                       axi_sequencer                        -     @2662            
          rsp_export               uvm_analysis_export                  -     @2671            
          seq_item_export          uvm_seq_item_pull_imp                -     @2789            
          arbitration_queue        array                                0     -                
          lock_queue               array                                0     -                
          num_last_reqs            integral                             32    'd1              
          num_last_rsps            integral                             32    'd1              
        rdrv                       uvm_driver #(REQ,RSP)                -     @2975            
          item_read_imp            uvm_analysis_port                    -     @3004            
          rsp_port                 uvm_analysis_port                    -     @2994            
          seq_item_port            uvm_seq_item_pull_port               -     @2984            
          m_num_sent               integral                             32    'h0              
        rsqr                       axi_sequencer                        -     @3014            
          rsp_export               uvm_analysis_export                  -     @3023            
          seq_item_export          uvm_seq_item_pull_imp                -     @3141            
          arbitration_queue        array                                0     -                
          lock_queue               array                                0     -                
          num_last_reqs            integral                             32    'd1              
          num_last_rsps            integral                             32    'd1              
        wdrv                       uvm_driver #(REQ,RSP)                -     @2447            
          item_read_imp            uvm_analysis_port                    -     @2476            
          rsp_port                 uvm_analysis_port                    -     @2466            
          seq_item_port            uvm_seq_item_pull_port               -     @2456            
          m_num_sent               integral                             32    'h0              
        wsqr                       axi_sequencer                        -     @2486            
          rsp_export               uvm_analysis_export                  -     @2495            
          seq_item_export          uvm_seq_item_pull_imp                -     @2613            
          arbitration_queue        array                                0     -                
          lock_queue               array                                0     -                
          num_last_reqs            integral                             32    'd1              
          num_last_rsps            integral                             32    'd1              
      state                        axi_state                            -     @2023            
        ar2r_imp                   uvm_analysis_imp_ar2r                -     @2092            
        ar_imp                     uvm_analysis_imp_ar                  -     @2062            
        aw2b_imp                   uvm_analysis_imp_aw2b                -     @2082            
        aw_imp                     uvm_analysis_imp_aw                  -     @2032            
        b_imp                      uvm_analysis_imp_b                   -     @2052            
        item_rtr_port              uvm_analysis_port                    -     @2112            
        item_wtr_port              uvm_analysis_port                    -     @2102            
        r_imp                      uvm_analysis_imp_r                   -     @2072            
        w_imp                      uvm_analysis_imp_w                   -     @2042            
        avg_rate                   integral                             32    'h0              
        exp_rate                   integral                             32    'h0              
        win_size                   integral                             32    'h0              
        bqnum_for_slaseq           integral                             32    'h0              
        rq_from_model_num          integral                             32    'h0              
      vsqr                         axi_virtual_sequencer                -     @2131            
        rsp_export                 uvm_analysis_export                  -     @2140            
        seq_item_export            uvm_seq_item_pull_imp                -     @2258            
        arbitration_queue          array                                0     -                
        lock_queue                 array                                0     -                
        num_last_reqs              integral                             32    'd1              
        num_last_rsps              integral                             32    'd1              
      cfg                          axi_cfg                              -     @394             
        has_checker                integral                             1     'h1              
        has_coverage               integral                             1     'h1              
        id_num                     integral                             32    'h1              
        reset_level                reset_level_enum                     32    RESET_LEVEL_LOW  
        drv_type                   drv_type_enum                        32    SLAVE            
        write_latency_mode         latency_mode_enum                    32    TRANSACTION_FIRST
        read_latency_mode          latency_mode_enum                    32    TRANSACTION_FIRST
        clatency                   axi_latency                          -     @396             
          wr_latency               integral                             32    'h0              
          rd_latency               integral                             32    'h0              
    refm                           turbovla_lite_e2e_reference_model    -     @461             
      trans_num_idx                integral                             32    'h0              
    subsys_mon                     turbovla_lite_e2e_subsystem_monitor  -     @474             
      control_rtr_imp              uvm_analysis_imp_axi_rtr_control     -     @513             
      control_wtr_imp              uvm_analysis_imp_axi_wtr_control     -     @503             
      gmem0_rtr_imp                uvm_analysis_imp_axi_rtr_gmem0       -     @493             
      gmem0_wtr_imp                uvm_analysis_imp_axi_wtr_gmem0       -     @483             
      scbd                         turbovla_lite_e2e_scoreboard         -     @3222            
        refm                       turbovla_lite_e2e_reference_model    -     @461             
          trans_num_idx            integral                             32    'h0              
    turbovla_lite_e2e_virtual_sqr  turbovla_lite_e2e_virtual_sequencer  -     @523             
      rsp_export                   uvm_analysis_export                  -     @532             
      seq_item_export              uvm_seq_item_pull_imp                -     @650             
      arbitration_queue            array                                0     -                
      lock_queue                   array                                0     -                
      num_last_reqs                integral                             32    'd1              
      num_last_rsps                integral                             32    'd1              
    refm                           turbovla_lite_e2e_reference_model    -     @461             
    turbovla_lite_e2e_virtual_sqr  turbovla_lite_e2e_virtual_sequencer  -     @523             
    turbovla_lite_e2e_cfg          turbovla_lite_e2e_config             -     @393             
      gmem0_cfg                    axi_cfg                              -     @394             
        has_checker                integral                             1     'h1              
        has_coverage               integral                             1     'h1              
        id_num                     integral                             32    'h1              
        reset_level                reset_level_enum                     32    RESET_LEVEL_LOW  
        drv_type                   drv_type_enum                        32    SLAVE            
        write_latency_mode         latency_mode_enum                    32    TRANSACTION_FIRST
        read_latency_mode          latency_mode_enum                    32    TRANSACTION_FIRST
        clatency                   axi_latency                          -     @396             
          wr_latency               integral                             32    'h0              
          rd_latency               integral                             32    'h0              
      control_cfg                  axi_cfg                              -     @395             
        has_checker                integral                             1     'h1              
        has_coverage               integral                             1     'h1              
        id_num                     integral                             32    'h1              
        reset_level                reset_level_enum                     32    RESET_LEVEL_LOW  
        drv_type                   drv_type_enum                        32    MASTER           
        write_latency_mode         latency_mode_enum                    32    CHANNEL_FIRST    
        read_latency_mode          latency_mode_enum                    32    CHANNEL_FIRST    
        clatency                   axi_latency                          -     @430             
          wr_latency               integral                             32    'h0              
          rd_latency               integral                             32    'h0              
      check_ena                    integral                             32    'h0              
      cover_ena                    integral                             32    'h0              
-----------------------------------------------------------------------------------------------

UVM_INFO /home/frank/AMD/vivado/2025.01/2025.1/Vivado/data/system_verilog/uvm_1.2/xlnx_uvm_package.sv(20867) @ 0: reporter [UVM/COMP/NAMECHECK] This implementation of the component name checks requires DPI to be enabled
////////////////////////////////////////////////////////////////////////////////////
// Inter-Transaction Progress: Completed Transaction / Total Transaction
// Intra-Transaction Progress: Measured Latency / Latency Estimation * 100%
//
// RTL Simulation : "Inter-Transaction Progress" ["Intra-Transaction Progress"] @ "Simulation Time"
////////////////////////////////////////////////////////////////////////////////////
// RTL Simulation : 0 / 1 [0.00%] @ "113000"
// RTL Simulation : 1 / 1 [100.00%] @ "623000"
////////////////////////////////////////////////////////////////////////////////////
$finish called at time : 687500 ps : File "/home/frank/AMD/vivado/2025.01/2025.1/Vivado/data/system_verilog/uvm_1.2/xlnx_uvm_package.sv" Line 18699
## quit
INFO: [Common 17-206] Exiting xsim at Tue Sep 22 02:24:45 2026...
INFO: [COSIM 212-316] Starting C post checking ...
e2e v0.2 model rejection gate passed
TURBOVLA_COSIM_CASE_PASS: 3
TURBOVLA_COSIM_CASE_START: 4
INFO: [HLS 200-1510] Running: cosim_design -setup -trace_level none -rtl verilog -tool xsim -argv /home/frank/TurboVLA-codex-T015-b3761ce/tests/data/lite_parameter_pack_qat 4 
INFO: [COSIM 212-47] Using XSIM for RTL simulation.
INFO: [COSIM 212-14] Instrumenting C test bench ...
   Build using "/home/frank/AMD/vivado/2025.01/2025.1/Vitis/lnx64/tools/vcxx/libexec//clang++"
   Compiling apatb_turbovla_lite_e2e.cpp
   Compiling e2e.cpp_pre.cpp.tb.cpp
   Compiling tb_e2e.cpp_pre.cpp.tb.cpp
   Compiling apatb_turbovla_lite_e2e_ir.ll
   Generating cosim.tv.exe
INFO: [COSIM 212-302] Starting C TB testing ... 
e2e non-positive state scale rejection gate passed
INFO: [COSIM 212-333] Generating C post check test bench ...
INFO: [COSIM 212-12] Generating RTL test bench ...

****** Vivado v2025.1 (64-bit)
  **** SW Build 6140274 on Wed May 21 22:58:25 MDT 2025
  **** IP Build 6138677 on Thu May 22 03:10:11 MDT 2025
  **** SharedData Build 6139179 on Tue May 20 17:58:58 MDT 2025
  **** Start of session at: Tue Sep 22 02:24:59 2026
    ** Copyright 1986-2022 Xilinx, Inc. All Rights Reserved.
    ** Copyright 2022-2025 Advanced Micro Devices, Inc. All Rights Reserved.

source run_vivado_gen_ip.tcl -notrace
INFO: [IP_Flow 19-234] Refreshing IP repositories
INFO: [IP_Flow 19-1704] No user IP repositories specified
INFO: [IP_Flow 19-2313] Loaded Vivado IP repository '/home/frank/AMD/vivado/2025.01/2025.1/Vivado/data/ip'.
INFO: [IP_Flow 19-1686] Generating 'Synthesis' target for IP 'turbovla_lite_e2e_fadd_32ns_32ns_32_8_full_dsp_1_ip'...
INFO: [IP_Flow 19-1686] Generating 'Simulation' target for IP 'turbovla_lite_e2e_fadd_32ns_32ns_32_8_full_dsp_1_ip'...
INFO: [IP_Flow 19-1686] Generating 'Synthesis' target for IP 'turbovla_lite_e2e_fdiv_32ns_32ns_32_16_no_dsp_0_ip'...
INFO: [IP_Flow 19-1686] Generating 'Simulation' target for IP 'turbovla_lite_e2e_fdiv_32ns_32ns_32_16_no_dsp_0_ip'...
INFO: [IP_Flow 19-1686] Generating 'Synthesis' target for IP 'turbovla_lite_e2e_dadd_64ns_64ns_64_9_full_dsp_0_ip'...
INFO: [IP_Flow 19-1686] Generating 'Simulation' target for IP 'turbovla_lite_e2e_dadd_64ns_64ns_64_9_full_dsp_0_ip'...
INFO: [IP_Flow 19-1686] Generating 'Synthesis' target for IP 'turbovla_lite_e2e_fexp_32ns_32ns_32_13_full_dsp_1_ip'...
INFO: [IP_Flow 19-1686] Generating 'Simulation' target for IP 'turbovla_lite_e2e_fexp_32ns_32ns_32_13_full_dsp_1_ip'...
INFO: [IP_Flow 19-1686] Generating 'Synthesis' target for IP 'turbovla_lite_e2e_faddfsub_32ns_32ns_32_8_full_dsp_1_ip'...
INFO: [IP_Flow 19-1686] Generating 'Simulation' target for IP 'turbovla_lite_e2e_faddfsub_32ns_32ns_32_8_full_dsp_1_ip'...
INFO: [IP_Flow 19-1686] Generating 'Synthesis' target for IP 'turbovla_lite_e2e_sitofp_32ns_32_6_no_dsp_1_ip'...
INFO: [IP_Flow 19-1686] Generating 'Simulation' target for IP 'turbovla_lite_e2e_sitofp_32ns_32_6_no_dsp_1_ip'...
INFO: [IP_Flow 19-1686] Generating 'Synthesis' target for IP 'turbovla_lite_e2e_fpext_32ns_64_2_no_dsp_0_ip'...
INFO: [IP_Flow 19-1686] Generating 'Simulation' target for IP 'turbovla_lite_e2e_fpext_32ns_64_2_no_dsp_0_ip'...
INFO: [IP_Flow 19-1686] Generating 'Synthesis' target for IP 'turbovla_lite_e2e_fmul_32ns_32ns_32_5_max_dsp_1_ip'...
INFO: [IP_Flow 19-1686] Generating 'Simulation' target for IP 'turbovla_lite_e2e_fmul_32ns_32ns_32_5_max_dsp_1_ip'...
INFO: [IP_Flow 19-1686] Generating 'Synthesis' target for IP 'turbovla_lite_e2e_fcmp_32ns_32ns_1_2_no_dsp_0_ip'...
INFO: [IP_Flow 19-1686] Generating 'Simulation' target for IP 'turbovla_lite_e2e_fcmp_32ns_32ns_1_2_no_dsp_0_ip'...
INFO: [IP_Flow 19-1686] Generating 'Synthesis' target for IP 'turbovla_lite_e2e_fptrunc_64ns_32_2_no_dsp_0_ip'...
INFO: [IP_Flow 19-1686] Generating 'Simulation' target for IP 'turbovla_lite_e2e_fptrunc_64ns_32_2_no_dsp_0_ip'...
INFO: [IP_Flow 19-1686] Generating 'Synthesis' target for IP 'turbovla_lite_e2e_sitofp_32s_32_6_no_dsp_1_ip'...
INFO: [IP_Flow 19-1686] Generating 'Simulation' target for IP 'turbovla_lite_e2e_sitofp_32s_32_6_no_dsp_1_ip'...
INFO: [IP_Flow 19-1686] Generating 'Synthesis' target for IP 'turbovla_lite_e2e_uitofp_32ns_32_6_no_dsp_1_ip'...
INFO: [IP_Flow 19-1686] Generating 'Simulation' target for IP 'turbovla_lite_e2e_uitofp_32ns_32_6_no_dsp_1_ip'...
INFO: [IP_Flow 19-1686] Generating 'Synthesis' target for IP 'turbovla_lite_e2e_fsub_32ns_32ns_32_8_full_dsp_0_ip'...
INFO: [IP_Flow 19-1686] Generating 'Simulation' target for IP 'turbovla_lite_e2e_fsub_32ns_32ns_32_8_full_dsp_0_ip'...
INFO: [Common 17-206] Exiting Vivado at Tue Sep 22 02:25:12 2026...
INFO: [COSIM 212-1] *** C/RTL co-simulation file generation completed. ***
INFO: [COSIM 212-211] II is measurable only when transaction number is greater than 1 in RTL simulation. Otherwise, they will be marked as all NA. If user wants to calculate them, please make sure there are at least 2 transactions in RTL simulation.
INFO: [HLS 200-2161] Finished Command cosim_design Elapsed time: 00:00:33; Allocated memory: 4.957 MB.
INFO: [HLS 200-1510] Running: source run_sim.tcl
INFO: [HLS 200-1510] Running: source check_sim.tcl
INFO: [HLS 200-1510] Running: source dataflow_monitor_API.tcl
INFO: [COSIM 212-302] Starting C TB testing ...  
e2e non-positive state scale rejection gate passed
INFO: [COSIM 212-323] Starting verilog simulation...
INFO: [COSIM 212-15] Starting XSIM ...
Vivado Simulator v2025.1.0
Copyright 1986-2022 Xilinx, Inc. All Rights Reserved.
Copyright 2022-2025 Advanced Micro Devices, Inc. All Rights Reserved.
Running: /home/frank/AMD/vivado/2025.01/2025.1/Vivado/bin/unwrapped/lnx64.o/xelab xil_defaultlib.apatb_turbovla_lite_e2e_top xil_defaultlib.glbl -Oenable_linking_all_libraries -prj turbovla_lite_e2e.prj -L smartconnect_v1_0 -L axi_protocol_checker_v1_1_12 -L axi_protocol_checker_v1_1_13 -L axis_protocol_checker_v1_1_11 -L axis_protocol_checker_v1_1_12 -L xil_defaultlib -L unisims_ver -L xpm -L floating_point_v7_1_20 -L floating_point_v7_0_25 --lib ieee_proposed=./ieee_proposed -L uvm -relax -i ./svr -i ./svtb -i ./file_agent -i ./turbovla_lite_e2e_subsystem -s turbovla_lite_e2e 
Multi-threading is on. Using 12 slave threads.
Determining compilation order of HDL files.
WARNING: [XSIM 43-3431] One or more environment variables have been detected which affect the operation of the C compiler. These are typically not set in standard installations and are not tested by AMD, however they may be appropriate for your system, so the flow will attempt to continue.  If errors occur, try running xelab with the "-mt off -v 1" switches to see more information from the C compiler. The following environment variables have been detected:
    LIBRARY_PATH
INFO: [VRFC 10-2263] Analyzing SystemVerilog file "/home/frank/TurboVLA-codex-T015-b3761ce/build/hls/e2e/e2e_solution/sim/verilog/glbl.v" into library xil_defaultlib
INFO: [VRFC 10-311] analyzing module glbl
INFO: [VRFC 10-2263] Analyzing SystemVerilog file "/home/frank/TurboVLA-codex-T015-b3761ce/build/hls/e2e/e2e_solution/sim/verilog/turbovla_lite_e2e_fmul_32ns_32ns_32_5_max_dsp_1.v" into library xil_defaultlib
INFO: [VRFC 10-311] analyzing module turbovla_lite_e2e_fmul_32ns_32ns_32_5_max_dsp_1
INFO: [VRFC 10-2263] Analyzing SystemVerilog file "/home/frank/TurboVLA-codex-T015-b3761ce/build/hls/e2e/e2e_solution/sim/verilog/turbovla_lite_e2e_p_anonymous_namespace_quantize.v" into library xil_defaultlib
INFO: [VRFC 10-311] analyzing module turbovla_lite_e2e_p_anonymous_namespace_quantize
INFO: [VRFC 10-2263] Analyzing SystemVerilog file "/home/frank/TurboVLA-codex-T015-b3761ce/build/hls/e2e/e2e_solution/sim/verilog/turbovla_lite_e2e_p_anonymous_namespace_quantize_mask_table_ROM_AUTO_1R.v" into library xil_defaultlib
INFO: [VRFC 10-311] analyzing module turbovla_lite_e2e_p_anonymous_namespace_quantize_mask_table_ROM_AUTO_1R
INFO: [VRFC 10-2263] Analyzing SystemVerilog file "/home/frank/TurboVLA-codex-T015-b3761ce/build/hls/e2e/e2e_solution/sim/verilog/turbovla_lite_e2e_faddfsub_32ns_32ns_32_8_full_dsp_1.v" into library xil_defaultlib
INFO: [VRFC 10-311] analyzing module turbovla_lite_e2e_faddfsub_32ns_32ns_32_8_full_dsp_1
INFO: [VRFC 10-2263] Analyzing SystemVerilog file "/home/frank/TurboVLA-codex-T015-b3761ce/build/hls/e2e/e2e_solution/sim/verilog/turbovla_lite_e2e_p_anonymous_namespace_encode_visual_Pipeline_1.v" into library xil_defaultlib
INFO: [VRFC 10-311] analyzing module turbovla_lite_e2e_p_anonymous_namespace_encode_visual_Pipeline_1
INFO: [VRFC 10-2263] Analyzing SystemVerilog file "/home/frank/TurboVLA-codex-T015-b3761ce/build/hls/e2e/e2e_solution/sim/verilog/turbovla_lite_e2e_fpext_32ns_64_2_no_dsp_0.v" into library xil_defaultlib
INFO: [VRFC 10-311] analyzing module turbovla_lite_e2e_fpext_32ns_64_2_no_dsp_0
INFO: [VRFC 10-2263] Analyzing SystemVerilog file "/home/frank/TurboVLA-codex-T015-b3761ce/build/hls/e2e/e2e_solution/sim/verilog/turbovla_lite_e2e_p_anonymous_namespace_fuse_layer_Pipeline_1.v" into library xil_defaultlib
INFO: [VRFC 10-311] analyzing module turbovla_lite_e2e_p_anonymous_namespace_fuse_layer_Pipeline_1
INFO: [VRFC 10-2263] Analyzing SystemVerilog file "/home/frank/TurboVLA-codex-T015-b3761ce/build/hls/e2e/e2e_solution/sim/verilog/turbovla_lite_e2e_generic_tanh_float_s.v" into library xil_defaultlib
INFO: [VRFC 10-311] analyzing module turbovla_lite_e2e_generic_tanh_float_s
INFO: [VRFC 10-2263] Analyzing SystemVerilog file "/home/frank/TurboVLA-codex-T015-b3761ce/build/hls/e2e/e2e_solution/sim/verilog/turbovla_lite_e2e_mac_muladd_8s_8s_16s_17_4_1.v" into library xil_defaultlib
INFO: [VRFC 10-311] analyzing module turbovla_lite_e2e_mac_muladd_8s_8s_16s_17_4_1_DSP48_0
INFO: [VRFC 10-311] analyzing module turbovla_lite_e2e_mac_muladd_8s_8s_16s_17_4_1
INFO: [VRFC 10-2263] Analyzing SystemVerilog file "/home/frank/TurboVLA-codex-T015-b3761ce/build/hls/e2e/e2e_solution/sim/verilog/turbovla_lite_e2e_uitofp_32ns_32_6_no_dsp_1.v" into library xil_defaultlib
INFO: [VRFC 10-311] analyzing module turbovla_lite_e2e_uitofp_32ns_32_6_no_dsp_1
INFO: [VRFC 10-2263] Analyzing SystemVerilog file "/home/frank/TurboVLA-codex-T015-b3761ce/build/hls/e2e/e2e_solution/sim/verilog/turbovla_lite_e2e_fexp_32ns_32ns_32_13_full_dsp_1.v" into library xil_defaultlib
INFO: [VRFC 10-311] analyzing module turbovla_lite_e2e_fexp_32ns_32ns_32_13_full_dsp_1
INFO: [VRFC 10-2263] Analyzing SystemVerilog file "/home/frank/TurboVLA-codex-T015-b3761ce/build/hls/e2e/e2e_solution/sim/verilog/turbovla_lite_e2e_mac_muladd_8s_8s_32s_32_4_1.v" into library xil_defaultlib
INFO: [VRFC 10-311] analyzing module turbovla_lite_e2e_mac_muladd_8s_8s_32s_32_4_1_DSP48_0
INFO: [VRFC 10-311] analyzing module turbovla_lite_e2e_mac_muladd_8s_8s_32s_32_4_1
INFO: [VRFC 10-2263] Analyzing SystemVerilog file "/home/frank/TurboVLA-codex-T015-b3761ce/build/hls/e2e/e2e_solution/sim/verilog/turbovla_lite_e2e_exp_generic_double_s_table_f_Z2_ap_ufixed_59_0_ap_q_mode_5_ap_o_mode_3_0_arradEe.v" into library xil_defaultlib
INFO: [VRFC 10-311] analyzing module turbovla_lite_e2e_exp_generic_double_s_table_f_Z2_ap_ufixed_59_0_ap_q_mode_5_ap_o_mode_3_0_arradEe
INFO: [VRFC 10-2263] Analyzing SystemVerilog file "/home/frank/TurboVLA-codex-T015-b3761ce/build/hls/e2e/e2e_solution/sim/verilog/turbovla_lite_e2e_control_s_axi.v" into library xil_defaultlib
INFO: [VRFC 10-311] analyzing module turbovla_lite_e2e_control_s_axi
INFO: [VRFC 10-2263] Analyzing SystemVerilog file "/home/frank/TurboVLA-codex-T015-b3761ce/build/hls/e2e/e2e_solution/sim/verilog/turbovla_lite_e2e.autotb.v" into library xil_defaultlib
INFO: [VRFC 10-311] analyzing module apatb_turbovla_lite_e2e_top
INFO: [VRFC 10-2263] Analyzing SystemVerilog file "/home/frank/TurboVLA-codex-T015-b3761ce/build/hls/e2e/e2e_solution/sim/verilog/turbovla_lite_e2e_run.v" into library xil_defaultlib
INFO: [VRFC 10-311] analyzing module turbovla_lite_e2e_run
INFO: [VRFC 10-2263] Analyzing SystemVerilog file "/home/frank/TurboVLA-codex-T015-b3761ce/build/hls/e2e/e2e_solution/sim/verilog/turbovla_lite_e2e_p_anonymous_namespace_decode_action_state_q_RAM_AUTO_1R1W.v" into library xil_defaultlib
INFO: [VRFC 10-311] analyzing module turbovla_lite_e2e_p_anonymous_namespace_decode_action_state_q_RAM_AUTO_1R1W
INFO: [VRFC 10-2263] Analyzing SystemVerilog file "/home/frank/TurboVLA-codex-T015-b3761ce/build/hls/e2e/e2e_solution/sim/verilog/turbovla_lite_e2e_exp_generic_double_s_table_exp_Z1_ap_ufixed_58_1_ap_q_mode_5_ap_o_mode_3_0_arbkb.v" into library xil_defaultlib
INFO: [VRFC 10-311] analyzing module turbovla_lite_e2e_exp_generic_double_s_table_exp_Z1_ap_ufixed_58_1_ap_q_mode_5_ap_o_mode_3_0_arbkb
INFO: [VRFC 10-2263] Analyzing SystemVerilog file "/home/frank/TurboVLA-codex-T015-b3761ce/build/hls/e2e/e2e_solution/sim/verilog/turbovla_lite_e2e_fptrunc_64ns_32_2_no_dsp_0.v" into library xil_defaultlib
INFO: [VRFC 10-311] analyzing module turbovla_lite_e2e_fptrunc_64ns_32_2_no_dsp_0
INFO: [VRFC 10-2263] Analyzing SystemVerilog file "/home/frank/TurboVLA-codex-T015-b3761ce/build/hls/e2e/e2e_solution/sim/verilog/turbovla_lite_e2e_p_anonymous_namespace_decode_action.v" into library xil_defaultlib
INFO: [VRFC 10-311] analyzing module turbovla_lite_e2e_p_anonymous_namespace_decode_action
INFO: [VRFC 10-2263] Analyzing SystemVerilog file "/home/frank/TurboVLA-codex-T015-b3761ce/build/hls/e2e/e2e_solution/sim/verilog/turbovla_lite_e2e_fdiv_32ns_32ns_32_16_no_dsp_0.v" into library xil_defaultlib
INFO: [VRFC 10-311] analyzing module turbovla_lite_e2e_fdiv_32ns_32ns_32_16_no_dsp_0
INFO: [VRFC 10-2263] Analyzing SystemVerilog file "/home/frank/TurboVLA-codex-T015-b3761ce/build/hls/e2e/e2e_solution/sim/verilog/turbovla_lite_e2e_p_anonymous_namespace_fuse_layer_Pipeline_2.v" into library xil_defaultlib
INFO: [VRFC 10-311] analyzing module turbovla_lite_e2e_p_anonymous_namespace_fuse_layer_Pipeline_2
INFO: [VRFC 10-2263] Analyzing SystemVerilog file "/home/frank/TurboVLA-codex-T015-b3761ce/build/hls/e2e/e2e_solution/sim/verilog/turbovla_lite_e2e_p_anonymous_namespace_decode_action_hidden_q_RAM_AUTO_1R1W.v" into library xil_defaultlib
INFO: [VRFC 10-311] analyzing module turbovla_lite_e2e_p_anonymous_namespace_decode_action_hidden_q_RAM_AUTO_1R1W
INFO: [VRFC 10-2263] Analyzing SystemVerilog file "/home/frank/TurboVLA-codex-T015-b3761ce/build/hls/e2e/e2e_solution/sim/verilog/turbovla_lite_e2e_flow_control_loop_pipe_sequential_init.v" into library xil_defaultlib
INFO: [VRFC 10-311] analyzing module turbovla_lite_e2e_flow_control_loop_pipe_sequential_init
INFO: [VRFC 10-2263] Analyzing SystemVerilog file "/home/frank/TurboVLA-codex-T015-b3761ce/build/hls/e2e/e2e_solution/sim/verilog/turbovla_lite_e2e_exp_generic_double_s_table_f_Z3_ap_ufixed_59_0_ap_q_mode_5_ap_o_mode_3_0_arracud.v" into library xil_defaultlib
INFO: [VRFC 10-311] analyzing module turbovla_lite_e2e_exp_generic_double_s_table_f_Z3_ap_ufixed_59_0_ap_q_mode_5_ap_o_mode_3_0_arracud
INFO: [VRFC 10-2263] Analyzing SystemVerilog file "/home/frank/TurboVLA-codex-T015-b3761ce/build/hls/e2e/e2e_solution/sim/verilog/turbovla_lite_e2e_mac_muladd_8s_8s_23s_23_4_1.v" into library xil_defaultlib
INFO: [VRFC 10-311] analyzing module turbovla_lite_e2e_mac_muladd_8s_8s_23s_23_4_1_DSP48_0
INFO: [VRFC 10-311] analyzing module turbovla_lite_e2e_mac_muladd_8s_8s_23s_23_4_1
INFO: [VRFC 10-2263] Analyzing SystemVerilog file "/home/frank/TurboVLA-codex-T015-b3761ce/build/hls/e2e/e2e_solution/sim/verilog/turbovla_lite_e2e_mac_muladd_8s_8s_17s_17_4_1.v" into library xil_defaultlib
INFO: [VRFC 10-311] analyzing module turbovla_lite_e2e_mac_muladd_8s_8s_17s_17_4_1_DSP48_0
INFO: [VRFC 10-311] analyzing module turbovla_lite_e2e_mac_muladd_8s_8s_17s_17_4_1
INFO: [VRFC 10-2263] Analyzing SystemVerilog file "/home/frank/TurboVLA-codex-T015-b3761ce/build/hls/e2e/e2e_solution/sim/verilog/turbovla_lite_e2e_mul_13s_71s_71_3_1.v" into library xil_defaultlib
INFO: [VRFC 10-311] analyzing module turbovla_lite_e2e_mul_13s_71s_71_3_1
INFO: [VRFC 10-2263] Analyzing SystemVerilog file "/home/frank/TurboVLA-codex-T015-b3761ce/build/hls/e2e/e2e_solution/sim/verilog/turbovla_lite_e2e_run_action_RAM_AUTO_1R1W.v" into library xil_defaultlib
INFO: [VRFC 10-311] analyzing module turbovla_lite_e2e_run_action_RAM_AUTO_1R1W
INFO: [VRFC 10-2263] Analyzing SystemVerilog file "/home/frank/TurboVLA-codex-T015-b3761ce/build/hls/e2e/e2e_solution/sim/verilog/turbovla_lite_e2e_run_Pipeline_VITIS_LOOP_322_1.v" into library xil_defaultlib
INFO: [VRFC 10-311] analyzing module turbovla_lite_e2e_run_Pipeline_VITIS_LOOP_322_1
INFO: [VRFC 10-2263] Analyzing SystemVerilog file "/home/frank/TurboVLA-codex-T015-b3761ce/build/hls/e2e/e2e_solution/sim/verilog/turbovla_lite_e2e_dadd_64ns_64ns_64_9_full_dsp_0.v" into library xil_defaultlib
INFO: [VRFC 10-311] analyzing module turbovla_lite_e2e_dadd_64ns_64ns_64_9_full_dsp_0
INFO: [VRFC 10-2263] Analyzing SystemVerilog file "/home/frank/TurboVLA-codex-T015-b3761ce/build/hls/e2e/e2e_solution/sim/verilog/turbovla_lite_e2e_p_anonymous_namespace_decode_action_Pipeline_VITIS_LOOP_254_2.v" into library xil_defaultlib
INFO: [VRFC 10-311] analyzing module turbovla_lite_e2e_p_anonymous_namespace_decode_action_Pipeline_VITIS_LOOP_254_2
INFO: [VRFC 10-2263] Analyzing SystemVerilog file "/home/frank/TurboVLA-codex-T015-b3761ce/build/hls/e2e/e2e_solution/sim/verilog/turbovla_lite_e2e_p_anonymous_namespace_quantize_one_half_table_ROM_AUTO_1R.v" into library xil_defaultlib
INFO: [VRFC 10-311] analyzing module turbovla_lite_e2e_p_anonymous_namespace_quantize_one_half_table_ROM_AUTO_1R
INFO: [VRFC 10-2263] Analyzing SystemVerilog file "/home/frank/TurboVLA-codex-T015-b3761ce/build/hls/e2e/e2e_solution/sim/verilog/turbovla_lite_e2e_mul_50ns_50ns_99_2_1.v" into library xil_defaultlib
INFO: [VRFC 10-311] analyzing module turbovla_lite_e2e_mul_50ns_50ns_99_2_1
INFO: [VRFC 10-2263] Analyzing SystemVerilog file "/home/frank/TurboVLA-codex-T015-b3761ce/build/hls/e2e/e2e_solution/sim/verilog/turbovla_lite_e2e_p_anonymous_namespace_fuse_layer_1_Pipeline_VITIS_LOOP_195_1_VITIS_LOOP_196_2.v" into library xil_defaultlib
INFO: [VRFC 10-311] analyzing module turbovla_lite_e2e_p_anonymous_namespace_fuse_layer_1_Pipeline_VITIS_LOOP_195_1_VITIS_LOOP_196_2
INFO: [VRFC 10-2263] Analyzing SystemVerilog file "/home/frank/TurboVLA-codex-T015-b3761ce/build/hls/e2e/e2e_solution/sim/verilog/turbovla_lite_e2e_p_anonymous_namespace_fuse_layer_1_Pipeline_2.v" into library xil_defaultlib
INFO: [VRFC 10-311] analyzing module turbovla_lite_e2e_p_anonymous_namespace_fuse_layer_1_Pipeline_2
INFO: [VRFC 10-2263] Analyzing SystemVerilog file "/home/frank/TurboVLA-codex-T015-b3761ce/build/hls/e2e/e2e_solution/sim/verilog/turbovla_lite_e2e_sparsemux_7_2_32_1_0.v" into library xil_defaultlib
INFO: [VRFC 10-311] analyzing module turbovla_lite_e2e_sparsemux_7_2_32_1_0
INFO: [VRFC 10-2263] Analyzing SystemVerilog file "/home/frank/TurboVLA-codex-T015-b3761ce/build/hls/e2e/e2e_solution/sim/verilog/turbovla_lite_e2e_p_anonymous_namespace_fuse_layer_Pipeline_VITIS_LOOP_195_1_VITIS_LOOP_196_2.v" into library xil_defaultlib
INFO: [VRFC 10-311] analyzing module turbovla_lite_e2e_p_anonymous_namespace_fuse_layer_Pipeline_VITIS_LOOP_195_1_VITIS_LOOP_196_2
INFO: [VRFC 10-2263] Analyzing SystemVerilog file "/home/frank/TurboVLA-codex-T015-b3761ce/build/hls/e2e/e2e_solution/sim/verilog/turbovla_lite_e2e_sitofp_32ns_32_6_no_dsp_1.v" into library xil_defaultlib
INFO: [VRFC 10-311] analyzing module turbovla_lite_e2e_sitofp_32ns_32_6_no_dsp_1
INFO: [VRFC 10-2263] Analyzing SystemVerilog file "/home/frank/TurboVLA-codex-T015-b3761ce/build/hls/e2e/e2e_solution/sim/verilog/turbovla_lite_e2e.v" into library xil_defaultlib
INFO: [VRFC 10-311] analyzing module turbovla_lite_e2e
INFO: [VRFC 10-2263] Analyzing SystemVerilog file "/home/frank/TurboVLA-codex-T015-b3761ce/build/hls/e2e/e2e_solution/sim/verilog/turbovla_lite_e2e_p_anonymous_namespace_fuse_layer_1_Pipeline_VITIS_LOOP_210_5.v" into library xil_defaultlib
INFO: [VRFC 10-311] analyzing module turbovla_lite_e2e_p_anonymous_namespace_fuse_layer_1_Pipeline_VITIS_LOOP_210_5
INFO: [VRFC 10-2263] Analyzing SystemVerilog file "/home/frank/TurboVLA-codex-T015-b3761ce/build/hls/e2e/e2e_solution/sim/verilog/turbovla_lite_e2e_p_anonymous_namespace_decode_action_Pipeline_VITIS_LOOP_277_6.v" into library xil_defaultlib
INFO: [VRFC 10-311] analyzing module turbovla_lite_e2e_p_anonymous_namespace_decode_action_Pipeline_VITIS_LOOP_277_6
INFO: [VRFC 10-2263] Analyzing SystemVerilog file "/home/frank/TurboVLA-codex-T015-b3761ce/build/hls/e2e/e2e_solution/sim/verilog/turbovla_lite_e2e_fadd_32ns_32ns_32_8_full_dsp_1.v" into library xil_defaultlib
INFO: [VRFC 10-311] analyzing module turbovla_lite_e2e_fadd_32ns_32ns_32_8_full_dsp_1
INFO: [VRFC 10-2263] Analyzing SystemVerilog file "/home/frank/TurboVLA-codex-T015-b3761ce/build/hls/e2e/e2e_solution/sim/verilog/turbovla_lite_e2e_fsub_32ns_32ns_32_8_full_dsp_0.v" into library xil_defaultlib
INFO: [VRFC 10-311] analyzing module turbovla_lite_e2e_fsub_32ns_32ns_32_8_full_dsp_0
INFO: [VRFC 10-2263] Analyzing SystemVerilog file "/home/frank/TurboVLA-codex-T015-b3761ce/build/hls/e2e/e2e_solution/sim/verilog/turbovla_lite_e2e_p_anonymous_namespace_decode_action_Pipeline_VITIS_LOOP_248_1.v" into library xil_defaultlib
INFO: [VRFC 10-311] analyzing module turbovla_lite_e2e_p_anonymous_namespace_decode_action_Pipeline_VITIS_LOOP_248_1
INFO: [VRFC 10-2263] Analyzing SystemVerilog file "/home/frank/TurboVLA-codex-T015-b3761ce/build/hls/e2e/e2e_solution/sim/verilog/turbovla_lite_e2e_exp_generic_double_s.v" into library xil_defaultlib
INFO: [VRFC 10-311] analyzing module turbovla_lite_e2e_exp_generic_double_s
INFO: [VRFC 10-2263] Analyzing SystemVerilog file "/home/frank/TurboVLA-codex-T015-b3761ce/build/hls/e2e/e2e_solution/sim/verilog/turbovla_lite_e2e_p_anonymous_namespace_encode_visual_pooled_RAM_AUTO_1R1W.v" into library xil_defaultlib
INFO: [VRFC 10-311] analyzing module turbovla_lite_e2e_p_anonymous_namespace_encode_visual_pooled_RAM_AUTO_1R1W
INFO: [VRFC 10-2263] Analyzing SystemVerilog file "/home/frank/TurboVLA-codex-T015-b3761ce/build/hls/e2e/e2e_solution/sim/verilog/turbovla_lite_e2e_p_anonymous_namespace_encode_visual.v" into library xil_defaultlib
INFO: [VRFC 10-311] analyzing module turbovla_lite_e2e_p_anonymous_namespace_encode_visual
INFO: [VRFC 10-2263] Analyzing SystemVerilog file "/home/frank/TurboVLA-codex-T015-b3761ce/build/hls/e2e/e2e_solution/sim/verilog/turbovla_lite_e2e_run_fusion_1_RAM_1WNR_AUTO_1R1W.v" into library xil_defaultlib
INFO: [VRFC 10-311] analyzing module turbovla_lite_e2e_run_fusion_1_RAM_1WNR_AUTO_1R1W
INFO: [VRFC 10-2263] Analyzing SystemVerilog file "/home/frank/TurboVLA-codex-T015-b3761ce/build/hls/e2e/e2e_solution/sim/verilog/turbovla_lite_e2e_sparsemux_9_3_64_1_1.v" into library xil_defaultlib
INFO: [VRFC 10-311] analyzing module turbovla_lite_e2e_sparsemux_9_3_64_1_1
INFO: [VRFC 10-2263] Analyzing SystemVerilog file "/home/frank/TurboVLA-codex-T015-b3761ce/build/hls/e2e/e2e_solution/sim/verilog/turbovla_lite_e2e_p_anonymous_namespace_fuse_layer_language_candidate_RAM_AUTO_1R1W.v" into library xil_defaultlib
INFO: [VRFC 10-311] analyzing module turbovla_lite_e2e_p_anonymous_namespace_fuse_layer_language_candidate_RAM_AUTO_1R1W
INFO: [VRFC 10-2263] Analyzing SystemVerilog file "/home/frank/TurboVLA-codex-T015-b3761ce/build/hls/e2e/e2e_solution/sim/verilog/turbovla_lite_e2e_sitofp_32s_32_6_no_dsp_1.v" into library xil_defaultlib
INFO: [VRFC 10-311] analyzing module turbovla_lite_e2e_sitofp_32s_32_6_no_dsp_1
INFO: [VRFC 10-2263] Analyzing SystemVerilog file "/home/frank/TurboVLA-codex-T015-b3761ce/build/hls/e2e/e2e_solution/sim/verilog/turbovla_lite_e2e_mul_49ns_44ns_93_2_1.v" into library xil_defaultlib
INFO: [VRFC 10-311] analyzing module turbovla_lite_e2e_mul_49ns_44ns_93_2_1
INFO: [VRFC 10-2263] Analyzing SystemVerilog file "/home/frank/TurboVLA-codex-T015-b3761ce/build/hls/e2e/e2e_solution/sim/verilog/turbovla_lite_e2e_p_anonymous_namespace_fuse_layer_language_gate_RAM_AUTO_1R1W.v" into library xil_defaultlib
INFO: [VRFC 10-311] analyzing module turbovla_lite_e2e_p_anonymous_namespace_fuse_layer_language_gate_RAM_AUTO_1R1W
INFO: [VRFC 10-2263] Analyzing SystemVerilog file "/home/frank/TurboVLA-codex-T015-b3761ce/build/hls/e2e/e2e_solution/sim/verilog/turbovla_lite_e2e_p_anonymous_namespace_fuse_layer.v" into library xil_defaultlib
INFO: [VRFC 10-311] analyzing module turbovla_lite_e2e_p_anonymous_namespace_fuse_layer
INFO: [VRFC 10-2263] Analyzing SystemVerilog file "/home/frank/TurboVLA-codex-T015-b3761ce/build/hls/e2e/e2e_solution/sim/verilog/turbovla_lite_e2e_mul_8s_8s_16_1_1.v" into library xil_defaultlib
INFO: [VRFC 10-311] analyzing module turbovla_lite_e2e_mul_8s_8s_16_1_1
INFO: [VRFC 10-2263] Analyzing SystemVerilog file "/home/frank/TurboVLA-codex-T015-b3761ce/build/hls/e2e/e2e_solution/sim/verilog/turbovla_lite_e2e_p_anonymous_namespace_fuse_layer_Pipeline_VITIS_LOOP_210_5.v" into library xil_defaultlib
INFO: [VRFC 10-311] analyzing module turbovla_lite_e2e_p_anonymous_namespace_fuse_layer_Pipeline_VITIS_LOOP_210_5
INFO: [VRFC 10-2263] Analyzing SystemVerilog file "/home/frank/TurboVLA-codex-T015-b3761ce/build/hls/e2e/e2e_solution/sim/verilog/turbovla_lite_e2e_p_anonymous_namespace_fuse_layer_1_Pipeline_1.v" into library xil_defaultlib
INFO: [VRFC 10-311] analyzing module turbovla_lite_e2e_p_anonymous_namespace_fuse_layer_1_Pipeline_1
INFO: [VRFC 10-2263] Analyzing SystemVerilog file "/home/frank/TurboVLA-codex-T015-b3761ce/build/hls/e2e/e2e_solution/sim/verilog/turbovla_lite_e2e_run_Pipeline_VITIS_LOOP_328_2.v" into library xil_defaultlib
INFO: [VRFC 10-311] analyzing module turbovla_lite_e2e_run_Pipeline_VITIS_LOOP_328_2
INFO: [VRFC 10-2263] Analyzing SystemVerilog file "/home/frank/TurboVLA-codex-T015-b3761ce/build/hls/e2e/e2e_solution/sim/verilog/turbovla_lite_e2e_p_anonymous_namespace_decode_action_Pipeline_VITIS_LOOP_291_7.v" into library xil_defaultlib
INFO: [VRFC 10-311] analyzing module turbovla_lite_e2e_p_anonymous_namespace_decode_action_Pipeline_VITIS_LOOP_291_7
INFO: [VRFC 10-2263] Analyzing SystemVerilog file "/home/frank/TurboVLA-codex-T015-b3761ce/build/hls/e2e/e2e_solution/sim/verilog/turbovla_lite_e2e_run_language_RAM_AUTO_1R1W.v" into library xil_defaultlib
INFO: [VRFC 10-311] analyzing module turbovla_lite_e2e_run_language_RAM_AUTO_1R1W
INFO: [VRFC 10-2263] Analyzing SystemVerilog file "/home/frank/TurboVLA-codex-T015-b3761ce/build/hls/e2e/e2e_solution/sim/verilog/turbovla_lite_e2e_p_anonymous_namespace_decode_action_pooled_q_RAM_AUTO_1R1W.v" into library xil_defaultlib
INFO: [VRFC 10-311] analyzing module turbovla_lite_e2e_p_anonymous_namespace_decode_action_pooled_q_RAM_AUTO_1R1W
INFO: [VRFC 10-2263] Analyzing SystemVerilog file "/home/frank/TurboVLA-codex-T015-b3761ce/build/hls/e2e/e2e_solution/sim/verilog/turbovla_lite_e2e_gmem0_m_axi.v" into library xil_defaultlib
INFO: [VRFC 10-311] analyzing module turbovla_lite_e2e_gmem0_m_axi
INFO: [VRFC 10-311] analyzing module turbovla_lite_e2e_gmem0_m_axi_load
INFO: [VRFC 10-311] analyzing module turbovla_lite_e2e_gmem0_m_axi_store
INFO: [VRFC 10-311] analyzing module turbovla_lite_e2e_gmem0_m_axi_read
INFO: [VRFC 10-311] analyzing module turbovla_lite_e2e_gmem0_m_axi_write
INFO: [VRFC 10-311] analyzing module turbovla_lite_e2e_gmem0_m_axi_burst_converter
INFO: [VRFC 10-311] analyzing module turbovla_lite_e2e_gmem0_m_axi_burst_interleave
INFO: [VRFC 10-311] analyzing module turbovla_lite_e2e_gmem0_m_axi_burst_sequential
INFO: [VRFC 10-311] analyzing module turbovla_lite_e2e_gmem0_m_axi_throttle
INFO: [VRFC 10-311] analyzing module turbovla_lite_e2e_gmem0_m_axi_reg_slice
INFO: [VRFC 10-311] analyzing module turbovla_lite_e2e_gmem0_m_axi_fifo
INFO: [VRFC 10-311] analyzing module turbovla_lite_e2e_gmem0_m_axi_srl
INFO: [VRFC 10-311] analyzing module turbovla_lite_e2e_gmem0_m_axi_mem
INFO: [VRFC 10-2263] Analyzing SystemVerilog file "/home/frank/TurboVLA-codex-T015-b3761ce/build/hls/e2e/e2e_solution/sim/verilog/turbovla_lite_e2e_p_anonymous_namespace_encode_visual_Pipeline_VITIS_LOOP_123_1_VITIS_LOOP_124_2_VI.v" into library xil_defaultlib
INFO: [VRFC 10-311] analyzing module turbovla_lite_e2e_p_anonymous_namespace_encode_visual_Pipeline_VITIS_LOOP_123_1_VITIS_LOOP_124_2_VI
INFO: [VRFC 10-2263] Analyzing SystemVerilog file "/home/frank/TurboVLA-codex-T015-b3761ce/build/hls/e2e/e2e_solution/sim/verilog/turbovla_lite_e2e_mac_muladd_16s_15ns_19s_31_4_1.v" into library xil_defaultlib
INFO: [VRFC 10-311] analyzing module turbovla_lite_e2e_mac_muladd_16s_15ns_19s_31_4_1_DSP48_0
INFO: [VRFC 10-311] analyzing module turbovla_lite_e2e_mac_muladd_16s_15ns_19s_31_4_1
INFO: [VRFC 10-2263] Analyzing SystemVerilog file "/home/frank/TurboVLA-codex-T015-b3761ce/build/hls/e2e/e2e_solution/sim/verilog/turbovla_lite_e2e_p_anonymous_namespace_fuse_layer_1.v" into library xil_defaultlib
INFO: [VRFC 10-311] analyzing module turbovla_lite_e2e_p_anonymous_namespace_fuse_layer_1
INFO: [VRFC 10-2263] Analyzing SystemVerilog file "/home/frank/TurboVLA-codex-T015-b3761ce/build/hls/e2e/e2e_solution/sim/verilog/turbovla_lite_e2e_p_anonymous_namespace_encode_visual_Pipeline_VITIS_LOOP_158_8_VITIS_LOOP_159_9.v" into library xil_defaultlib
INFO: [VRFC 10-311] analyzing module turbovla_lite_e2e_p_anonymous_namespace_encode_visual_Pipeline_VITIS_LOOP_158_8_VITIS_LOOP_159_9
INFO: [VRFC 10-2263] Analyzing SystemVerilog file "/home/frank/TurboVLA-codex-T015-b3761ce/build/hls/e2e/e2e_solution/sim/verilog/turbovla_lite_e2e_fcmp_32ns_32ns_1_2_no_dsp_0.v" into library xil_defaultlib
INFO: [VRFC 10-311] analyzing module turbovla_lite_e2e_fcmp_32ns_32ns_1_2_no_dsp_0
INFO: [VRFC 10-2263] Analyzing SystemVerilog file "/home/frank/TurboVLA-codex-T015-b3761ce/build/hls/e2e/e2e_solution/sim/verilog/turbovla_lite_e2e_run_visual_RAM_AUTO_1R1W.v" into library xil_defaultlib
INFO: [VRFC 10-311] analyzing module turbovla_lite_e2e_run_visual_RAM_AUTO_1R1W
INFO: [VRFC 10-2263] Analyzing SystemVerilog file "/home/frank/TurboVLA-codex-T015-b3761ce/build/hls/e2e/e2e_solution/sim/verilog/turbovla_lite_e2e_mul_43ns_36ns_79_2_1.v" into library xil_defaultlib
INFO: [VRFC 10-311] analyzing module turbovla_lite_e2e_mul_43ns_36ns_79_2_1
INFO: [VRFC 10-2263] Analyzing SystemVerilog file "/home/frank/TurboVLA-codex-T015-b3761ce/build/hls/e2e/e2e_solution/sim/verilog/dataflow_monitor.sv" into library xil_defaultlib
INFO: [VRFC 10-311] analyzing module dataflow_monitor
INFO: [VRFC 10-2263] Analyzing SystemVerilog file "/home/frank/TurboVLA-codex-T015-b3761ce/build/hls/e2e/e2e_solution/sim/verilog/file_agent/file_agent_pkg.sv" into library xil_defaultlib
INFO: [VRFC 10-2263] Analyzing SystemVerilog file "/home/frank/TurboVLA-codex-T015-b3761ce/build/hls/e2e/e2e_solution/sim/verilog/axivip/axi_pkg.sv" into library xil_defaultlib
INFO: [VRFC 10-2263] Analyzing SystemVerilog file "/home/frank/TurboVLA-codex-T015-b3761ce/build/hls/e2e/e2e_solution/sim/verilog/axivip/axi_if.sv" into library xil_defaultlib
INFO: [VRFC 10-2263] Analyzing SystemVerilog file "/home/frank/TurboVLA-codex-T015-b3761ce/build/hls/e2e/e2e_solution/sim/verilog/turbovla_lite_e2e_subsystem/turbovla_lite_e2e_subsystem_pkg.sv" into library xil_defaultlib
INFO: [VRFC 10-2263] Analyzing SystemVerilog file "/home/frank/TurboVLA-codex-T015-b3761ce/build/hls/e2e/e2e_solution/sim/verilog/svtb/misc_interface.sv" into library xil_defaultlib
INFO: [VRFC 10-2263] Analyzing SystemVerilog file "/home/frank/TurboVLA-codex-T015-b3761ce/build/hls/e2e/e2e_solution/sim/verilog/svtb/sv_module_top.sv" into library xil_defaultlib
INFO: [VRFC 10-311] analyzing module sv_module_top
INFO: [VRFC 10-163] Analyzing VHDL file "/home/frank/TurboVLA-codex-T015-b3761ce/build/hls/e2e/e2e_solution/sim/verilog/ip/xil_defaultlib/turbovla_lite_e2e_fadd_32ns_32ns_32_8_full_dsp_1_ip.vhd" into library xil_defaultlib
INFO: [VRFC 10-3107] analyzing entity 'turbovla_lite_e2e_fadd_32ns_32ns_32_8_full_dsp_1_ip'
INFO: [VRFC 10-163] Analyzing VHDL file "/home/frank/TurboVLA-codex-T015-b3761ce/build/hls/e2e/e2e_solution/sim/verilog/ip/xil_defaultlib/turbovla_lite_e2e_fdiv_32ns_32ns_32_16_no_dsp_0_ip.vhd" into library xil_defaultlib
INFO: [VRFC 10-3107] analyzing entity 'turbovla_lite_e2e_fdiv_32ns_32ns_32_16_no_dsp_0_ip'
INFO: [VRFC 10-163] Analyzing VHDL file "/home/frank/TurboVLA-codex-T015-b3761ce/build/hls/e2e/e2e_solution/sim/verilog/ip/xil_defaultlib/turbovla_lite_e2e_dadd_64ns_64ns_64_9_full_dsp_0_ip.vhd" into library xil_defaultlib
INFO: [VRFC 10-3107] analyzing entity 'turbovla_lite_e2e_dadd_64ns_64ns_64_9_full_dsp_0_ip'
INFO: [VRFC 10-163] Analyzing VHDL file "/home/frank/TurboVLA-codex-T015-b3761ce/build/hls/e2e/e2e_solution/sim/verilog/ip/xil_defaultlib/turbovla_lite_e2e_fexp_32ns_32ns_32_13_full_dsp_1_ip.vhd" into library xil_defaultlib
INFO: [VRFC 10-3107] analyzing entity 'turbovla_lite_e2e_fexp_32ns_32ns_32_13_full_dsp_1_ip'
INFO: [VRFC 10-163] Analyzing VHDL file "/home/frank/TurboVLA-codex-T015-b3761ce/build/hls/e2e/e2e_solution/sim/verilog/ip/xil_defaultlib/turbovla_lite_e2e_faddfsub_32ns_32ns_32_8_full_dsp_1_ip.vhd" into library xil_defaultlib
INFO: [VRFC 10-3107] analyzing entity 'turbovla_lite_e2e_faddfsub_32ns_32ns_32_8_full_dsp_1_ip'
INFO: [VRFC 10-163] Analyzing VHDL file "/home/frank/TurboVLA-codex-T015-b3761ce/build/hls/e2e/e2e_solution/sim/verilog/ip/xil_defaultlib/turbovla_lite_e2e_sitofp_32ns_32_6_no_dsp_1_ip.vhd" into library xil_defaultlib
INFO: [VRFC 10-3107] analyzing entity 'turbovla_lite_e2e_sitofp_32ns_32_6_no_dsp_1_ip'
INFO: [VRFC 10-163] Analyzing VHDL file "/home/frank/TurboVLA-codex-T015-b3761ce/build/hls/e2e/e2e_solution/sim/verilog/ip/xil_defaultlib/turbovla_lite_e2e_fpext_32ns_64_2_no_dsp_0_ip.vhd" into library xil_defaultlib
INFO: [VRFC 10-3107] analyzing entity 'turbovla_lite_e2e_fpext_32ns_64_2_no_dsp_0_ip'
INFO: [VRFC 10-163] Analyzing VHDL file "/home/frank/TurboVLA-codex-T015-b3761ce/build/hls/e2e/e2e_solution/sim/verilog/ip/xil_defaultlib/turbovla_lite_e2e_fmul_32ns_32ns_32_5_max_dsp_1_ip.vhd" into library xil_defaultlib
INFO: [VRFC 10-3107] analyzing entity 'turbovla_lite_e2e_fmul_32ns_32ns_32_5_max_dsp_1_ip'
INFO: [VRFC 10-163] Analyzing VHDL file "/home/frank/TurboVLA-codex-T015-b3761ce/build/hls/e2e/e2e_solution/sim/verilog/ip/xil_defaultlib/turbovla_lite_e2e_fcmp_32ns_32ns_1_2_no_dsp_0_ip.vhd" into library xil_defaultlib
INFO: [VRFC 10-3107] analyzing entity 'turbovla_lite_e2e_fcmp_32ns_32ns_1_2_no_dsp_0_ip'
INFO: [VRFC 10-163] Analyzing VHDL file "/home/frank/TurboVLA-codex-T015-b3761ce/build/hls/e2e/e2e_solution/sim/verilog/ip/xil_defaultlib/turbovla_lite_e2e_fptrunc_64ns_32_2_no_dsp_0_ip.vhd" into library xil_defaultlib
INFO: [VRFC 10-3107] analyzing entity 'turbovla_lite_e2e_fptrunc_64ns_32_2_no_dsp_0_ip'
INFO: [VRFC 10-163] Analyzing VHDL file "/home/frank/TurboVLA-codex-T015-b3761ce/build/hls/e2e/e2e_solution/sim/verilog/ip/xil_defaultlib/turbovla_lite_e2e_sitofp_32s_32_6_no_dsp_1_ip.vhd" into library xil_defaultlib
INFO: [VRFC 10-3107] analyzing entity 'turbovla_lite_e2e_sitofp_32s_32_6_no_dsp_1_ip'
INFO: [VRFC 10-163] Analyzing VHDL file "/home/frank/TurboVLA-codex-T015-b3761ce/build/hls/e2e/e2e_solution/sim/verilog/ip/xil_defaultlib/turbovla_lite_e2e_uitofp_32ns_32_6_no_dsp_1_ip.vhd" into library xil_defaultlib
INFO: [VRFC 10-3107] analyzing entity 'turbovla_lite_e2e_uitofp_32ns_32_6_no_dsp_1_ip'
INFO: [VRFC 10-163] Analyzing VHDL file "/home/frank/TurboVLA-codex-T015-b3761ce/build/hls/e2e/e2e_solution/sim/verilog/ip/xil_defaultlib/turbovla_lite_e2e_fsub_32ns_32ns_32_8_full_dsp_0_ip.vhd" into library xil_defaultlib
INFO: [VRFC 10-3107] analyzing entity 'turbovla_lite_e2e_fsub_32ns_32ns_32_8_full_dsp_0_ip'
Starting static elaboration
Pass Through NonSizing Optimizer
Completed static elaboration
Starting simulation data flow analysis
WARNING: [XSIM 43-4099] "/proj/primebuilds/9999.0_PRIME_0428_0031/installs/data/system_verilog/uvm_1.2/xlnx_uvm_package.sv" Line 4356. Module uvm_pkg doesn't have a timescale but at least one module in design has a timescale.
WARNING: [XSIM 43-4099] "/proj/primebuilds/9999.0_PRIME_0428_0031/installs/data/system_verilog/uvm_1.2/xlnx_uvm_package.sv" Line 4356. Module uvm_pkg doesn't have a timescale but at least one module in design has a timescale.
WARNING: [XSIM 43-4468] File : /proj/primebuilds/9999.0_PRIME_0428_0031/installs/data/system_verilog/uvm_1.2/xlnx_uvm_package.sv, Line : 25994, RANDC variable size more than 8 bits. This will be treated as a RAND variable instead.
Completed simulation data flow analysis
Time Resolution for simulation is 1ps
Compiling package std.standard
Compiling package std.textio
Compiling package ieee.std_logic_1164
Compiling package ieee.numeric_std
Compiling package floating_point_v7_1_20.floating_point_v7_1_20_viv_comp
Compiling package xbip_utils_v3_0_14.xbip_utils_v3_0_14_pkg
Compiling package axi_utils_v2_0_10.axi_utils_v2_0_10_pkg
Compiling package floating_point_v7_1_20.floating_point_v7_1_20_consts
Compiling package ieee.math_real
Compiling package floating_point_v7_1_20.floating_point_v7_1_20_exp_table...
Compiling package mult_gen_v12_0_23.mult_gen_v12_0_23_pkg
Compiling package ieee.std_logic_arith
Compiling package ieee.std_logic_signed
Compiling package floating_point_v7_1_20.floating_point_v7_1_20_pkg
Compiling package floating_point_v7_1_20.flt_utils
Compiling package unisim.vcomponents
Compiling package xbip_pipe_v3_0_10.xbip_pipe_v3_0_10_viv_comp
Compiling package floating_point_v7_1_20.vt2mutils
Compiling package floating_point_v7_1_20.vt2mcomps
Compiling package ieee.vital_timing
Compiling package ieee.vital_primitives
Compiling package unisim.vpkg
Compiling package xil_defaultlib.$unit_sv_module_top_sv
Compiling package uvm.uvm_pkg
Compiling package std.std
Compiling package xil_defaultlib.axi_pkg
Compiling package xil_defaultlib.turbovla_lite_e2e_subsystem_pkg
Compiling package xil_defaultlib.file_agent_pkg
Compiling package xil_defaultlib.$unit_dataflow_monitor_sv
Compiling module xil_defaultlib.turbovla_lite_e2e_p_anonymous_na...
Compiling module xil_defaultlib.turbovla_lite_e2e_p_anonymous_na...
Compiling module xil_defaultlib.turbovla_lite_e2e_run_visual_RAM...
Compiling module xil_defaultlib.turbovla_lite_e2e_run_language_R...
Compiling module xil_defaultlib.turbovla_lite_e2e_run_fusion_1_R...
Compiling module xil_defaultlib.turbovla_lite_e2e_run_action_RAM...
Compiling module xil_defaultlib.turbovla_lite_e2e_p_anonymous_na...
Compiling module xil_defaultlib.turbovla_lite_e2e_flow_control_l...
Compiling module xil_defaultlib.turbovla_lite_e2e_p_anonymous_na...
Compiling architecture synth of entity xbip_pipe_v3_0_10.xbip_pipe_v3_0_10_viv [\xbip_pipe_v3_0_10_viv(c_has_ce=...]
Compiling architecture rtl of entity floating_point_v7_1_20.delay [\delay(width=23,length=0)\]
Compiling architecture muxcy_v of entity unisim.MUXCY [muxcy_default]
Compiling architecture xorcy_v of entity unisim.XORCY [xorcy_default]
Compiling architecture synth of entity xbip_pipe_v3_0_10.xbip_pipe_v3_0_10_viv [\xbip_pipe_v3_0_10_viv(c_has_ce=...]
Compiling architecture rtl of entity floating_point_v7_1_20.delay [\delay(width=25,length=0,fast_in...]
Compiling architecture struct of entity floating_point_v7_1_20.carry_chain [\carry_chain(c_xdevicefamily="zy...]
Compiling architecture synth of entity floating_point_v7_1_20.flt_div_mant_addsub [\flt_div_mant_addsub(c_xdevicefa...]
Compiling architecture synth of entity xbip_pipe_v3_0_10.xbip_pipe_v3_0_10_viv [\xbip_pipe_v3_0_10_viv(c_has_ce=...]
Compiling architecture rtl of entity floating_point_v7_1_20.delay [\delay(width=26,length=0)\]
Compiling architecture synth of entity xbip_pipe_v3_0_10.xbip_pipe_v3_0_10_viv [\xbip_pipe_v3_0_10_viv(c_has_ce=...]
Compiling architecture rtl of entity floating_point_v7_1_20.delay [\delay(length=0)\]
Compiling architecture synth of entity xbip_pipe_v3_0_10.xbip_pipe_v3_0_10_viv [\xbip_pipe_v3_0_10_viv(c_latency...]
Compiling architecture rtl of entity floating_point_v7_1_20.delay [\delay(width=23)\]
Compiling architecture synth of entity xbip_pipe_v3_0_10.xbip_pipe_v3_0_10_viv [\xbip_pipe_v3_0_10_viv(c_has_ce=...]
Compiling architecture rtl of entity floating_point_v7_1_20.delay [\delay(width=24,length=0)\]
Compiling architecture synth of entity xbip_pipe_v3_0_10.xbip_pipe_v3_0_10_viv [\xbip_pipe_v3_0_10_viv(c_latency...]
Compiling architecture rtl of entity floating_point_v7_1_20.delay [\delay(width=25,fast_input=true)...]
Compiling architecture struct of entity floating_point_v7_1_20.carry_chain [\carry_chain(c_xdevicefamily="zy...]
Compiling architecture synth of entity floating_point_v7_1_20.flt_div_mant_addsub [\flt_div_mant_addsub(c_xdevicefa...]
Compiling architecture synth of entity xbip_pipe_v3_0_10.xbip_pipe_v3_0_10_viv [\xbip_pipe_v3_0_10_viv(c_latency...]
Compiling architecture rtl of entity floating_point_v7_1_20.delay [\delay(width=26)\]
Compiling architecture synth of entity xbip_pipe_v3_0_10.xbip_pipe_v3_0_10_viv [\xbip_pipe_v3_0_10_viv(c_latency...]
Compiling architecture rtl of entity floating_point_v7_1_20.delay [delay_default]
Compiling architecture virtex of entity floating_point_v7_1_20.flt_div_mant [\flt_div_mant(c_xdevicefamily="z...]
Compiling architecture synth of entity xbip_pipe_v3_0_10.xbip_pipe_v3_0_10_viv [\xbip_pipe_v3_0_10_viv(c_latency...]
Compiling architecture rtl of entity floating_point_v7_1_20.delay [\delay(width=10,fast_input=true)...]
Compiling architecture synth of entity xbip_pipe_v3_0_10.xbip_pipe_v3_0_10_viv [\xbip_pipe_v3_0_10_viv(c_has_ce=...]
Compiling architecture rtl of entity floating_point_v7_1_20.delay [\delay(length=0,fast_input=true)...]
Compiling architecture rtl of entity floating_point_v7_1_20.special_detect [\special_detect(c_xdevicefamily=...]
Compiling architecture synth of entity xbip_pipe_v3_0_10.xbip_pipe_v3_0_10_viv [\xbip_pipe_v3_0_10_viv(c_latency...]
Compiling architecture rtl of entity floating_point_v7_1_20.delay [\delay(length=13,fast_input=true...]
Compiling architecture synth of entity xbip_pipe_v3_0_10.xbip_pipe_v3_0_10_viv [\xbip_pipe_v3_0_10_viv(c_latency...]
Compiling architecture rtl of entity floating_point_v7_1_20.delay [\delay(width=2,fast_input=true)\]
Compiling architecture synth of entity xbip_pipe_v3_0_10.xbip_pipe_v3_0_10_viv [\xbip_pipe_v3_0_10_viv(c_latency...]
Compiling architecture rtl of entity floating_point_v7_1_20.delay [\delay(fast_input=true)\]
Compiling architecture synth of entity xbip_pipe_v3_0_10.xbip_pipe_v3_0_10_viv [\xbip_pipe_v3_0_10_viv(c_has_ce=...]
Compiling architecture rtl of entity floating_point_v7_1_20.delay [\delay(width=4,length=0,fast_inp...]
Compiling architecture synth of entity xbip_pipe_v3_0_10.xbip_pipe_v3_0_10_viv [\xbip_pipe_v3_0_10_viv(c_latency...]
Compiling architecture rtl of entity floating_point_v7_1_20.delay [\delay(width=8,length=12)\]
Compiling architecture synth of entity xbip_pipe_v3_0_10.xbip_pipe_v3_0_10_viv [\xbip_pipe_v3_0_10_viv(c_latency...]
Compiling architecture rtl of entity floating_point_v7_1_20.delay [\delay(length=12,fast_input=true...]
Compiling architecture synth of entity xbip_pipe_v3_0_10.xbip_pipe_v3_0_10_viv [\xbip_pipe_v3_0_10_viv(c_latency...]
Compiling architecture rtl of entity floating_point_v7_1_20.delay [\delay(width=3,length=12,fast_in...]
Compiling architecture synth of entity xbip_pipe_v3_0_10.xbip_pipe_v3_0_10_viv [\xbip_pipe_v3_0_10_viv(c_latency...]
Compiling architecture rtl of entity floating_point_v7_1_20.delay [\delay(width=4,length=12,fast_in...]
Compiling architecture synth of entity xbip_pipe_v3_0_10.xbip_pipe_v3_0_10_viv [\xbip_pipe_v3_0_10_viv(c_has_ce=...]
Compiling architecture rtl of entity floating_point_v7_1_20.delay [\delay(width=14,length=0)\]
Compiling architecture rtl of entity floating_point_v7_1_20.flt_div_exp [\flt_div_exp(c_xdevicefamily="no...]
Compiling architecture synth of entity xbip_pipe_v3_0_10.xbip_pipe_v3_0_10_viv [\xbip_pipe_v3_0_10_viv(c_has_ce=...]
Compiling architecture rtl of entity floating_point_v7_1_20.delay [\delay(width=8,length=0)\]
Compiling architecture synth of entity xbip_pipe_v3_0_10.xbip_pipe_v3_0_10_viv [\xbip_pipe_v3_0_10_viv(c_has_ce=...]
Compiling architecture rtl of entity floating_point_v7_1_20.delay [\delay(width=12,length=0,fast_in...]
Compiling architecture struct of entity floating_point_v7_1_20.carry_chain [\carry_chain(c_xdevicefamily="zy...]
Compiling architecture struct of entity floating_point_v7_1_20.carry_chain [\carry_chain(c_xdevicefamily="zy...]
Compiling architecture synth of entity xbip_pipe_v3_0_10.xbip_pipe_v3_0_10_viv [\xbip_pipe_v3_0_10_viv(c_has_ce=...]
Compiling architecture rtl of entity floating_point_v7_1_20.delay [\delay(width=3,length=0)\]
Compiling architecture synth of entity xbip_pipe_v3_0_10.xbip_pipe_v3_0_10_viv [\xbip_pipe_v3_0_10_viv(c_has_ce=...]
Compiling architecture rtl of entity floating_point_v7_1_20.delay [\delay(width=2,length=0)\]
Compiling architecture synth of entity xbip_pipe_v3_0_10.xbip_pipe_v3_0_10_viv [\xbip_pipe_v3_0_10_viv(c_has_ce=...]
Compiling architecture rtl of entity floating_point_v7_1_20.delay [\delay(width=2,length=0,fast_inp...]
Compiling architecture struct of entity floating_point_v7_1_20.carry_chain [\carry_chain(c_xdevicefamily="zy...]
Compiling architecture rtl of entity floating_point_v7_1_20.flt_round_bit [\flt_round_bit(c_xdevicefamily="...]
Compiling architecture rtl of entity floating_point_v7_1_20.renorm_and_round_logic [\renorm_and_round_logic(c_xdevic...]
Compiling architecture synth of entity floating_point_v7_1_20.flt_dec_op_lat [\flt_dec_op_lat(c_xdevicefamily=...]
Compiling architecture virtex of entity floating_point_v7_1_20.flt_div [\flt_div(c_xdevicefamily="zynqup...]
Compiling architecture synth of entity xbip_pipe_v3_0_10.xbip_pipe_v3_0_10_viv [\xbip_pipe_v3_0_10_viv(c_latency...]
Compiling architecture synth of entity xbip_pipe_v3_0_10.xbip_pipe_v3_0_10_viv [\xbip_pipe_v3_0_10_viv(c_has_ce=...]
Compiling architecture rtl of entity floating_point_v7_1_20.delay [\delay(width=32,length=0)\]
Compiling architecture xilinx of entity floating_point_v7_1_20.floating_point_v7_1_20_viv [\floating_point_v7_1_20_viv(c_xd...]
Compiling architecture xilinx of entity floating_point_v7_1_20.floating_point_v7_1_20 [\floating_point_v7_1_20(c_xdevic...]
Compiling architecture turbovla_lite_e2e_fdiv_32ns_32ns_32_16_no_dsp_0_ip_arch of entity xil_defaultlib.turbovla_lite_e2e_fdiv_32ns_32ns_32_16_no_dsp_0_ip [turbovla_lite_e2e_fdiv_32ns_32ns...]
Compiling module xil_defaultlib.turbovla_lite_e2e_fdiv_32ns_32ns...
Compiling architecture synth of entity floating_point_v7_1_20.compare_eq_im [\compare_eq_im(c_xdevicefamily="...]
Compiling architecture synth of entity xbip_pipe_v3_0_10.xbip_pipe_v3_0_10_viv [\xbip_pipe_v3_0_10_viv(c_has_ce=...]
Compiling architecture rtl of entity floating_point_v7_1_20.delay [\delay(width=4,length=0)\]
Compiling architecture struct of entity floating_point_v7_1_20.carry_chain [\carry_chain(c_xdevicefamily="zy...]
Compiling architecture synth of entity floating_point_v7_1_20.compare_ne_im [\compare_ne_im(c_xdevicefamily="...]
Compiling architecture struct of entity floating_point_v7_1_20.carry_chain [\carry_chain(c_xdevicefamily="zy...]
Compiling architecture synth of entity floating_point_v7_1_20.compare_eq_im [\compare_eq_im(c_xdevicefamily="...]
Compiling architecture synth of entity xbip_pipe_v3_0_10.xbip_pipe_v3_0_10_viv [\xbip_pipe_v3_0_10_viv(c_has_ce=...]
Compiling architecture rtl of entity floating_point_v7_1_20.delay [\delay(width=11,length=0)\]
Compiling architecture struct of entity floating_point_v7_1_20.carry_chain [\carry_chain(c_xdevicefamily="zy...]
Compiling architecture synth of entity floating_point_v7_1_20.compare_eq [\compare_eq(c_xdevicefamily="zyn...]
Compiling architecture synth of entity xbip_pipe_v3_0_10.xbip_pipe_v3_0_10_viv [\xbip_pipe_v3_0_10_viv(c_has_ce=...]
Compiling architecture rtl of entity floating_point_v7_1_20.delay [\delay(width=16,length=0)\]
Compiling architecture struct of entity floating_point_v7_1_20.carry_chain [\carry_chain(c_xdevicefamily="zy...]
Compiling architecture synth of entity floating_point_v7_1_20.compare_gt [\compare_gt(c_xdevicefamily="zyn...]
Compiling architecture rtl of entity floating_point_v7_1_20.fp_cmp [\fp_cmp(c_xdevicefamily="zynqupl...]
Compiling architecture xilinx of entity floating_point_v7_1_20.floating_point_v7_1_20_viv [\floating_point_v7_1_20_viv(c_xd...]
Compiling architecture xilinx of entity floating_point_v7_1_20.floating_point_v7_1_20 [\floating_point_v7_1_20(c_xdevic...]
Compiling architecture turbovla_lite_e2e_fcmp_32ns_32ns_1_2_no_dsp_0_ip_arch of entity xil_defaultlib.turbovla_lite_e2e_fcmp_32ns_32ns_1_2_no_dsp_0_ip [turbovla_lite_e2e_fcmp_32ns_32ns...]
Compiling module xil_defaultlib.turbovla_lite_e2e_fcmp_32ns_32ns...
Compiling module xil_defaultlib.turbovla_lite_e2e_sparsemux_7_2_...
Compiling module xil_defaultlib.turbovla_lite_e2e_p_anonymous_na...
Compiling architecture rtl of entity floating_point_v7_1_20.norm_zero_det [\norm_zero_det(data_width=7,norm...]
Compiling architecture synth of entity xbip_pipe_v3_0_10.xbip_pipe_v3_0_10_viv [\xbip_pipe_v3_0_10_viv(c_latency...]
Compiling architecture rtl of entity floating_point_v7_1_20.delay [\delay(width=4,fast_input=true)\]
Compiling architecture rtl of entity floating_point_v7_1_20.mux4 [\mux4(c_xdevicefamily="zynquplus...]
Compiling architecture synth of entity xbip_pipe_v3_0_10.xbip_pipe_v3_0_10_viv [\xbip_pipe_v3_0_10_viv(c_latency...]
Compiling architecture rtl of entity floating_point_v7_1_20.delay [\delay(width=2,length=2)\]
Compiling architecture rtl of entity floating_point_v7_1_20.mux4 [\mux4(c_xdevicefamily="zynquplus...]
Compiling architecture synth of entity xbip_pipe_v3_0_10.xbip_pipe_v3_0_10_viv [\xbip_pipe_v3_0_10_viv(c_latency...]
Compiling architecture rtl of entity floating_point_v7_1_20.delay [\delay(width=2)\]
Compiling architecture synth of entity xbip_pipe_v3_0_10.xbip_pipe_v3_0_10_viv [\xbip_pipe_v3_0_10_viv(c_has_ce=...]
Compiling architecture rtl of entity floating_point_v7_1_20.delay [\delay(width=8,length=0,fast_inp...]
Compiling architecture struct of entity floating_point_v7_1_20.carry_chain [\carry_chain(c_xdevicefamily="zy...]
Compiling architecture rtl of entity floating_point_v7_1_20.lead_zero_encode [\lead_zero_encode(c_xdevicefamil...]
Compiling architecture synth of entity xbip_pipe_v3_0_10.xbip_pipe_v3_0_10_viv [\xbip_pipe_v3_0_10_viv(c_latency...]
Compiling architecture rtl of entity floating_point_v7_1_20.delay [\delay(width=32)\]
Compiling architecture rtl of entity floating_point_v7_1_20.shift_msb_first [\shift_msb_first(a_width=32,resu...]
Compiling architecture synth of entity xbip_pipe_v3_0_10.xbip_pipe_v3_0_10_viv [\xbip_pipe_v3_0_10_viv(c_latency...]
Compiling architecture rtl of entity floating_point_v7_1_20.delay [\delay(width=8)\]
Compiling architecture synth of entity xbip_pipe_v3_0_10.xbip_pipe_v3_0_10_viv [\xbip_pipe_v3_0_10_viv(c_latency...]
Compiling architecture rtl of entity floating_point_v7_1_20.delay [\delay(width=12)\]
Compiling architecture struct of entity floating_point_v7_1_20.carry_chain [\carry_chain(c_xdevicefamily="zy...]
Compiling architecture synth of entity xbip_pipe_v3_0_10.xbip_pipe_v3_0_10_viv [\xbip_pipe_v3_0_10_viv(c_latency...]
Compiling architecture rtl of entity floating_point_v7_1_20.delay [\delay(width=11)\]
Compiling architecture struct of entity floating_point_v7_1_20.carry_chain [\carry_chain(c_xdevicefamily="zy...]
Compiling architecture synth of entity xbip_pipe_v3_0_10.xbip_pipe_v3_0_10_viv [\xbip_pipe_v3_0_10_viv(c_has_ce=...]
Compiling architecture rtl of entity floating_point_v7_1_20.delay [\delay(width=25,length=0)\]
Compiling architecture rtl of entity floating_point_v7_1_20.flt_round_bit [\flt_round_bit(c_xdevicefamily="...]
Compiling architecture rtl of entity floating_point_v7_1_20.renorm_and_round_logic [\renorm_and_round_logic(c_xdevic...]
Compiling architecture synth of entity xbip_pipe_v3_0_10.xbip_pipe_v3_0_10_viv [\xbip_pipe_v3_0_10_viv(c_latency...]
Compiling architecture rtl of entity floating_point_v7_1_20.delay [\delay(length=2)\]
Compiling architecture synth of entity floating_point_v7_1_20.fix_to_flt_conv_exp [\fix_to_flt_conv_exp(c_xdevicefa...]
Compiling architecture synth of entity floating_point_v7_1_20.flt_dec_op [\flt_dec_op(c_xdevicefamily="zyn...]
Compiling architecture struct of entity floating_point_v7_1_20.fix_to_flt_conv [\fix_to_flt_conv(c_xdevicefamily...]
Compiling architecture synth of entity xbip_pipe_v3_0_10.xbip_pipe_v3_0_10_viv [\xbip_pipe_v3_0_10_viv(c_latency...]
Compiling architecture xilinx of entity floating_point_v7_1_20.floating_point_v7_1_20_viv [\floating_point_v7_1_20_viv(c_xd...]
Compiling architecture xilinx of entity floating_point_v7_1_20.floating_point_v7_1_20 [\floating_point_v7_1_20(c_xdevic...]
Compiling architecture turbovla_lite_e2e_uitofp_32ns_32_6_no_dsp_1_ip_arch of entity xil_defaultlib.turbovla_lite_e2e_uitofp_32ns_32_6_no_dsp_1_ip [turbovla_lite_e2e_uitofp_32ns_32...]
Compiling module xil_defaultlib.turbovla_lite_e2e_uitofp_32ns_32...
Compiling architecture synth of entity xbip_pipe_v3_0_10.xbip_pipe_v3_0_10_viv [\xbip_pipe_v3_0_10_viv(c_has_ce=...]
Compiling architecture rtl of entity floating_point_v7_1_20.delay [\delay(width=31,length=0)\]
Compiling architecture struct of entity floating_point_v7_1_20.carry_chain [\carry_chain(c_xdevicefamily="zy...]
Compiling architecture synth of entity xbip_pipe_v3_0_10.xbip_pipe_v3_0_10_viv [\xbip_pipe_v3_0_10_viv(c_latency...]
Compiling architecture rtl of entity floating_point_v7_1_20.delay [\delay(width=4)\]
Compiling architecture rtl of entity floating_point_v7_1_20.norm_zero_det [\norm_zero_det(data_width=7,norm...]
Compiling architecture rtl of entity floating_point_v7_1_20.mux4 [\mux4(c_xdevicefamily="zynquplus...]
Compiling architecture fdre_v of entity unisim.FDRE [fdre_default]
Compiling architecture fde_v of entity unisim.FDE [fde_default]
Compiling architecture struct of entity floating_point_v7_1_20.carry_chain [\carry_chain(c_xdevicefamily="zy...]
Compiling architecture rtl of entity floating_point_v7_1_20.lead_zero_encode [\lead_zero_encode(c_xdevicefamil...]
Compiling architecture rtl of entity floating_point_v7_1_20.shift_msb_first [\shift_msb_first(a_width=32,resu...]
Compiling architecture synth of entity xbip_pipe_v3_0_10.xbip_pipe_v3_0_10_viv [\xbip_pipe_v3_0_10_viv(c_has_ce=...]
Compiling architecture rtl of entity floating_point_v7_1_20.delay [\delay(width=12,length=0)\]
Compiling architecture struct of entity floating_point_v7_1_20.carry_chain [\carry_chain(c_xdevicefamily="zy...]
Compiling architecture struct of entity floating_point_v7_1_20.carry_chain [\carry_chain(c_xdevicefamily="zy...]
Compiling architecture rtl of entity floating_point_v7_1_20.renorm_and_round_logic [\renorm_and_round_logic(c_xdevic...]
Compiling architecture synth of entity xbip_pipe_v3_0_10.xbip_pipe_v3_0_10_viv [\xbip_pipe_v3_0_10_viv(c_latency...]
Compiling architecture rtl of entity floating_point_v7_1_20.delay [\delay(length=3)\]
Compiling architecture synth of entity floating_point_v7_1_20.fix_to_flt_conv_exp [\fix_to_flt_conv_exp(c_xdevicefa...]
Compiling architecture struct of entity floating_point_v7_1_20.fix_to_flt_conv [\fix_to_flt_conv(c_xdevicefamily...]
Compiling architecture xilinx of entity floating_point_v7_1_20.floating_point_v7_1_20_viv [\floating_point_v7_1_20_viv(c_xd...]
Compiling architecture xilinx of entity floating_point_v7_1_20.floating_point_v7_1_20 [\floating_point_v7_1_20(c_xdevic...]
Compiling architecture turbovla_lite_e2e_sitofp_32s_32_6_no_dsp_1_ip_arch of entity xil_defaultlib.turbovla_lite_e2e_sitofp_32s_32_6_no_dsp_1_ip [turbovla_lite_e2e_sitofp_32s_32_...]
Compiling module xil_defaultlib.turbovla_lite_e2e_sitofp_32s_32_...
Compiling module xil_defaultlib.turbovla_lite_e2e_mul_8s_8s_16_1...
Compiling module xil_defaultlib.turbovla_lite_e2e_mac_muladd_8s_...
Compiling module xil_defaultlib.turbovla_lite_e2e_mac_muladd_8s_...
Compiling module xil_defaultlib.turbovla_lite_e2e_mac_muladd_8s_...
Compiling module xil_defaultlib.turbovla_lite_e2e_mac_muladd_8s_...
Compiling module xil_defaultlib.turbovla_lite_e2e_p_anonymous_na...
Compiling module xil_defaultlib.turbovla_lite_e2e_p_anonymous_na...
Compiling module xil_defaultlib.turbovla_lite_e2e_p_anonymous_na...
Compiling module xil_defaultlib.turbovla_lite_e2e_run_Pipeline_V...
Compiling module xil_defaultlib.turbovla_lite_e2e_p_anonymous_na...
Compiling module xil_defaultlib.turbovla_lite_e2e_p_anonymous_na...
Compiling module xil_defaultlib.turbovla_lite_e2e_p_anonymous_na...
Compiling module xil_defaultlib.turbovla_lite_e2e_p_anonymous_na...
Compiling module xil_defaultlib.turbovla_lite_e2e_mac_muladd_8s_...
Compiling module xil_defaultlib.turbovla_lite_e2e_mac_muladd_8s_...
Compiling module xil_defaultlib.turbovla_lite_e2e_p_anonymous_na...
Compiling module xil_defaultlib.turbovla_lite_e2e_mac_muladd_8s_...
Compiling module xil_defaultlib.turbovla_lite_e2e_mac_muladd_8s_...
Compiling module xil_defaultlib.turbovla_lite_e2e_p_anonymous_na...
Compiling module xil_defaultlib.turbovla_lite_e2e_p_anonymous_na...
Compiling module xil_defaultlib.turbovla_lite_e2e_p_anonymous_na...
Compiling module xil_defaultlib.turbovla_lite_e2e_p_anonymous_na...
Compiling module xil_defaultlib.turbovla_lite_e2e_p_anonymous_na...
Compiling module xil_defaultlib.turbovla_lite_e2e_p_anonymous_na...
Compiling module xil_defaultlib.turbovla_lite_e2e_p_anonymous_na...
Compiling module xil_defaultlib.turbovla_lite_e2e_p_anonymous_na...
Compiling module xil_defaultlib.turbovla_lite_e2e_p_anonymous_na...
Compiling module xil_defaultlib.turbovla_lite_e2e_p_anonymous_na...
Compiling module xil_defaultlib.turbovla_lite_e2e_p_anonymous_na...
Compiling module xil_defaultlib.turbovla_lite_e2e_p_anonymous_na...
Compiling module xil_defaultlib.turbovla_lite_e2e_p_anonymous_na...
Compiling module xil_defaultlib.turbovla_lite_e2e_p_anonymous_na...
Compiling module xil_defaultlib.turbovla_lite_e2e_p_anonymous_na...
Compiling module xil_defaultlib.turbovla_lite_e2e_run_Pipeline_V...
Compiling module xil_defaultlib.turbovla_lite_e2e_exp_generic_do...
Compiling module xil_defaultlib.turbovla_lite_e2e_exp_generic_do...
Compiling module xil_defaultlib.turbovla_lite_e2e_exp_generic_do...
Compiling module xil_defaultlib.turbovla_lite_e2e_mul_13s_71s_71...
Compiling module xil_defaultlib.turbovla_lite_e2e_mul_43ns_36ns_...
Compiling module xil_defaultlib.turbovla_lite_e2e_mul_49ns_44ns_...
Compiling module xil_defaultlib.turbovla_lite_e2e_mul_50ns_50ns_...
Compiling module xil_defaultlib.turbovla_lite_e2e_sparsemux_9_3_...
Compiling module xil_defaultlib.turbovla_lite_e2e_mac_muladd_16s...
Compiling module xil_defaultlib.turbovla_lite_e2e_mac_muladd_16s...
Compiling module xil_defaultlib.turbovla_lite_e2e_exp_generic_do...
Compiling architecture synth of entity xbip_pipe_v3_0_10.xbip_pipe_v3_0_10_viv [\xbip_pipe_v3_0_10_viv(c_has_ce=...]
Compiling architecture rtl of entity floating_point_v7_1_20.delay [\delay(width=7,length=0)\]
Compiling architecture struct of entity floating_point_v7_1_20.carry_chain [\carry_chain(c_xdevicefamily="zy...]
Compiling architecture synth of entity floating_point_v7_1_20.compare_eq_im [\compare_eq_im(c_xdevicefamily="...]
Compiling architecture struct of entity floating_point_v7_1_20.carry_chain [\carry_chain(c_xdevicefamily="zy...]
Compiling architecture synth of entity xbip_pipe_v3_0_10.xbip_pipe_v3_0_10_viv [\xbip_pipe_v3_0_10_viv(c_has_ce=...]
Compiling architecture rtl of entity floating_point_v7_1_20.delay [\delay(width=24,length=0,fast_in...]
Compiling architecture dsp48e1_v of entity unisim.DSP48E1 [\DSP48E1(acascreg=0,adreg=0,areg...]
Compiling architecture synth of entity xbip_pipe_v3_0_10.xbip_pipe_v3_0_10_viv [\xbip_pipe_v3_0_10_viv(c_has_ce=...]
Compiling architecture rtl of entity floating_point_v7_1_20.delay [\delay(width=48,length=0)\]
Compiling architecture rtl of entity floating_point_v7_1_20.dsp48e1_wrapper [\dsp48e1_wrapper(c_part="xck26-s...]
Compiling architecture synth of entity xbip_pipe_v3_0_10.xbip_pipe_v3_0_10_viv [\xbip_pipe_v3_0_10_viv(c_latency...]
Compiling architecture rtl of entity floating_point_v7_1_20.delay [\delay(width=13)\]
Compiling architecture synth of entity xbip_pipe_v3_0_10.xbip_pipe_v3_0_10_viv [\xbip_pipe_v3_0_10_viv(c_latency...]
Compiling architecture rtl of entity floating_point_v7_1_20.delay [\delay(width=27)\]
Compiling architecture synth of entity floating_point_v7_1_20.align_add_dsp48e1_sgl [\align_add_dsp48e1_sgl(c_xdevice...]
Compiling architecture lut5_v of entity unisim.LUT5 [\LUT5(init="00000000000000001111...]
Compiling architecture lut5_v of entity unisim.LUT5 [\LUT5(init="00000000000000000000...]
Compiling architecture synth of entity xbip_pipe_v3_0_10.xbip_pipe_v3_0_10_viv [\xbip_pipe_v3_0_10_viv(c_has_ce=...]
Compiling architecture rtl of entity floating_point_v7_1_20.delay [\delay(width=27,length=0)\]
Compiling architecture synth of entity xbip_pipe_v3_0_10.xbip_pipe_v3_0_10_viv [\xbip_pipe_v3_0_10_viv(c_latency...]
Compiling architecture rtl of entity floating_point_v7_1_20.delay [\delay(width=16)\]
Compiling architecture synth of entity xbip_pipe_v3_0_10.xbip_pipe_v3_0_10_viv [\xbip_pipe_v3_0_10_viv(c_latency...]
Compiling architecture rtl of entity floating_point_v7_1_20.delay [\delay(width=5)\]
Compiling architecture rtl of entity floating_point_v7_1_20.lead_zero_encode_shift [\lead_zero_encode_shift(ab_fw=24...]
Compiling architecture lut6_v of entity unisim.LUT6 [\LUT6(init="11111110010101001011...]
Compiling architecture lut5_v of entity unisim.LUT5 [\LUT5(init="00010001010111110000...]
Compiling architecture lut5_v of entity unisim.LUT5 [\LUT5(init="11101110101000001111...]
Compiling architecture dsp48e1_v of entity unisim.DSP48E1 [\DSP48E1(adreg=0,bcascreg=0,breg...]
Compiling architecture rtl of entity floating_point_v7_1_20.dsp48e1_wrapper [\dsp48e1_wrapper(a_width=24,c_wi...]
Compiling architecture rtl of entity floating_point_v7_1_20.norm_and_round_dsp48e1_sgl [\norm_and_round_dsp48e1_sgl(c_mu...]
Compiling architecture lut5_v of entity unisim.LUT5 [\LUT5(init="10011001100110011001...]
Compiling architecture lut5_v of entity unisim.LUT5 [\LUT5(init="11111111000000001111...]
Compiling architecture synth of entity xbip_pipe_v3_0_10.xbip_pipe_v3_0_10_viv [\xbip_pipe_v3_0_10_viv(c_has_ce=...]
Compiling architecture rtl of entity floating_point_v7_1_20.delay [\delay(width=9,length=0)\]
Compiling architecture struct of entity floating_point_v7_1_20.carry_chain [\carry_chain(c_xdevicefamily="zy...]
Compiling architecture synth of entity xbip_pipe_v3_0_10.xbip_pipe_v3_0_10_viv [\xbip_pipe_v3_0_10_viv(c_latency...]
Compiling architecture rtl of entity floating_point_v7_1_20.delay [\delay(width=9,length=3)\]
Compiling architecture synth of entity xbip_pipe_v3_0_10.xbip_pipe_v3_0_10_viv [\xbip_pipe_v3_0_10_viv(c_has_ce=...]
Compiling architecture rtl of entity floating_point_v7_1_20.delay [\delay(width=10,length=0)\]
Compiling architecture struct of entity floating_point_v7_1_20.carry_chain [\carry_chain(c_xdevicefamily="zy...]
Compiling architecture synth of entity floating_point_v7_1_20.compare_eq_im [\compare_eq_im(c_xdevicefamily="...]
Compiling architecture rtl of entity floating_point_v7_1_20.special_detect [\special_detect(c_xdevicefamily=...]
Compiling architecture struct of entity floating_point_v7_1_20.carry_chain [\carry_chain(c_xdevicefamily="zy...]
Compiling architecture synth of entity floating_point_v7_1_20.compare_gt [\compare_gt(c_xdevicefamily="zyn...]
Compiling architecture synth of entity floating_point_v7_1_20.compare [\compare(c_xdevicefamily="zynqup...]
Compiling architecture synth of entity xbip_pipe_v3_0_10.xbip_pipe_v3_0_10_viv [\xbip_pipe_v3_0_10_viv(c_latency...]
Compiling architecture rtl of entity floating_point_v7_1_20.delay [\delay(width=9)\]
Compiling architecture synth of entity xbip_pipe_v3_0_10.xbip_pipe_v3_0_10_viv [\xbip_pipe_v3_0_10_viv(c_latency...]
Compiling architecture rtl of entity floating_point_v7_1_20.delay [\delay(width=2,length=4,fast_inp...]
Compiling architecture rtl of entity floating_point_v7_1_20.delay [\delay(length=4,fast_input=true)...]
Compiling architecture synth of entity xbip_pipe_v3_0_10.xbip_pipe_v3_0_10_viv [\xbip_pipe_v3_0_10_viv(c_latency...]
Compiling architecture rtl of entity floating_point_v7_1_20.delay [\delay(length=2,fast_input=true)...]
Compiling architecture rtl of entity floating_point_v7_1_20.flt_add_exp_sp [\flt_add_exp_sp(c_xdevicefamily=...]
Compiling architecture rtl of entity floating_point_v7_1_20.flt_add_dsp [\flt_add_dsp(c_xdevicefamily="zy...]
Compiling architecture rtl of entity floating_point_v7_1_20.flt_add [\flt_add(c_xdevicefamily="zynqup...]
Compiling architecture synth of entity xbip_pipe_v3_0_10.xbip_pipe_v3_0_10_viv [\xbip_pipe_v3_0_10_viv(c_latency...]
Compiling architecture xilinx of entity floating_point_v7_1_20.floating_point_v7_1_20_viv [\floating_point_v7_1_20_viv(c_xd...]
Compiling architecture xilinx of entity floating_point_v7_1_20.floating_point_v7_1_20 [\floating_point_v7_1_20(c_xdevic...]
Compiling architecture turbovla_lite_e2e_fadd_32ns_32ns_32_8_full_dsp_1_ip_arch of entity xil_defaultlib.turbovla_lite_e2e_fadd_32ns_32ns_32_8_full_dsp_1_ip [turbovla_lite_e2e_fadd_32ns_32ns...]
Compiling module xil_defaultlib.turbovla_lite_e2e_fadd_32ns_32ns...
Compiling architecture rtl of entity floating_point_v7_1_20.flt_add [\flt_add(c_xdevicefamily="zynqup...]
Compiling architecture xilinx of entity floating_point_v7_1_20.floating_point_v7_1_20_viv [\floating_point_v7_1_20_viv(c_xd...]
Compiling architecture xilinx of entity floating_point_v7_1_20.floating_point_v7_1_20 [\floating_point_v7_1_20(c_xdevic...]
Compiling architecture turbovla_lite_e2e_fsub_32ns_32ns_32_8_full_dsp_0_ip_arch of entity xil_defaultlib.turbovla_lite_e2e_fsub_32ns_32ns_32_8_full_dsp_0_ip [turbovla_lite_e2e_fsub_32ns_32ns...]
Compiling module xil_defaultlib.turbovla_lite_e2e_fsub_32ns_32ns...
Compiling architecture dsp48e1_v of entity unisim.DSP48E1 [\DSP48E1(acascreg=0,adreg=0,alum...]
Compiling architecture synth of entity xbip_pipe_v3_0_10.xbip_pipe_v3_0_10_viv [\xbip_pipe_v3_0_10_viv(c_has_ce=...]
Compiling architecture rtl of entity floating_point_v7_1_20.delay [\delay(width=17,length=0)\]
Compiling architecture rtl of entity floating_point_v7_1_20.dsp48e1_wrapper [\dsp48e1_wrapper(a_width=24,b_wi...]
Compiling architecture dsp48e1_v of entity unisim.DSP48E1 [\DSP48E1(adreg=0,alumodereg=0,a_...]
Compiling architecture rtl of entity floating_point_v7_1_20.dsp48e1_wrapper [\dsp48e1_wrapper(a_width=24,b_wi...]
Compiling architecture struct of entity floating_point_v7_1_20.fix_mult_dsp48e1_sgl [\fix_mult_dsp48e1_sgl(registers=...]
Compiling architecture rtl of entity floating_point_v7_1_20.fix_mult [\fix_mult(c_xdevicefamily="zynqu...]
Compiling architecture synth of entity xbip_pipe_v3_0_10.xbip_pipe_v3_0_10_viv [\xbip_pipe_v3_0_10_viv(c_latency...]
Compiling architecture rtl of entity floating_point_v7_1_20.delay [\delay(width=7)\]
Compiling architecture synth of entity xbip_pipe_v3_0_10.xbip_pipe_v3_0_10_viv [\xbip_pipe_v3_0_10_viv(c_latency...]
Compiling architecture rtl of entity floating_point_v7_1_20.delay [\delay(width=8,fast_input=true)\]
Compiling architecture struct of entity floating_point_v7_1_20.carry_chain [\carry_chain(c_xdevicefamily="zy...]
Compiling architecture synth of entity floating_point_v7_1_20.compare_eq_im [\compare_eq_im(c_xdevicefamily="...]
Compiling architecture rtl of entity floating_point_v7_1_20.special_detect [\special_detect(c_xdevicefamily=...]
Compiling architecture synth of entity xbip_pipe_v3_0_10.xbip_pipe_v3_0_10_viv [\xbip_pipe_v3_0_10_viv(c_has_ce=...]
Compiling architecture rtl of entity floating_point_v7_1_20.delay [\delay(width=3,length=0,fast_inp...]
Compiling architecture rtl of entity floating_point_v7_1_20.flt_mult_exp [\flt_mult_exp(c_xdevicefamily="z...]
Compiling architecture dsp48e1_v of entity unisim.DSP48E1 [\DSP48E1(acascreg=0,adreg=0,alum...]
Compiling architecture synth of entity xbip_pipe_v3_0_10.xbip_pipe_v3_0_10_viv [\xbip_pipe_v3_0_10_viv(c_has_ce=...]
Compiling architecture rtl of entity floating_point_v7_1_20.delay [\delay(width=30,length=0)\]
Compiling architecture synth of entity xbip_pipe_v3_0_10.xbip_pipe_v3_0_10_viv [\xbip_pipe_v3_0_10_viv(c_has_ce=...]
Compiling architecture rtl of entity floating_point_v7_1_20.delay [\delay(width=18,length=0)\]
Compiling architecture rtl of entity floating_point_v7_1_20.dsp48e1_wrapper [\dsp48e1_wrapper(a_width=30,b_wi...]
Compiling architecture struct of entity floating_point_v7_1_20.flt_round_dsp_opt_full [\flt_round_dsp_opt_full(c_xdevic...]
Compiling architecture rtl of entity floating_point_v7_1_20.flt_mult_round [\flt_mult_round(c_xdevicefamily=...]
Compiling architecture synth of entity floating_point_v7_1_20.flt_dec_op_lat [\flt_dec_op_lat(c_xdevicefamily=...]
Compiling architecture rtl of entity floating_point_v7_1_20.flt_mult [\flt_mult(c_xdevicefamily="zynqu...]
Compiling architecture synth of entity xbip_pipe_v3_0_10.xbip_pipe_v3_0_10_viv [\xbip_pipe_v3_0_10_viv(c_latency...]
Compiling architecture xilinx of entity floating_point_v7_1_20.floating_point_v7_1_20_viv [\floating_point_v7_1_20_viv(c_xd...]
Compiling architecture xilinx of entity floating_point_v7_1_20.floating_point_v7_1_20 [\floating_point_v7_1_20(c_xdevic...]
Compiling architecture turbovla_lite_e2e_fmul_32ns_32ns_32_5_max_dsp_1_ip_arch of entity xil_defaultlib.turbovla_lite_e2e_fmul_32ns_32ns_32_5_max_dsp_1_ip [turbovla_lite_e2e_fmul_32ns_32ns...]
Compiling module xil_defaultlib.turbovla_lite_e2e_fmul_32ns_32ns...
Compiling architecture synth of entity xbip_pipe_v3_0_10.xbip_pipe_v3_0_10_viv [\xbip_pipe_v3_0_10_viv(c_has_ce=...]
Compiling architecture rtl of entity floating_point_v7_1_20.delay [\delay(width=5,length=0)\]
Compiling architecture struct of entity floating_point_v7_1_20.carry_chain [\carry_chain(c_xdevicefamily="zy...]
Compiling architecture synth of entity floating_point_v7_1_20.compare_ne_im [\compare_ne_im(c_xdevicefamily="...]
Compiling architecture struct of entity floating_point_v7_1_20.carry_chain [\carry_chain(c_xdevicefamily="zy...]
Compiling architecture rtl of entity floating_point_v7_1_20.flt_round_bit [\flt_round_bit(c_xdevicefamily="...]
Compiling architecture rtl of entity floating_point_v7_1_20.renorm_and_round_logic [\renorm_and_round_logic(c_xdevic...]
Compiling architecture struct of entity floating_point_v7_1_20.carry_chain [\carry_chain(c_xdevicefamily="ki...]
Compiling architecture synth of entity floating_point_v7_1_20.compare_eq_im [\compare_eq_im(c_xdevicefamily="...]
Compiling architecture rtl of entity floating_point_v7_1_20.special_detect [\special_detect(a_w=64,a_fw=53,o...]
Compiling architecture rtl of entity floating_point_v7_1_20.flt_to_flt_conv_exp [\flt_to_flt_conv_exp(a_w=64,a_ew...]
Compiling architecture synth of entity floating_point_v7_1_20.flt_dec_op [\flt_dec_op(c_xdevicefamily="zyn...]
Compiling architecture rtl of entity floating_point_v7_1_20.flt_to_flt_conv [\flt_to_flt_conv(c_xdevicefamily...]
Compiling architecture xilinx of entity floating_point_v7_1_20.floating_point_v7_1_20_viv [\floating_point_v7_1_20_viv(c_xd...]
Compiling architecture xilinx of entity floating_point_v7_1_20.floating_point_v7_1_20 [\floating_point_v7_1_20(c_xdevic...]
Compiling architecture turbovla_lite_e2e_fptrunc_64ns_32_2_no_dsp_0_ip_arch of entity xil_defaultlib.turbovla_lite_e2e_fptrunc_64ns_32_2_no_dsp_0_ip [turbovla_lite_e2e_fptrunc_64ns_3...]
Compiling module xil_defaultlib.turbovla_lite_e2e_fptrunc_64ns_3...
Compiling architecture struct of entity floating_point_v7_1_20.carry_chain [\carry_chain(c_xdevicefamily="ki...]
Compiling architecture synth of entity floating_point_v7_1_20.compare_eq_im [\compare_eq_im(c_xdevicefamily="...]
Compiling architecture rtl of entity floating_point_v7_1_20.special_detect [\special_detect(a_fw=24,op_delay...]
Compiling architecture rtl of entity floating_point_v7_1_20.flt_to_flt_conv_exp [\flt_to_flt_conv_exp(r_w=64,r_ew...]
Compiling architecture synth of entity floating_point_v7_1_20.flt_dec_op [\flt_dec_op(c_xdevicefamily="zyn...]
Compiling architecture rtl of entity floating_point_v7_1_20.flt_to_flt_conv [\flt_to_flt_conv(c_xdevicefamily...]
Compiling architecture synth of entity xbip_pipe_v3_0_10.xbip_pipe_v3_0_10_viv [\xbip_pipe_v3_0_10_viv(c_has_ce=...]
Compiling architecture rtl of entity floating_point_v7_1_20.delay [\delay(width=64,length=0)\]
Compiling architecture xilinx of entity floating_point_v7_1_20.floating_point_v7_1_20_viv [\floating_point_v7_1_20_viv(c_xd...]
Compiling architecture xilinx of entity floating_point_v7_1_20.floating_point_v7_1_20 [\floating_point_v7_1_20(c_xdevic...]
Compiling architecture turbovla_lite_e2e_fpext_32ns_64_2_no_dsp_0_ip_arch of entity xil_defaultlib.turbovla_lite_e2e_fpext_32ns_64_2_no_dsp_0_ip [turbovla_lite_e2e_fpext_32ns_64_...]
Compiling module xil_defaultlib.turbovla_lite_e2e_fpext_32ns_64_...
Compiling architecture synth of entity xbip_pipe_v3_0_10.xbip_pipe_v3_0_10_viv [\xbip_pipe_v3_0_10_viv(c_latency...]
Compiling architecture rtl of entity floating_point_v7_1_20.delay [\delay(width=52)\]
Compiling architecture synth of entity xbip_pipe_v3_0_10.xbip_pipe_v3_0_10_viv [\xbip_pipe_v3_0_10_viv(c_has_ce=...]
Compiling architecture rtl of entity floating_point_v7_1_20.delay [\delay(width=54,length=0)\]
Compiling architecture synth of entity xbip_pipe_v3_0_10.xbip_pipe_v3_0_10_viv [\xbip_pipe_v3_0_10_viv(c_has_ce=...]
Compiling architecture rtl of entity floating_point_v7_1_20.delay [\delay(width=11,length=0,fast_in...]
Compiling architecture muxf7_v of entity unisim.MUXF7 [muxf7_default]
Compiling architecture muxf8_v of entity unisim.MUXF8 [muxf8_default]
Compiling architecture struct of entity floating_point_v7_1_20.carry_chain [\carry_chain(c_xdevicefamily="zy...]
Compiling architecture synth of entity floating_point_v7_1_20.compare_eq_im [\compare_eq_im(c_xdevicefamily="...]
Compiling architecture rtl of entity floating_point_v7_1_20.zero_det_sel [\zero_det_sel(c_xdevicefamily="z...]
Compiling architecture synth of entity xbip_pipe_v3_0_10.xbip_pipe_v3_0_10_viv [\xbip_pipe_v3_0_10_viv(c_latency...]
Compiling architecture rtl of entity floating_point_v7_1_20.delay [\delay(width=55)\]
Compiling architecture synth of entity xbip_pipe_v3_0_10.xbip_pipe_v3_0_10_viv [\xbip_pipe_v3_0_10_viv(c_has_ce=...]
Compiling architecture rtl of entity floating_point_v7_1_20.delay [\delay(width=55,length=0)\]
Compiling architecture rtl of entity floating_point_v7_1_20.shift_msb_first [\shift_msb_first(a_width=54,regi...]
Compiling architecture rtl of entity floating_point_v7_1_20.alignment [\alignment(c_xdevicefamily="zynq...]
Compiling architecture synth of entity xbip_pipe_v3_0_10.xbip_pipe_v3_0_10_viv [\xbip_pipe_v3_0_10_viv(c_has_ce=...]
Compiling architecture rtl of entity floating_point_v7_1_20.delay [\delay(width=47,length=0)\]
Compiling architecture dsp48e1_v of entity unisim.DSP48E1 [\DSP48E1(adreg=0,alumodereg=0,ca...]
Compiling architecture rtl of entity floating_point_v7_1_20.dsp48e1_wrapper [\dsp48e1_wrapper(a_width=30,b_wi...]
Compiling architecture dsp48e1_v of entity unisim.DSP48E1 [\DSP48E1(acascreg=0,adreg=0,alum...]
Compiling architecture rtl of entity floating_point_v7_1_20.dsp48e1_wrapper [\dsp48e1_wrapper(a_width=30,b_wi...]
Compiling architecture struct of entity floating_point_v7_1_20.carry_chain [\carry_chain(c_xdevicefamily="zy...]
Compiling architecture synth of entity xbip_pipe_v3_0_10.xbip_pipe_v3_0_10_viv [\xbip_pipe_v3_0_10_viv(c_has_ce=...]
Compiling architecture rtl of entity floating_point_v7_1_20.delay [\delay(width=56,length=0)\]
Compiling architecture synth of entity floating_point_v7_1_20.addsub_dsp [\addsub_dsp(c_xdevicefamily="zyn...]
Compiling architecture rtl of entity floating_point_v7_1_20.addsub [\addsub(c_xdevicefamily="zynqupl...]
Compiling architecture rtl of entity floating_point_v7_1_20.align_add [\align_add(c_xdevicefamily="zynq...]
Compiling architecture synth of entity xbip_pipe_v3_0_10.xbip_pipe_v3_0_10_viv [\xbip_pipe_v3_0_10_viv(c_has_ce=...]
Compiling architecture rtl of entity floating_point_v7_1_20.delay [\delay(width=6,length=0,fast_inp...]
Compiling architecture struct of entity floating_point_v7_1_20.carry_chain [\carry_chain(c_xdevicefamily="zy...]
Compiling architecture rtl of entity floating_point_v7_1_20.mux4 [\mux4(c_xdevicefamily="zynquplus...]
Compiling architecture rtl of entity floating_point_v7_1_20.mux4 [\mux4(c_xdevicefamily="zynquplus...]
Compiling architecture rtl of entity floating_point_v7_1_20.lead_zero_encode [\lead_zero_encode(c_xdevicefamil...]
Compiling architecture synth of entity xbip_pipe_v3_0_10.xbip_pipe_v3_0_10_viv [\xbip_pipe_v3_0_10_viv(c_latency...]
Compiling architecture rtl of entity floating_point_v7_1_20.delay [\delay(width=56)\]
Compiling architecture rtl of entity floating_point_v7_1_20.shift_msb_first [\shift_msb_first(a_width=56,resu...]
Compiling architecture dsp48e1_v of entity unisim.DSP48E1 [\DSP48E1(acascreg=0,adreg=0,areg...]
Compiling architecture rtl of entity floating_point_v7_1_20.dsp48e1_wrapper [\dsp48e1_wrapper(b_width=18,c_wi...]
Compiling architecture synth of entity xbip_pipe_v3_0_10.xbip_pipe_v3_0_10_viv [\xbip_pipe_v3_0_10_viv(c_has_ce=...]
Compiling architecture rtl of entity floating_point_v7_1_20.delay [\delay(width=19,length=0)\]
Compiling architecture struct of entity floating_point_v7_1_20.carry_chain [\carry_chain(c_xdevicefamily="zy...]
Compiling architecture synth of entity xbip_pipe_v3_0_10.xbip_pipe_v3_0_10_viv [\xbip_pipe_v3_0_10_viv(c_has_ce=...]
Compiling architecture rtl of entity floating_point_v7_1_20.delay [\delay(width=28,length=0)\]
Compiling architecture synth of entity xbip_pipe_v3_0_10.xbip_pipe_v3_0_10_viv [\xbip_pipe_v3_0_10_viv(c_latency...]
Compiling architecture rtl of entity floating_point_v7_1_20.delay [\delay(width=29)\]
Compiling architecture rtl of entity floating_point_v7_1_20.flt_round_bit [\flt_round_bit(c_xdevicefamily="...]
Compiling architecture rtl of entity floating_point_v7_1_20.renorm_and_round_logic [\renorm_and_round_logic(c_xdevic...]
Compiling architecture rtl of entity floating_point_v7_1_20.norm_and_round_logic [\norm_and_round_logic(c_xdevicef...]
Compiling architecture synth of entity xbip_pipe_v3_0_10.xbip_pipe_v3_0_10_viv [\xbip_pipe_v3_0_10_viv(c_latency...]
Compiling architecture rtl of entity floating_point_v7_1_20.delay [\delay(length=4)\]
Compiling architecture synth of entity xbip_pipe_v3_0_10.xbip_pipe_v3_0_10_viv [\xbip_pipe_v3_0_10_viv(c_latency...]
Compiling architecture rtl of entity floating_point_v7_1_20.delay [\delay(width=12,length=4)\]
Compiling architecture synth of entity xbip_pipe_v3_0_10.xbip_pipe_v3_0_10_viv [\xbip_pipe_v3_0_10_viv(c_latency...]
Compiling architecture rtl of entity floating_point_v7_1_20.delay [\delay(width=11,fast_input=true)...]
Compiling architecture struct of entity floating_point_v7_1_20.carry_chain [\carry_chain(c_xdevicefamily="zy...]
Compiling architecture synth of entity floating_point_v7_1_20.compare_eq_im [\compare_eq_im(c_xdevicefamily="...]
Compiling architecture rtl of entity floating_point_v7_1_20.special_detect [\special_detect(c_xdevicefamily=...]
Compiling architecture struct of entity floating_point_v7_1_20.carry_chain [\carry_chain(c_xdevicefamily="zy...]
Compiling architecture synth of entity floating_point_v7_1_20.compare_eq [\compare_eq(c_xdevicefamily="zyn...]
Compiling architecture synth of entity floating_point_v7_1_20.compare [\compare(c_xdevicefamily="zynqup...]
Compiling architecture synth of entity xbip_pipe_v3_0_10.xbip_pipe_v3_0_10_viv [\xbip_pipe_v3_0_10_viv(c_latency...]
Compiling architecture rtl of entity floating_point_v7_1_20.delay [\delay(length=5,fast_input=true)...]
Compiling architecture rtl of entity floating_point_v7_1_20.flt_add_exp [\flt_add_exp(c_xdevicefamily="zy...]
Compiling architecture synth of entity floating_point_v7_1_20.flt_dec_op [\flt_dec_op(c_xdevicefamily="zyn...]
Compiling architecture rtl of entity floating_point_v7_1_20.flt_add_logic [\flt_add_logic(c_xdevicefamily="...]
Compiling architecture rtl of entity floating_point_v7_1_20.flt_add [\flt_add(c_xdevicefamily="zynqup...]
Compiling architecture synth of entity xbip_pipe_v3_0_10.xbip_pipe_v3_0_10_viv [\xbip_pipe_v3_0_10_viv(c_latency...]
Compiling architecture xilinx of entity floating_point_v7_1_20.floating_point_v7_1_20_viv [\floating_point_v7_1_20_viv(c_xd...]
Compiling architecture xilinx of entity floating_point_v7_1_20.floating_point_v7_1_20 [\floating_point_v7_1_20(c_xdevic...]
Compiling architecture turbovla_lite_e2e_dadd_64ns_64ns_64_9_full_dsp_0_ip_arch of entity xil_defaultlib.turbovla_lite_e2e_dadd_64ns_64ns_64_9_full_dsp_0_ip [turbovla_lite_e2e_dadd_64ns_64ns...]
Compiling module xil_defaultlib.turbovla_lite_e2e_dadd_64ns_64ns...
Compiling module xil_defaultlib.turbovla_lite_e2e_generic_tanh_f...
Compiling architecture rtl of entity floating_point_v7_1_20.flt_add [\flt_add(c_xdevicefamily="zynqup...]
Compiling architecture xilinx of entity floating_point_v7_1_20.floating_point_v7_1_20_viv [\floating_point_v7_1_20_viv(c_xd...]
Compiling architecture xilinx of entity floating_point_v7_1_20.floating_point_v7_1_20 [\floating_point_v7_1_20(c_xdevic...]
Compiling architecture turbovla_lite_e2e_faddfsub_32ns_32ns_32_8_full_dsp_1_ip_arch of entity xil_defaultlib.turbovla_lite_e2e_faddfsub_32ns_32ns_32_8_full_dsp_1_ip [turbovla_lite_e2e_faddfsub_32ns_...]
Compiling module xil_defaultlib.turbovla_lite_e2e_faddfsub_32ns_...
Compiling architecture turbovla_lite_e2e_sitofp_32ns_32_6_no_dsp_1_ip_arch of entity xil_defaultlib.turbovla_lite_e2e_sitofp_32ns_32_6_no_dsp_1_ip [turbovla_lite_e2e_sitofp_32ns_32...]
Compiling module xil_defaultlib.turbovla_lite_e2e_sitofp_32ns_32...
Compiling architecture dsp48e1_v of entity unisim.DSP48E1 [\DSP48E1(adreg=0,alumodereg=0,ca...]
Compiling architecture synth of entity xbip_pipe_v3_0_10.xbip_pipe_v3_0_10_viv [\xbip_pipe_v3_0_10_viv(c_latency...]
Compiling architecture rtl of entity floating_point_v7_1_20.delay [\delay(width=43)\]
Compiling architecture rtl of entity floating_point_v7_1_20.dsp48e1_wrapper [\dsp48e1_wrapper(a_width=17,b_wi...]
Compiling architecture rtl of entity floating_point_v7_1_20.special_detect [\special_detect(c_xdevicefamily=...]
Compiling architecture synth of entity xbip_pipe_v3_0_10.xbip_pipe_v3_0_10_viv [\xbip_pipe_v3_0_10_viv(c_latency...]
Compiling architecture rtl of entity floating_point_v7_1_20.delay [\delay(length=9)\]
Compiling architecture struct of entity floating_point_v7_1_20.carry_chain [\carry_chain(c_xdevicefamily="zy...]
Compiling architecture synth of entity floating_point_v7_1_20.compare_gt [\compare_gt(c_xdevicefamily="zyn...]
Compiling architecture synth of entity xbip_pipe_v3_0_10.xbip_pipe_v3_0_10_viv [\xbip_pipe_v3_0_10_viv(c_latency...]
Compiling architecture rtl of entity floating_point_v7_1_20.delay [\delay(width=2,length=9,fast_inp...]
Compiling architecture synth of entity xbip_pipe_v3_0_10.xbip_pipe_v3_0_10_viv [\xbip_pipe_v3_0_10_viv(c_latency...]
Compiling architecture rtl of entity floating_point_v7_1_20.delay [\delay(length=10)\]
Compiling architecture synth of entity floating_point_v7_1_20.flt_exp_specialcase [\flt_exp_specialcase(c_xdevicefa...]
Compiling architecture rtl of entity floating_point_v7_1_20.delay_s [\delay_s(width=10,length=0)\]
Compiling architecture rtl of entity floating_point_v7_1_20.delay_s [\delay_s(width=9,length=0)\]
Compiling architecture synth of entity xbip_pipe_v3_0_10.xbip_pipe_v3_0_10_viv [\xbip_pipe_v3_0_10_viv(c_has_ce=...]
Compiling architecture rtl of entity floating_point_v7_1_20.delay [\delay(width=6,length=0)\]
Compiling architecture struct of entity floating_point_v7_1_20.carry_chain [\carry_chain(c_xdevicefamily="zy...]
Compiling architecture synth of entity floating_point_v7_1_20.compare_eq_im [\compare_eq_im(c_xdevicefamily="...]
Compiling architecture rtl of entity floating_point_v7_1_20.zero_det_sel [\zero_det_sel(c_xdevicefamily="z...]
Compiling architecture synth of entity xbip_pipe_v3_0_10.xbip_pipe_v3_0_10_viv [\xbip_pipe_v3_0_10_viv(c_has_ce=...]
Compiling architecture rtl of entity floating_point_v7_1_20.delay [\delay(width=34,length=0)\]
Compiling architecture synth of entity xbip_pipe_v3_0_10.xbip_pipe_v3_0_10_viv [\xbip_pipe_v3_0_10_viv(c_latency...]
Compiling architecture rtl of entity floating_point_v7_1_20.delay [\delay(width=34)\]
Compiling architecture rtl of entity floating_point_v7_1_20.shift_msb_first [\shift_msb_first(a_width=24,resu...]
Compiling architecture synth of entity xbip_pipe_v3_0_10.xbip_pipe_v3_0_10_viv [\xbip_pipe_v3_0_10_viv(c_has_ce=...]
Compiling architecture rtl of entity floating_point_v7_1_20.delay [\delay(width=36,length=0)\]
Compiling architecture struct of entity floating_point_v7_1_20.carry_chain [\carry_chain(c_xdevicefamily="zy...]
Compiling architecture synth of entity floating_point_v7_1_20.flt_to_fix_conv [\flt_to_fix_conv(c_xdevicefamily...]
Compiling architecture rtl of entity floating_point_v7_1_20.dsp48e1_wrapper [\dsp48e1_wrapper(a_width=30,b_wi...]
Compiling architecture synth of entity floating_point_v7_1_20.flt_log_addsub [\flt_log_addsub(c_xdevicefamily=...]
Compiling architecture rtl of entity floating_point_v7_1_20.flt_exp_ccm [\flt_exp_ccm(c_xdevicefamily="zy...]
Compiling architecture rtl of entity floating_point_v7_1_20.dsp48e1_wrapper [\dsp48e1_wrapper(c_part="xck26-s...]
Compiling architecture synth of entity floating_point_v7_1_20.flt_log_addsub [\flt_log_addsub(c_xdevicefamily=...]
Compiling architecture rtl of entity floating_point_v7_1_20.flt_exp_ccm [\flt_exp_ccm(c_xdevicefamily="zy...]
Compiling architecture synth of entity xbip_pipe_v3_0_10.xbip_pipe_v3_0_10_viv [\xbip_pipe_v3_0_10_viv(c_latency...]
Compiling architecture rtl of entity floating_point_v7_1_20.delay [\delay(width=33,length=4)\]
Compiling architecture synth of entity floating_point_v7_1_20.flt_log_addsub [\flt_log_addsub(c_xdevicefamily=...]
Compiling architecture rtl of entity floating_point_v7_1_20.flt_exp_e2A [\flt_exp_e2A(c_xdevicefamily="zy...]
Compiling architecture rtl of entity floating_point_v7_1_20.flt_exp_e2zmzm1 [\flt_exp_e2zmzm1(c_xdevicefamily...]
Compiling architecture synth of entity xbip_pipe_v3_0_10.xbip_pipe_v3_0_10_viv [\xbip_pipe_v3_0_10_viv(c_latency...]
Compiling architecture rtl of entity floating_point_v7_1_20.delay [\delay(width=8,length=6)\]
Compiling architecture synth of entity xbip_pipe_v3_0_10.xbip_pipe_v3_0_10_viv [\xbip_pipe_v3_0_10_viv(c_latency...]
Compiling architecture rtl of entity floating_point_v7_1_20.delay [\delay(width=14)\]
Compiling architecture rtl of entity floating_point_v7_1_20.flt_round_bit [\flt_round_bit(c_xdevicefamily="...]
Compiling architecture rtl of entity floating_point_v7_1_20.renorm_and_round_logic [\renorm_and_round_logic(c_xdevic...]
Compiling architecture lut4_v of entity unisim.LUT4 [\LUT4(init="1100110010010110")(0...]
Compiling architecture lut4_v of entity unisim.LUT4 [\LUT4(init="1100110000111100")(0...]
Compiling architecture synth of entity xbip_pipe_v3_0_10.xbip_pipe_v3_0_10_viv [\xbip_pipe_v3_0_10_viv(c_has_ce=...]
Compiling architecture rtl of entity floating_point_v7_1_20.delay [\delay(width=9,length=0,fast_inp...]
Compiling architecture synth of entity floating_point_v7_1_20.flt_log_addsub [\flt_log_addsub(c_xdevicefamily=...]
Compiling architecture synth of entity floating_point_v7_1_20.compare_eq_im [\compare_eq_im(c_xdevicefamily="...]
Compiling architecture synth of entity floating_point_v7_1_20.compare_ne_im [\compare_ne_im(c_xdevicefamily="...]
Compiling architecture synth of entity floating_point_v7_1_20.compare_gt [\compare_gt(c_xdevicefamily="zyn...]
Compiling architecture synth of entity floating_point_v7_1_20.flt_exp_recomb [\flt_exp_recomb(c_xdevicefamily=...]
Compiling architecture synth of entity floating_point_v7_1_20.flt_exp [\flt_exp(c_xdevicefamily="zynqup...]
Compiling architecture synth of entity xbip_pipe_v3_0_10.xbip_pipe_v3_0_10_viv [\xbip_pipe_v3_0_10_viv(c_latency...]
Compiling architecture xilinx of entity floating_point_v7_1_20.floating_point_v7_1_20_viv [\floating_point_v7_1_20_viv(c_xd...]
Compiling architecture xilinx of entity floating_point_v7_1_20.floating_point_v7_1_20 [\floating_point_v7_1_20(c_xdevic...]
Compiling architecture turbovla_lite_e2e_fexp_32ns_32ns_32_13_full_dsp_1_ip_arch of entity xil_defaultlib.turbovla_lite_e2e_fexp_32ns_32ns_32_13_full_dsp_1_ip [turbovla_lite_e2e_fexp_32ns_32ns...]
Compiling module xil_defaultlib.turbovla_lite_e2e_fexp_32ns_32ns...
Compiling module xil_defaultlib.turbovla_lite_e2e_run
Compiling module xil_defaultlib.turbovla_lite_e2e_control_s_axi
Compiling module xil_defaultlib.turbovla_lite_e2e_gmem0_m_axi_sr...
Compiling module xil_defaultlib.turbovla_lite_e2e_gmem0_m_axi_fi...
Compiling module xil_defaultlib.turbovla_lite_e2e_gmem0_m_axi_sr...
Compiling module xil_defaultlib.turbovla_lite_e2e_gmem0_m_axi_fi...
Compiling module xil_defaultlib.turbovla_lite_e2e_gmem0_m_axi_sr...
Compiling module xil_defaultlib.turbovla_lite_e2e_gmem0_m_axi_fi...
Compiling module xil_defaultlib.turbovla_lite_e2e_gmem0_m_axi_sr...
Compiling module xil_defaultlib.turbovla_lite_e2e_gmem0_m_axi_fi...
Compiling module xil_defaultlib.turbovla_lite_e2e_gmem0_m_axi_sr...
Compiling module xil_defaultlib.turbovla_lite_e2e_gmem0_m_axi_fi...
Compiling module xil_defaultlib.turbovla_lite_e2e_gmem0_m_axi_st...
Compiling module xil_defaultlib.turbovla_lite_e2e_gmem0_m_axi_me...
Compiling module xil_defaultlib.turbovla_lite_e2e_gmem0_m_axi_fi...
Compiling module xil_defaultlib.turbovla_lite_e2e_gmem0_m_axi_lo...
Compiling module xil_defaultlib.turbovla_lite_e2e_gmem0_m_axi_re...
Compiling module xil_defaultlib.turbovla_lite_e2e_gmem0_m_axi_bu...
Compiling module xil_defaultlib.turbovla_lite_e2e_gmem0_m_axi_re...
Compiling module xil_defaultlib.turbovla_lite_e2e_gmem0_m_axi_sr...
Compiling module xil_defaultlib.turbovla_lite_e2e_gmem0_m_axi_fi...
Compiling module xil_defaultlib.turbovla_lite_e2e_gmem0_m_axi_re...
Compiling module xil_defaultlib.turbovla_lite_e2e_gmem0_m_axi_th...
Compiling module xil_defaultlib.turbovla_lite_e2e_gmem0_m_axi_re...
Compiling module xil_defaultlib.turbovla_lite_e2e_gmem0_m_axi_wr...
Compiling module xil_defaultlib.turbovla_lite_e2e_gmem0_m_axi_re...
Compiling module xil_defaultlib.turbovla_lite_e2e_gmem0_m_axi_re...
Compiling module xil_defaultlib.turbovla_lite_e2e_gmem0_m_axi(C_...
Compiling module xil_defaultlib.turbovla_lite_e2e
Compiling module xil_defaultlib.misc_interface_default
Compiling module xil_defaultlib.axi_if(ADDR_WIDTH=64,STRB_WIDTH=...
Compiling module xil_defaultlib.axi_if(ADDR_WIDTH=6,STRB_WIDTH=4...
Compiling module xil_defaultlib.sv_module_top
Compiling module xil_defaultlib.nodf_module_intf_default
Compiling module xil_defaultlib.seq_loop_intf(FSM_WIDTH=163)
Compiling module xil_defaultlib.seq_loop_intf(FSM_WIDTH=108)
Compiling module xil_defaultlib.upc_loop_intf(FSM_WIDTH=1)
Compiling module xil_defaultlib.upc_loop_intf(FSM_WIDTH=16)
Compiling module xil_defaultlib.upc_loop_intf(FSM_WIDTH=17)
Compiling module xil_defaultlib.upc_loop_intf_default
Compiling module xil_defaultlib.upc_loop_intf(FSM_WIDTH=9)
Compiling module xil_defaultlib.upc_loop_intf(FSM_WIDTH=65)
Compiling module xil_defaultlib.dataflow_monitor_1
Compiling module xil_defaultlib.apatb_turbovla_lite_e2e_top
Compiling module xil_defaultlib.glbl
Built simulation snapshot turbovla_lite_e2e

****** xsim v2025.1 (64-bit)
  **** SW Build 6140274 on Wed May 21 22:58:25 MDT 2025
  **** IP Build 6138677 on Thu May 22 03:10:11 MDT 2025
  **** SharedData Build 6139179 on Tue May 20 17:58:58 MDT 2025
  **** Start of session at: Tue Sep 22 02:26:25 2026
    ** Copyright 1986-2022 Xilinx, Inc. All Rights Reserved.
    ** Copyright 2022-2025 Advanced Micro Devices, Inc. All Rights Reserved.

source xsim.dir/turbovla_lite_e2e/xsim_script.tcl
# xsim {turbovla_lite_e2e} -testplusarg UVM_VERBOSITY=UVM_NONE -testplusarg UVM_TESTNAME=turbovla_lite_e2e_test_lib -testplusarg UVM_TIMEOUT=20000000000000 -wdb {/dev/null} -autoloadwcfg -tclbatch {turbovla_lite_e2e.tcl}
Time resolution is 1 ps
source turbovla_lite_e2e.tcl
## run all
UVM_INFO /home/frank/AMD/vivado/2025.01/2025.1/Vivado/data/system_verilog/uvm_1.2/xlnx_uvm_package.sv(18601) @ 0: reporter [UVM/RELNOTES] 
----------------------------------------------------------------
UVM-1.2
(C) 2007-2014 Mentor Graphics Corporation
(C) 2007-2014 Cadence Design Systems, Inc.
(C) 2006-2014 Synopsys, Inc.
(C) 2011-2013 Cypress Semiconductor Corp.
(C) 2013-2014 NVIDIA Corporation
----------------------------------------------------------------

  ***********       IMPORTANT RELEASE NOTES         ************

  You are using a version of the UVM library that has been compiled
  with `UVM_NO_DEPRECATED undefined.

  You are using a version of the UVM library that has been compiled
  with `UVM_OBJECT_DO_NOT_NEED_CONSTRUCTOR undefined.

      (Specify +UVM_NO_RELNOTES to turn off this notice)

UVM_INFO /home/frank/AMD/vivado/2025.01/2025.1/Vivado/data/system_verilog/uvm_1.2/xlnx_uvm_package.sv(18648) @ 0: reporter [NO_DPI_TSTNAME] UVM_NO_DPI defined--getting UVM_TESTNAME directly, without DPI
UVM_INFO /home/frank/AMD/vivado/2025.01/2025.1/Vivado/data/system_verilog/uvm_1.2/xlnx_uvm_package.sv(18752) @ 0: reporter [UVMTOP] UVM testbench topology:
-----------------------------------------------------------------------------------------------
Name                               Type                                 Size  Value            
-----------------------------------------------------------------------------------------------
uvm_test_top                       turbovla_lite_e2e_test_lib           -     @368             
  top_env                          turbovla_lite_e2e_env                -     @379             
    axi_lite_control               uvm_env                              -     @432             
      item_rtr_port                uvm_analysis_port                    -     @451             
      item_wtr_port                uvm_analysis_port                    -     @441             
      master                       uvm_agent                            -     @844             
        ardrv                      uvm_driver #(REQ,RSP)                -     @1519            
          item_read_imp            uvm_analysis_port                    -     @1548            
          rsp_port                 uvm_analysis_port                    -     @1538            
          seq_item_port            uvm_seq_item_pull_port               -     @1528            
          m_num_sent               integral                             32    'h0              
        arsqr                      axi_sequencer                        -     @1558            
          rsp_export               uvm_analysis_export                  -     @1567            
          seq_item_export          uvm_seq_item_pull_imp                -     @1685            
          arbitration_queue        array                                0     -                
          lock_queue               array                                0     -                
          num_last_reqs            integral                             32    'd1              
          num_last_rsps            integral                             32    'd1              
        awdrv                      uvm_driver #(REQ,RSP)                -     @991             
          item_read_imp            uvm_analysis_port                    -     @1020            
          rsp_port                 uvm_analysis_port                    -     @1010            
          seq_item_port            uvm_seq_item_pull_port               -     @1000            
          m_num_sent               integral                             32    'h0              
        awsqr                      axi_sequencer                        -     @1030            
          rsp_export               uvm_analysis_export                  -     @1039            
          seq_item_export          uvm_seq_item_pull_imp                -     @1157            
          arbitration_queue        array                                0     -                
          lock_queue               array                                0     -                
          num_last_reqs            integral                             32    'd1              
          num_last_rsps            integral                             32    'd1              
        bdrv                       uvm_driver #(REQ,RSP)                -     @1343            
          item_read_imp            uvm_analysis_port                    -     @1372            
          rsp_port                 uvm_analysis_port                    -     @1362            
          seq_item_port            uvm_seq_item_pull_port               -     @1352            
          m_num_sent               integral                             32    'h0              
        bsqr                       axi_sequencer                        -     @1382            
          rsp_export               uvm_analysis_export                  -     @1391            
          seq_item_export          uvm_seq_item_pull_imp                -     @1509            
          arbitration_queue        array                                0     -                
          lock_queue               array                                0     -                
          num_last_reqs            integral                             32    'd1              
          num_last_rsps            integral                             32    'd1              
        rdrv                       uvm_driver #(REQ,RSP)                -     @1695            
          item_read_imp            uvm_analysis_port                    -     @1724            
          rsp_port                 uvm_analysis_port                    -     @1714            
          seq_item_port            uvm_seq_item_pull_port               -     @1704            
          m_num_sent               integral                             32    'h0              
        rsqr                       axi_sequencer                        -     @1734            
          rsp_export               uvm_analysis_export                  -     @1743            
          seq_item_export          uvm_seq_item_pull_imp                -     @1861            
          arbitration_queue        array                                0     -                
          lock_queue               array                                0     -                
          num_last_reqs            integral                             32    'd1              
          num_last_rsps            integral                             32    'd1              
        wdrv                       uvm_driver #(REQ,RSP)                -     @1167            
          item_read_imp            uvm_analysis_port                    -     @1196            
          rsp_port                 uvm_analysis_port                    -     @1186            
          seq_item_port            uvm_seq_item_pull_port               -     @1176            
          m_num_sent               integral                             32    'h0              
        wsqr                       axi_sequencer                        -     @1206            
          rsp_export               uvm_analysis_export                  -     @1215            
          seq_item_export          uvm_seq_item_pull_imp                -     @1333            
          arbitration_queue        array                                0     -                
          lock_queue               array                                0     -                
          num_last_reqs            integral                             32    'd1              
          num_last_rsps            integral                             32    'd1              
      monitor                      uvm_monitor                          -     @666             
        item_ar2r_port             uvm_analysis_port                    -     @735             
        item_ar_port               uvm_analysis_port                    -     @705             
        item_aw2b_port             uvm_analysis_port                    -     @725             
        item_aw_port               uvm_analysis_port                    -     @675             
        item_b_port                uvm_analysis_port                    -     @695             
        item_r_port                uvm_analysis_port                    -     @715             
        item_w_port                uvm_analysis_port                    -     @685             
        checks_enable              integral                             1     'h1              
        coverage_enable            integral                             1     'h1              
      state                        axi_state                            -     @745             
        ar2r_imp                   uvm_analysis_imp_ar2r                -     @814             
        ar_imp                     uvm_analysis_imp_ar                  -     @784             
        aw2b_imp                   uvm_analysis_imp_aw2b                -     @804             
        aw_imp                     uvm_analysis_imp_aw                  -     @754             
        b_imp                      uvm_analysis_imp_b                   -     @774             
        item_rtr_port              uvm_analysis_port                    -     @834             
        item_wtr_port              uvm_analysis_port                    -     @824             
        r_imp                      uvm_analysis_imp_r                   -     @794             
        w_imp                      uvm_analysis_imp_w                   -     @764             
        avg_rate                   integral                             32    'h0              
        exp_rate                   integral                             32    'h0              
        win_size                   integral                             32    'h0              
        bqnum_for_slaseq           integral                             32    'h0              
        rq_from_model_num          integral                             32    'h0              
      vsqr                         axi_virtual_sequencer                -     @853             
        rsp_export                 uvm_analysis_export                  -     @862             
        seq_item_export            uvm_seq_item_pull_imp                -     @980             
        arbitration_queue          array                                0     -                
        lock_queue                 array                                0     -                
        num_last_reqs              integral                             32    'd1              
        num_last_rsps              integral                             32    'd1              
      cfg                          axi_cfg                              -     @395             
        has_checker                integral                             1     'h1              
        has_coverage               integral                             1     'h1              
        id_num                     integral                             32    'h1              
        reset_level                reset_level_enum                     32    RESET_LEVEL_LOW  
        drv_type                   drv_type_enum                        32    MASTER           
        write_latency_mode         latency_mode_enum                    32    CHANNEL_FIRST    
        read_latency_mode          latency_mode_enum                    32    CHANNEL_FIRST    
        clatency                   axi_latency                          -     @430             
          wr_latency               integral                             32    'h0              
          rd_latency               integral                             32    'h0              
    axi_master_gmem0               uvm_env                              -     @401             
      item_rtr_port                uvm_analysis_port                    -     @420             
      item_wtr_port                uvm_analysis_port                    -     @410             
      monitor                      uvm_monitor                          -     @1944            
        item_ar2r_port             uvm_analysis_port                    -     @2013            
        item_ar_port               uvm_analysis_port                    -     @1983            
        item_aw2b_port             uvm_analysis_port                    -     @2003            
        item_aw_port               uvm_analysis_port                    -     @1953            
        item_b_port                uvm_analysis_port                    -     @1973            
        item_r_port                uvm_analysis_port                    -     @1993            
        item_w_port                uvm_analysis_port                    -     @1963            
        checks_enable              integral                             1     'h1              
        coverage_enable            integral                             1     'h1              
      slave                        uvm_agent                            -     @2122            
        ardrv                      uvm_driver #(REQ,RSP)                -     @2799            
          item_read_imp            uvm_analysis_port                    -     @2828            
          rsp_port                 uvm_analysis_port                    -     @2818            
          seq_item_port            uvm_seq_item_pull_port               -     @2808            
          m_num_sent               integral                             32    'h0              
        arsqr                      axi_sequencer                        -     @2838            
          rsp_export               uvm_analysis_export                  -     @2847            
          seq_item_export          uvm_seq_item_pull_imp                -     @2965            
          arbitration_queue        array                                0     -                
          lock_queue               array                                0     -                
          num_last_reqs            integral                             32    'd1              
          num_last_rsps            integral                             32    'd1              
        awdrv                      uvm_driver #(REQ,RSP)                -     @2271            
          item_read_imp            uvm_analysis_port                    -     @2300            
          rsp_port                 uvm_analysis_port                    -     @2290            
          seq_item_port            uvm_seq_item_pull_port               -     @2280            
          m_num_sent               integral                             32    'h0              
        awsqr                      axi_sequencer                        -     @2310            
          rsp_export               uvm_analysis_export                  -     @2319            
          seq_item_export          uvm_seq_item_pull_imp                -     @2437            
          arbitration_queue        array                                0     -                
          lock_queue               array                                0     -                
          num_last_reqs            integral                             32    'd1              
          num_last_rsps            integral                             32    'd1              
        bdrv                       uvm_driver #(REQ,RSP)                -     @2623            
          item_read_imp            uvm_analysis_port                    -     @2652            
          rsp_port                 uvm_analysis_port                    -     @2642            
          seq_item_port            uvm_seq_item_pull_port               -     @2632            
          m_num_sent               integral                             32    'h0              
        bsqr                       axi_sequencer                        -     @2662            
          rsp_export               uvm_analysis_export                  -     @2671            
          seq_item_export          uvm_seq_item_pull_imp                -     @2789            
          arbitration_queue        array                                0     -                
          lock_queue               array                                0     -                
          num_last_reqs            integral                             32    'd1              
          num_last_rsps            integral                             32    'd1              
        rdrv                       uvm_driver #(REQ,RSP)                -     @2975            
          item_read_imp            uvm_analysis_port                    -     @3004            
          rsp_port                 uvm_analysis_port                    -     @2994            
          seq_item_port            uvm_seq_item_pull_port               -     @2984            
          m_num_sent               integral                             32    'h0              
        rsqr                       axi_sequencer                        -     @3014            
          rsp_export               uvm_analysis_export                  -     @3023            
          seq_item_export          uvm_seq_item_pull_imp                -     @3141            
          arbitration_queue        array                                0     -                
          lock_queue               array                                0     -                
          num_last_reqs            integral                             32    'd1              
          num_last_rsps            integral                             32    'd1              
        wdrv                       uvm_driver #(REQ,RSP)                -     @2447            
          item_read_imp            uvm_analysis_port                    -     @2476            
          rsp_port                 uvm_analysis_port                    -     @2466            
          seq_item_port            uvm_seq_item_pull_port               -     @2456            
          m_num_sent               integral                             32    'h0              
        wsqr                       axi_sequencer                        -     @2486            
          rsp_export               uvm_analysis_export                  -     @2495            
          seq_item_export          uvm_seq_item_pull_imp                -     @2613            
          arbitration_queue        array                                0     -                
          lock_queue               array                                0     -                
          num_last_reqs            integral                             32    'd1              
          num_last_rsps            integral                             32    'd1              
      state                        axi_state                            -     @2023            
        ar2r_imp                   uvm_analysis_imp_ar2r                -     @2092            
        ar_imp                     uvm_analysis_imp_ar                  -     @2062            
        aw2b_imp                   uvm_analysis_imp_aw2b                -     @2082            
        aw_imp                     uvm_analysis_imp_aw                  -     @2032            
        b_imp                      uvm_analysis_imp_b                   -     @2052            
        item_rtr_port              uvm_analysis_port                    -     @2112            
        item_wtr_port              uvm_analysis_port                    -     @2102            
        r_imp                      uvm_analysis_imp_r                   -     @2072            
        w_imp                      uvm_analysis_imp_w                   -     @2042            
        avg_rate                   integral                             32    'h0              
        exp_rate                   integral                             32    'h0              
        win_size                   integral                             32    'h0              
        bqnum_for_slaseq           integral                             32    'h0              
        rq_from_model_num          integral                             32    'h0              
      vsqr                         axi_virtual_sequencer                -     @2131            
        rsp_export                 uvm_analysis_export                  -     @2140            
        seq_item_export            uvm_seq_item_pull_imp                -     @2258            
        arbitration_queue          array                                0     -                
        lock_queue                 array                                0     -                
        num_last_reqs              integral                             32    'd1              
        num_last_rsps              integral                             32    'd1              
      cfg                          axi_cfg                              -     @394             
        has_checker                integral                             1     'h1              
        has_coverage               integral                             1     'h1              
        id_num                     integral                             32    'h1              
        reset_level                reset_level_enum                     32    RESET_LEVEL_LOW  
        drv_type                   drv_type_enum                        32    SLAVE            
        write_latency_mode         latency_mode_enum                    32    TRANSACTION_FIRST
        read_latency_mode          latency_mode_enum                    32    TRANSACTION_FIRST
        clatency                   axi_latency                          -     @396             
          wr_latency               integral                             32    'h0              
          rd_latency               integral                             32    'h0              
    refm                           turbovla_lite_e2e_reference_model    -     @461             
      trans_num_idx                integral                             32    'h0              
    subsys_mon                     turbovla_lite_e2e_subsystem_monitor  -     @474             
      control_rtr_imp              uvm_analysis_imp_axi_rtr_control     -     @513             
      control_wtr_imp              uvm_analysis_imp_axi_wtr_control     -     @503             
      gmem0_rtr_imp                uvm_analysis_imp_axi_rtr_gmem0       -     @493             
      gmem0_wtr_imp                uvm_analysis_imp_axi_wtr_gmem0       -     @483             
      scbd                         turbovla_lite_e2e_scoreboard         -     @3222            
        refm                       turbovla_lite_e2e_reference_model    -     @461             
          trans_num_idx            integral                             32    'h0              
    turbovla_lite_e2e_virtual_sqr  turbovla_lite_e2e_virtual_sequencer  -     @523             
      rsp_export                   uvm_analysis_export                  -     @532             
      seq_item_export              uvm_seq_item_pull_imp                -     @650             
      arbitration_queue            array                                0     -                
      lock_queue                   array                                0     -                
      num_last_reqs                integral                             32    'd1              
      num_last_rsps                integral                             32    'd1              
    refm                           turbovla_lite_e2e_reference_model    -     @461             
    turbovla_lite_e2e_virtual_sqr  turbovla_lite_e2e_virtual_sequencer  -     @523             
    turbovla_lite_e2e_cfg          turbovla_lite_e2e_config             -     @393             
      gmem0_cfg                    axi_cfg                              -     @394             
        has_checker                integral                             1     'h1              
        has_coverage               integral                             1     'h1              
        id_num                     integral                             32    'h1              
        reset_level                reset_level_enum                     32    RESET_LEVEL_LOW  
        drv_type                   drv_type_enum                        32    SLAVE            
        write_latency_mode         latency_mode_enum                    32    TRANSACTION_FIRST
        read_latency_mode          latency_mode_enum                    32    TRANSACTION_FIRST
        clatency                   axi_latency                          -     @396             
          wr_latency               integral                             32    'h0              
          rd_latency               integral                             32    'h0              
      control_cfg                  axi_cfg                              -     @395             
        has_checker                integral                             1     'h1              
        has_coverage               integral                             1     'h1              
        id_num                     integral                             32    'h1              
        reset_level                reset_level_enum                     32    RESET_LEVEL_LOW  
        drv_type                   drv_type_enum                        32    MASTER           
        write_latency_mode         latency_mode_enum                    32    CHANNEL_FIRST    
        read_latency_mode          latency_mode_enum                    32    CHANNEL_FIRST    
        clatency                   axi_latency                          -     @430             
          wr_latency               integral                             32    'h0              
          rd_latency               integral                             32    'h0              
      check_ena                    integral                             32    'h0              
      cover_ena                    integral                             32    'h0              
-----------------------------------------------------------------------------------------------

UVM_INFO /home/frank/AMD/vivado/2025.01/2025.1/Vivado/data/system_verilog/uvm_1.2/xlnx_uvm_package.sv(20867) @ 0: reporter [UVM/COMP/NAMECHECK] This implementation of the component name checks requires DPI to be enabled
////////////////////////////////////////////////////////////////////////////////////
// Inter-Transaction Progress: Completed Transaction / Total Transaction
// Intra-Transaction Progress: Measured Latency / Latency Estimation * 100%
//
// RTL Simulation : "Inter-Transaction Progress" ["Intra-Transaction Progress"] @ "Simulation Time"
////////////////////////////////////////////////////////////////////////////////////
// RTL Simulation : 0 / 1 [0.00%] @ "113000"
// RTL Simulation : 1 / 1 [100.00%] @ "763000"
////////////////////////////////////////////////////////////////////////////////////
$finish called at time : 827500 ps : File "/home/frank/AMD/vivado/2025.01/2025.1/Vivado/data/system_verilog/uvm_1.2/xlnx_uvm_package.sv" Line 18699
## quit
INFO: [Common 17-206] Exiting xsim at Tue Sep 22 02:26:30 2026...
INFO: [COSIM 212-316] Starting C post checking ...
e2e non-positive state scale rejection gate passed
TURBOVLA_COSIM_CASE_PASS: 4
TURBOVLA_COSIM_CASE_START: 5
INFO: [HLS 200-1510] Running: cosim_design -setup -trace_level none -rtl verilog -tool xsim -argv /home/frank/TurboVLA-codex-T015-b3761ce/tests/data/lite_parameter_pack_qat 5 
INFO: [COSIM 212-47] Using XSIM for RTL simulation.
INFO: [COSIM 212-14] Instrumenting C test bench ...
   Build using "/home/frank/AMD/vivado/2025.01/2025.1/Vitis/lnx64/tools/vcxx/libexec//clang++"
   Compiling apatb_turbovla_lite_e2e.cpp
   Compiling e2e.cpp_pre.cpp.tb.cpp
   Compiling tb_e2e.cpp_pre.cpp.tb.cpp
   Compiling apatb_turbovla_lite_e2e_ir.ll
   Generating cosim.tv.exe
INFO: [COSIM 212-302] Starting C TB testing ... 
e2e non-finite state scale rejection gate passed
INFO: [COSIM 212-333] Generating C post check test bench ...
INFO: [COSIM 212-12] Generating RTL test bench ...

****** Vivado v2025.1 (64-bit)
  **** SW Build 6140274 on Wed May 21 22:58:25 MDT 2025
  **** IP Build 6138677 on Thu May 22 03:10:11 MDT 2025
  **** SharedData Build 6139179 on Tue May 20 17:58:58 MDT 2025
  **** Start of session at: Tue Sep 22 02:26:43 2026
    ** Copyright 1986-2022 Xilinx, Inc. All Rights Reserved.
    ** Copyright 2022-2025 Advanced Micro Devices, Inc. All Rights Reserved.

source run_vivado_gen_ip.tcl -notrace
INFO: [IP_Flow 19-234] Refreshing IP repositories
INFO: [IP_Flow 19-1704] No user IP repositories specified
INFO: [IP_Flow 19-2313] Loaded Vivado IP repository '/home/frank/AMD/vivado/2025.01/2025.1/Vivado/data/ip'.
INFO: [IP_Flow 19-1686] Generating 'Synthesis' target for IP 'turbovla_lite_e2e_fadd_32ns_32ns_32_8_full_dsp_1_ip'...
INFO: [IP_Flow 19-1686] Generating 'Simulation' target for IP 'turbovla_lite_e2e_fadd_32ns_32ns_32_8_full_dsp_1_ip'...
INFO: [IP_Flow 19-1686] Generating 'Synthesis' target for IP 'turbovla_lite_e2e_fdiv_32ns_32ns_32_16_no_dsp_0_ip'...
INFO: [IP_Flow 19-1686] Generating 'Simulation' target for IP 'turbovla_lite_e2e_fdiv_32ns_32ns_32_16_no_dsp_0_ip'...
INFO: [IP_Flow 19-1686] Generating 'Synthesis' target for IP 'turbovla_lite_e2e_dadd_64ns_64ns_64_9_full_dsp_0_ip'...
INFO: [IP_Flow 19-1686] Generating 'Simulation' target for IP 'turbovla_lite_e2e_dadd_64ns_64ns_64_9_full_dsp_0_ip'...
INFO: [IP_Flow 19-1686] Generating 'Synthesis' target for IP 'turbovla_lite_e2e_fexp_32ns_32ns_32_13_full_dsp_1_ip'...
INFO: [IP_Flow 19-1686] Generating 'Simulation' target for IP 'turbovla_lite_e2e_fexp_32ns_32ns_32_13_full_dsp_1_ip'...
INFO: [IP_Flow 19-1686] Generating 'Synthesis' target for IP 'turbovla_lite_e2e_faddfsub_32ns_32ns_32_8_full_dsp_1_ip'...
INFO: [IP_Flow 19-1686] Generating 'Simulation' target for IP 'turbovla_lite_e2e_faddfsub_32ns_32ns_32_8_full_dsp_1_ip'...
INFO: [IP_Flow 19-1686] Generating 'Synthesis' target for IP 'turbovla_lite_e2e_sitofp_32ns_32_6_no_dsp_1_ip'...
INFO: [IP_Flow 19-1686] Generating 'Simulation' target for IP 'turbovla_lite_e2e_sitofp_32ns_32_6_no_dsp_1_ip'...
INFO: [IP_Flow 19-1686] Generating 'Synthesis' target for IP 'turbovla_lite_e2e_fpext_32ns_64_2_no_dsp_0_ip'...
INFO: [IP_Flow 19-1686] Generating 'Simulation' target for IP 'turbovla_lite_e2e_fpext_32ns_64_2_no_dsp_0_ip'...
INFO: [IP_Flow 19-1686] Generating 'Synthesis' target for IP 'turbovla_lite_e2e_fmul_32ns_32ns_32_5_max_dsp_1_ip'...
INFO: [IP_Flow 19-1686] Generating 'Simulation' target for IP 'turbovla_lite_e2e_fmul_32ns_32ns_32_5_max_dsp_1_ip'...
INFO: [IP_Flow 19-1686] Generating 'Synthesis' target for IP 'turbovla_lite_e2e_fcmp_32ns_32ns_1_2_no_dsp_0_ip'...
INFO: [IP_Flow 19-1686] Generating 'Simulation' target for IP 'turbovla_lite_e2e_fcmp_32ns_32ns_1_2_no_dsp_0_ip'...
INFO: [IP_Flow 19-1686] Generating 'Synthesis' target for IP 'turbovla_lite_e2e_fptrunc_64ns_32_2_no_dsp_0_ip'...
INFO: [IP_Flow 19-1686] Generating 'Simulation' target for IP 'turbovla_lite_e2e_fptrunc_64ns_32_2_no_dsp_0_ip'...
INFO: [IP_Flow 19-1686] Generating 'Synthesis' target for IP 'turbovla_lite_e2e_sitofp_32s_32_6_no_dsp_1_ip'...
INFO: [IP_Flow 19-1686] Generating 'Simulation' target for IP 'turbovla_lite_e2e_sitofp_32s_32_6_no_dsp_1_ip'...
INFO: [IP_Flow 19-1686] Generating 'Synthesis' target for IP 'turbovla_lite_e2e_uitofp_32ns_32_6_no_dsp_1_ip'...
INFO: [IP_Flow 19-1686] Generating 'Simulation' target for IP 'turbovla_lite_e2e_uitofp_32ns_32_6_no_dsp_1_ip'...
INFO: [IP_Flow 19-1686] Generating 'Synthesis' target for IP 'turbovla_lite_e2e_fsub_32ns_32ns_32_8_full_dsp_0_ip'...
INFO: [IP_Flow 19-1686] Generating 'Simulation' target for IP 'turbovla_lite_e2e_fsub_32ns_32ns_32_8_full_dsp_0_ip'...
INFO: [Common 17-206] Exiting Vivado at Tue Sep 22 02:26:56 2026...
INFO: [COSIM 212-1] *** C/RTL co-simulation file generation completed. ***
INFO: [COSIM 212-211] II is measurable only when transaction number is greater than 1 in RTL simulation. Otherwise, they will be marked as all NA. If user wants to calculate them, please make sure there are at least 2 transactions in RTL simulation.
INFO: [HLS 200-2161] Finished Command cosim_design Elapsed time: 00:00:33; Allocated memory: 4.840 MB.
INFO: [HLS 200-1510] Running: source run_sim.tcl
INFO: [HLS 200-1510] Running: source check_sim.tcl
INFO: [HLS 200-1510] Running: source dataflow_monitor_API.tcl
INFO: [COSIM 212-302] Starting C TB testing ...  
e2e non-finite state scale rejection gate passed
INFO: [COSIM 212-323] Starting verilog simulation...
INFO: [COSIM 212-15] Starting XSIM ...
Vivado Simulator v2025.1.0
Copyright 1986-2022 Xilinx, Inc. All Rights Reserved.
Copyright 2022-2025 Advanced Micro Devices, Inc. All Rights Reserved.
Running: /home/frank/AMD/vivado/2025.01/2025.1/Vivado/bin/unwrapped/lnx64.o/xelab xil_defaultlib.apatb_turbovla_lite_e2e_top xil_defaultlib.glbl -Oenable_linking_all_libraries -prj turbovla_lite_e2e.prj -L smartconnect_v1_0 -L axi_protocol_checker_v1_1_12 -L axi_protocol_checker_v1_1_13 -L axis_protocol_checker_v1_1_11 -L axis_protocol_checker_v1_1_12 -L xil_defaultlib -L unisims_ver -L xpm -L floating_point_v7_1_20 -L floating_point_v7_0_25 --lib ieee_proposed=./ieee_proposed -L uvm -relax -i ./svr -i ./svtb -i ./file_agent -i ./turbovla_lite_e2e_subsystem -s turbovla_lite_e2e 
Multi-threading is on. Using 12 slave threads.
Determining compilation order of HDL files.
WARNING: [XSIM 43-3431] One or more environment variables have been detected which affect the operation of the C compiler. These are typically not set in standard installations and are not tested by AMD, however they may be appropriate for your system, so the flow will attempt to continue.  If errors occur, try running xelab with the "-mt off -v 1" switches to see more information from the C compiler. The following environment variables have been detected:
    LIBRARY_PATH
INFO: [VRFC 10-2263] Analyzing SystemVerilog file "/home/frank/TurboVLA-codex-T015-b3761ce/build/hls/e2e/e2e_solution/sim/verilog/glbl.v" into library xil_defaultlib
INFO: [VRFC 10-311] analyzing module glbl
INFO: [VRFC 10-2263] Analyzing SystemVerilog file "/home/frank/TurboVLA-codex-T015-b3761ce/build/hls/e2e/e2e_solution/sim/verilog/turbovla_lite_e2e_fmul_32ns_32ns_32_5_max_dsp_1.v" into library xil_defaultlib
INFO: [VRFC 10-311] analyzing module turbovla_lite_e2e_fmul_32ns_32ns_32_5_max_dsp_1
INFO: [VRFC 10-2263] Analyzing SystemVerilog file "/home/frank/TurboVLA-codex-T015-b3761ce/build/hls/e2e/e2e_solution/sim/verilog/turbovla_lite_e2e_p_anonymous_namespace_quantize.v" into library xil_defaultlib
INFO: [VRFC 10-311] analyzing module turbovla_lite_e2e_p_anonymous_namespace_quantize
INFO: [VRFC 10-2263] Analyzing SystemVerilog file "/home/frank/TurboVLA-codex-T015-b3761ce/build/hls/e2e/e2e_solution/sim/verilog/turbovla_lite_e2e_p_anonymous_namespace_quantize_mask_table_ROM_AUTO_1R.v" into library xil_defaultlib
INFO: [VRFC 10-311] analyzing module turbovla_lite_e2e_p_anonymous_namespace_quantize_mask_table_ROM_AUTO_1R
INFO: [VRFC 10-2263] Analyzing SystemVerilog file "/home/frank/TurboVLA-codex-T015-b3761ce/build/hls/e2e/e2e_solution/sim/verilog/turbovla_lite_e2e_faddfsub_32ns_32ns_32_8_full_dsp_1.v" into library xil_defaultlib
INFO: [VRFC 10-311] analyzing module turbovla_lite_e2e_faddfsub_32ns_32ns_32_8_full_dsp_1
INFO: [VRFC 10-2263] Analyzing SystemVerilog file "/home/frank/TurboVLA-codex-T015-b3761ce/build/hls/e2e/e2e_solution/sim/verilog/turbovla_lite_e2e_p_anonymous_namespace_encode_visual_Pipeline_1.v" into library xil_defaultlib
INFO: [VRFC 10-311] analyzing module turbovla_lite_e2e_p_anonymous_namespace_encode_visual_Pipeline_1
INFO: [VRFC 10-2263] Analyzing SystemVerilog file "/home/frank/TurboVLA-codex-T015-b3761ce/build/hls/e2e/e2e_solution/sim/verilog/turbovla_lite_e2e_fpext_32ns_64_2_no_dsp_0.v" into library xil_defaultlib
INFO: [VRFC 10-311] analyzing module turbovla_lite_e2e_fpext_32ns_64_2_no_dsp_0
INFO: [VRFC 10-2263] Analyzing SystemVerilog file "/home/frank/TurboVLA-codex-T015-b3761ce/build/hls/e2e/e2e_solution/sim/verilog/turbovla_lite_e2e_p_anonymous_namespace_fuse_layer_Pipeline_1.v" into library xil_defaultlib
INFO: [VRFC 10-311] analyzing module turbovla_lite_e2e_p_anonymous_namespace_fuse_layer_Pipeline_1
INFO: [VRFC 10-2263] Analyzing SystemVerilog file "/home/frank/TurboVLA-codex-T015-b3761ce/build/hls/e2e/e2e_solution/sim/verilog/turbovla_lite_e2e_generic_tanh_float_s.v" into library xil_defaultlib
INFO: [VRFC 10-311] analyzing module turbovla_lite_e2e_generic_tanh_float_s
INFO: [VRFC 10-2263] Analyzing SystemVerilog file "/home/frank/TurboVLA-codex-T015-b3761ce/build/hls/e2e/e2e_solution/sim/verilog/turbovla_lite_e2e_mac_muladd_8s_8s_16s_17_4_1.v" into library xil_defaultlib
INFO: [VRFC 10-311] analyzing module turbovla_lite_e2e_mac_muladd_8s_8s_16s_17_4_1_DSP48_0
INFO: [VRFC 10-311] analyzing module turbovla_lite_e2e_mac_muladd_8s_8s_16s_17_4_1
INFO: [VRFC 10-2263] Analyzing SystemVerilog file "/home/frank/TurboVLA-codex-T015-b3761ce/build/hls/e2e/e2e_solution/sim/verilog/turbovla_lite_e2e_uitofp_32ns_32_6_no_dsp_1.v" into library xil_defaultlib
INFO: [VRFC 10-311] analyzing module turbovla_lite_e2e_uitofp_32ns_32_6_no_dsp_1
INFO: [VRFC 10-2263] Analyzing SystemVerilog file "/home/frank/TurboVLA-codex-T015-b3761ce/build/hls/e2e/e2e_solution/sim/verilog/turbovla_lite_e2e_fexp_32ns_32ns_32_13_full_dsp_1.v" into library xil_defaultlib
INFO: [VRFC 10-311] analyzing module turbovla_lite_e2e_fexp_32ns_32ns_32_13_full_dsp_1
INFO: [VRFC 10-2263] Analyzing SystemVerilog file "/home/frank/TurboVLA-codex-T015-b3761ce/build/hls/e2e/e2e_solution/sim/verilog/turbovla_lite_e2e_mac_muladd_8s_8s_32s_32_4_1.v" into library xil_defaultlib
INFO: [VRFC 10-311] analyzing module turbovla_lite_e2e_mac_muladd_8s_8s_32s_32_4_1_DSP48_0
INFO: [VRFC 10-311] analyzing module turbovla_lite_e2e_mac_muladd_8s_8s_32s_32_4_1
INFO: [VRFC 10-2263] Analyzing SystemVerilog file "/home/frank/TurboVLA-codex-T015-b3761ce/build/hls/e2e/e2e_solution/sim/verilog/turbovla_lite_e2e_exp_generic_double_s_table_f_Z2_ap_ufixed_59_0_ap_q_mode_5_ap_o_mode_3_0_arradEe.v" into library xil_defaultlib
INFO: [VRFC 10-311] analyzing module turbovla_lite_e2e_exp_generic_double_s_table_f_Z2_ap_ufixed_59_0_ap_q_mode_5_ap_o_mode_3_0_arradEe
INFO: [VRFC 10-2263] Analyzing SystemVerilog file "/home/frank/TurboVLA-codex-T015-b3761ce/build/hls/e2e/e2e_solution/sim/verilog/turbovla_lite_e2e_control_s_axi.v" into library xil_defaultlib
INFO: [VRFC 10-311] analyzing module turbovla_lite_e2e_control_s_axi
INFO: [VRFC 10-2263] Analyzing SystemVerilog file "/home/frank/TurboVLA-codex-T015-b3761ce/build/hls/e2e/e2e_solution/sim/verilog/turbovla_lite_e2e.autotb.v" into library xil_defaultlib
INFO: [VRFC 10-311] analyzing module apatb_turbovla_lite_e2e_top
INFO: [VRFC 10-2263] Analyzing SystemVerilog file "/home/frank/TurboVLA-codex-T015-b3761ce/build/hls/e2e/e2e_solution/sim/verilog/turbovla_lite_e2e_run.v" into library xil_defaultlib
INFO: [VRFC 10-311] analyzing module turbovla_lite_e2e_run
INFO: [VRFC 10-2263] Analyzing SystemVerilog file "/home/frank/TurboVLA-codex-T015-b3761ce/build/hls/e2e/e2e_solution/sim/verilog/turbovla_lite_e2e_p_anonymous_namespace_decode_action_state_q_RAM_AUTO_1R1W.v" into library xil_defaultlib
INFO: [VRFC 10-311] analyzing module turbovla_lite_e2e_p_anonymous_namespace_decode_action_state_q_RAM_AUTO_1R1W
INFO: [VRFC 10-2263] Analyzing SystemVerilog file "/home/frank/TurboVLA-codex-T015-b3761ce/build/hls/e2e/e2e_solution/sim/verilog/turbovla_lite_e2e_exp_generic_double_s_table_exp_Z1_ap_ufixed_58_1_ap_q_mode_5_ap_o_mode_3_0_arbkb.v" into library xil_defaultlib
INFO: [VRFC 10-311] analyzing module turbovla_lite_e2e_exp_generic_double_s_table_exp_Z1_ap_ufixed_58_1_ap_q_mode_5_ap_o_mode_3_0_arbkb
INFO: [VRFC 10-2263] Analyzing SystemVerilog file "/home/frank/TurboVLA-codex-T015-b3761ce/build/hls/e2e/e2e_solution/sim/verilog/turbovla_lite_e2e_fptrunc_64ns_32_2_no_dsp_0.v" into library xil_defaultlib
INFO: [VRFC 10-311] analyzing module turbovla_lite_e2e_fptrunc_64ns_32_2_no_dsp_0
INFO: [VRFC 10-2263] Analyzing SystemVerilog file "/home/frank/TurboVLA-codex-T015-b3761ce/build/hls/e2e/e2e_solution/sim/verilog/turbovla_lite_e2e_p_anonymous_namespace_decode_action.v" into library xil_defaultlib
INFO: [VRFC 10-311] analyzing module turbovla_lite_e2e_p_anonymous_namespace_decode_action
INFO: [VRFC 10-2263] Analyzing SystemVerilog file "/home/frank/TurboVLA-codex-T015-b3761ce/build/hls/e2e/e2e_solution/sim/verilog/turbovla_lite_e2e_fdiv_32ns_32ns_32_16_no_dsp_0.v" into library xil_defaultlib
INFO: [VRFC 10-311] analyzing module turbovla_lite_e2e_fdiv_32ns_32ns_32_16_no_dsp_0
INFO: [VRFC 10-2263] Analyzing SystemVerilog file "/home/frank/TurboVLA-codex-T015-b3761ce/build/hls/e2e/e2e_solution/sim/verilog/turbovla_lite_e2e_p_anonymous_namespace_fuse_layer_Pipeline_2.v" into library xil_defaultlib
INFO: [VRFC 10-311] analyzing module turbovla_lite_e2e_p_anonymous_namespace_fuse_layer_Pipeline_2
INFO: [VRFC 10-2263] Analyzing SystemVerilog file "/home/frank/TurboVLA-codex-T015-b3761ce/build/hls/e2e/e2e_solution/sim/verilog/turbovla_lite_e2e_p_anonymous_namespace_decode_action_hidden_q_RAM_AUTO_1R1W.v" into library xil_defaultlib
INFO: [VRFC 10-311] analyzing module turbovla_lite_e2e_p_anonymous_namespace_decode_action_hidden_q_RAM_AUTO_1R1W
INFO: [VRFC 10-2263] Analyzing SystemVerilog file "/home/frank/TurboVLA-codex-T015-b3761ce/build/hls/e2e/e2e_solution/sim/verilog/turbovla_lite_e2e_flow_control_loop_pipe_sequential_init.v" into library xil_defaultlib
INFO: [VRFC 10-311] analyzing module turbovla_lite_e2e_flow_control_loop_pipe_sequential_init
INFO: [VRFC 10-2263] Analyzing SystemVerilog file "/home/frank/TurboVLA-codex-T015-b3761ce/build/hls/e2e/e2e_solution/sim/verilog/turbovla_lite_e2e_exp_generic_double_s_table_f_Z3_ap_ufixed_59_0_ap_q_mode_5_ap_o_mode_3_0_arracud.v" into library xil_defaultlib
INFO: [VRFC 10-311] analyzing module turbovla_lite_e2e_exp_generic_double_s_table_f_Z3_ap_ufixed_59_0_ap_q_mode_5_ap_o_mode_3_0_arracud
INFO: [VRFC 10-2263] Analyzing SystemVerilog file "/home/frank/TurboVLA-codex-T015-b3761ce/build/hls/e2e/e2e_solution/sim/verilog/turbovla_lite_e2e_mac_muladd_8s_8s_23s_23_4_1.v" into library xil_defaultlib
INFO: [VRFC 10-311] analyzing module turbovla_lite_e2e_mac_muladd_8s_8s_23s_23_4_1_DSP48_0
INFO: [VRFC 10-311] analyzing module turbovla_lite_e2e_mac_muladd_8s_8s_23s_23_4_1
INFO: [VRFC 10-2263] Analyzing SystemVerilog file "/home/frank/TurboVLA-codex-T015-b3761ce/build/hls/e2e/e2e_solution/sim/verilog/turbovla_lite_e2e_mac_muladd_8s_8s_17s_17_4_1.v" into library xil_defaultlib
INFO: [VRFC 10-311] analyzing module turbovla_lite_e2e_mac_muladd_8s_8s_17s_17_4_1_DSP48_0
INFO: [VRFC 10-311] analyzing module turbovla_lite_e2e_mac_muladd_8s_8s_17s_17_4_1
INFO: [VRFC 10-2263] Analyzing SystemVerilog file "/home/frank/TurboVLA-codex-T015-b3761ce/build/hls/e2e/e2e_solution/sim/verilog/turbovla_lite_e2e_mul_13s_71s_71_3_1.v" into library xil_defaultlib
INFO: [VRFC 10-311] analyzing module turbovla_lite_e2e_mul_13s_71s_71_3_1
INFO: [VRFC 10-2263] Analyzing SystemVerilog file "/home/frank/TurboVLA-codex-T015-b3761ce/build/hls/e2e/e2e_solution/sim/verilog/turbovla_lite_e2e_run_action_RAM_AUTO_1R1W.v" into library xil_defaultlib
INFO: [VRFC 10-311] analyzing module turbovla_lite_e2e_run_action_RAM_AUTO_1R1W
INFO: [VRFC 10-2263] Analyzing SystemVerilog file "/home/frank/TurboVLA-codex-T015-b3761ce/build/hls/e2e/e2e_solution/sim/verilog/turbovla_lite_e2e_run_Pipeline_VITIS_LOOP_322_1.v" into library xil_defaultlib
INFO: [VRFC 10-311] analyzing module turbovla_lite_e2e_run_Pipeline_VITIS_LOOP_322_1
INFO: [VRFC 10-2263] Analyzing SystemVerilog file "/home/frank/TurboVLA-codex-T015-b3761ce/build/hls/e2e/e2e_solution/sim/verilog/turbovla_lite_e2e_dadd_64ns_64ns_64_9_full_dsp_0.v" into library xil_defaultlib
INFO: [VRFC 10-311] analyzing module turbovla_lite_e2e_dadd_64ns_64ns_64_9_full_dsp_0
INFO: [VRFC 10-2263] Analyzing SystemVerilog file "/home/frank/TurboVLA-codex-T015-b3761ce/build/hls/e2e/e2e_solution/sim/verilog/turbovla_lite_e2e_p_anonymous_namespace_decode_action_Pipeline_VITIS_LOOP_254_2.v" into library xil_defaultlib
INFO: [VRFC 10-311] analyzing module turbovla_lite_e2e_p_anonymous_namespace_decode_action_Pipeline_VITIS_LOOP_254_2
INFO: [VRFC 10-2263] Analyzing SystemVerilog file "/home/frank/TurboVLA-codex-T015-b3761ce/build/hls/e2e/e2e_solution/sim/verilog/turbovla_lite_e2e_p_anonymous_namespace_quantize_one_half_table_ROM_AUTO_1R.v" into library xil_defaultlib
INFO: [VRFC 10-311] analyzing module turbovla_lite_e2e_p_anonymous_namespace_quantize_one_half_table_ROM_AUTO_1R
INFO: [VRFC 10-2263] Analyzing SystemVerilog file "/home/frank/TurboVLA-codex-T015-b3761ce/build/hls/e2e/e2e_solution/sim/verilog/turbovla_lite_e2e_mul_50ns_50ns_99_2_1.v" into library xil_defaultlib
INFO: [VRFC 10-311] analyzing module turbovla_lite_e2e_mul_50ns_50ns_99_2_1
INFO: [VRFC 10-2263] Analyzing SystemVerilog file "/home/frank/TurboVLA-codex-T015-b3761ce/build/hls/e2e/e2e_solution/sim/verilog/turbovla_lite_e2e_p_anonymous_namespace_fuse_layer_1_Pipeline_VITIS_LOOP_195_1_VITIS_LOOP_196_2.v" into library xil_defaultlib
INFO: [VRFC 10-311] analyzing module turbovla_lite_e2e_p_anonymous_namespace_fuse_layer_1_Pipeline_VITIS_LOOP_195_1_VITIS_LOOP_196_2
INFO: [VRFC 10-2263] Analyzing SystemVerilog file "/home/frank/TurboVLA-codex-T015-b3761ce/build/hls/e2e/e2e_solution/sim/verilog/turbovla_lite_e2e_p_anonymous_namespace_fuse_layer_1_Pipeline_2.v" into library xil_defaultlib
INFO: [VRFC 10-311] analyzing module turbovla_lite_e2e_p_anonymous_namespace_fuse_layer_1_Pipeline_2
INFO: [VRFC 10-2263] Analyzing SystemVerilog file "/home/frank/TurboVLA-codex-T015-b3761ce/build/hls/e2e/e2e_solution/sim/verilog/turbovla_lite_e2e_sparsemux_7_2_32_1_0.v" into library xil_defaultlib
INFO: [VRFC 10-311] analyzing module turbovla_lite_e2e_sparsemux_7_2_32_1_0
INFO: [VRFC 10-2263] Analyzing SystemVerilog file "/home/frank/TurboVLA-codex-T015-b3761ce/build/hls/e2e/e2e_solution/sim/verilog/turbovla_lite_e2e_p_anonymous_namespace_fuse_layer_Pipeline_VITIS_LOOP_195_1_VITIS_LOOP_196_2.v" into library xil_defaultlib
INFO: [VRFC 10-311] analyzing module turbovla_lite_e2e_p_anonymous_namespace_fuse_layer_Pipeline_VITIS_LOOP_195_1_VITIS_LOOP_196_2
INFO: [VRFC 10-2263] Analyzing SystemVerilog file "/home/frank/TurboVLA-codex-T015-b3761ce/build/hls/e2e/e2e_solution/sim/verilog/turbovla_lite_e2e_sitofp_32ns_32_6_no_dsp_1.v" into library xil_defaultlib
INFO: [VRFC 10-311] analyzing module turbovla_lite_e2e_sitofp_32ns_32_6_no_dsp_1
INFO: [VRFC 10-2263] Analyzing SystemVerilog file "/home/frank/TurboVLA-codex-T015-b3761ce/build/hls/e2e/e2e_solution/sim/verilog/turbovla_lite_e2e.v" into library xil_defaultlib
INFO: [VRFC 10-311] analyzing module turbovla_lite_e2e
INFO: [VRFC 10-2263] Analyzing SystemVerilog file "/home/frank/TurboVLA-codex-T015-b3761ce/build/hls/e2e/e2e_solution/sim/verilog/turbovla_lite_e2e_p_anonymous_namespace_fuse_layer_1_Pipeline_VITIS_LOOP_210_5.v" into library xil_defaultlib
INFO: [VRFC 10-311] analyzing module turbovla_lite_e2e_p_anonymous_namespace_fuse_layer_1_Pipeline_VITIS_LOOP_210_5
INFO: [VRFC 10-2263] Analyzing SystemVerilog file "/home/frank/TurboVLA-codex-T015-b3761ce/build/hls/e2e/e2e_solution/sim/verilog/turbovla_lite_e2e_p_anonymous_namespace_decode_action_Pipeline_VITIS_LOOP_277_6.v" into library xil_defaultlib
INFO: [VRFC 10-311] analyzing module turbovla_lite_e2e_p_anonymous_namespace_decode_action_Pipeline_VITIS_LOOP_277_6
INFO: [VRFC 10-2263] Analyzing SystemVerilog file "/home/frank/TurboVLA-codex-T015-b3761ce/build/hls/e2e/e2e_solution/sim/verilog/turbovla_lite_e2e_fadd_32ns_32ns_32_8_full_dsp_1.v" into library xil_defaultlib
INFO: [VRFC 10-311] analyzing module turbovla_lite_e2e_fadd_32ns_32ns_32_8_full_dsp_1
INFO: [VRFC 10-2263] Analyzing SystemVerilog file "/home/frank/TurboVLA-codex-T015-b3761ce/build/hls/e2e/e2e_solution/sim/verilog/turbovla_lite_e2e_fsub_32ns_32ns_32_8_full_dsp_0.v" into library xil_defaultlib
INFO: [VRFC 10-311] analyzing module turbovla_lite_e2e_fsub_32ns_32ns_32_8_full_dsp_0
INFO: [VRFC 10-2263] Analyzing SystemVerilog file "/home/frank/TurboVLA-codex-T015-b3761ce/build/hls/e2e/e2e_solution/sim/verilog/turbovla_lite_e2e_p_anonymous_namespace_decode_action_Pipeline_VITIS_LOOP_248_1.v" into library xil_defaultlib
INFO: [VRFC 10-311] analyzing module turbovla_lite_e2e_p_anonymous_namespace_decode_action_Pipeline_VITIS_LOOP_248_1
INFO: [VRFC 10-2263] Analyzing SystemVerilog file "/home/frank/TurboVLA-codex-T015-b3761ce/build/hls/e2e/e2e_solution/sim/verilog/turbovla_lite_e2e_exp_generic_double_s.v" into library xil_defaultlib
INFO: [VRFC 10-311] analyzing module turbovla_lite_e2e_exp_generic_double_s
INFO: [VRFC 10-2263] Analyzing SystemVerilog file "/home/frank/TurboVLA-codex-T015-b3761ce/build/hls/e2e/e2e_solution/sim/verilog/turbovla_lite_e2e_p_anonymous_namespace_encode_visual_pooled_RAM_AUTO_1R1W.v" into library xil_defaultlib
INFO: [VRFC 10-311] analyzing module turbovla_lite_e2e_p_anonymous_namespace_encode_visual_pooled_RAM_AUTO_1R1W
INFO: [VRFC 10-2263] Analyzing SystemVerilog file "/home/frank/TurboVLA-codex-T015-b3761ce/build/hls/e2e/e2e_solution/sim/verilog/turbovla_lite_e2e_p_anonymous_namespace_encode_visual.v" into library xil_defaultlib
INFO: [VRFC 10-311] analyzing module turbovla_lite_e2e_p_anonymous_namespace_encode_visual
INFO: [VRFC 10-2263] Analyzing SystemVerilog file "/home/frank/TurboVLA-codex-T015-b3761ce/build/hls/e2e/e2e_solution/sim/verilog/turbovla_lite_e2e_run_fusion_1_RAM_1WNR_AUTO_1R1W.v" into library xil_defaultlib
INFO: [VRFC 10-311] analyzing module turbovla_lite_e2e_run_fusion_1_RAM_1WNR_AUTO_1R1W
INFO: [VRFC 10-2263] Analyzing SystemVerilog file "/home/frank/TurboVLA-codex-T015-b3761ce/build/hls/e2e/e2e_solution/sim/verilog/turbovla_lite_e2e_sparsemux_9_3_64_1_1.v" into library xil_defaultlib
INFO: [VRFC 10-311] analyzing module turbovla_lite_e2e_sparsemux_9_3_64_1_1
INFO: [VRFC 10-2263] Analyzing SystemVerilog file "/home/frank/TurboVLA-codex-T015-b3761ce/build/hls/e2e/e2e_solution/sim/verilog/turbovla_lite_e2e_p_anonymous_namespace_fuse_layer_language_candidate_RAM_AUTO_1R1W.v" into library xil_defaultlib
INFO: [VRFC 10-311] analyzing module turbovla_lite_e2e_p_anonymous_namespace_fuse_layer_language_candidate_RAM_AUTO_1R1W
INFO: [VRFC 10-2263] Analyzing SystemVerilog file "/home/frank/TurboVLA-codex-T015-b3761ce/build/hls/e2e/e2e_solution/sim/verilog/turbovla_lite_e2e_sitofp_32s_32_6_no_dsp_1.v" into library xil_defaultlib
INFO: [VRFC 10-311] analyzing module turbovla_lite_e2e_sitofp_32s_32_6_no_dsp_1
INFO: [VRFC 10-2263] Analyzing SystemVerilog file "/home/frank/TurboVLA-codex-T015-b3761ce/build/hls/e2e/e2e_solution/sim/verilog/turbovla_lite_e2e_mul_49ns_44ns_93_2_1.v" into library xil_defaultlib
INFO: [VRFC 10-311] analyzing module turbovla_lite_e2e_mul_49ns_44ns_93_2_1
INFO: [VRFC 10-2263] Analyzing SystemVerilog file "/home/frank/TurboVLA-codex-T015-b3761ce/build/hls/e2e/e2e_solution/sim/verilog/turbovla_lite_e2e_p_anonymous_namespace_fuse_layer_language_gate_RAM_AUTO_1R1W.v" into library xil_defaultlib
INFO: [VRFC 10-311] analyzing module turbovla_lite_e2e_p_anonymous_namespace_fuse_layer_language_gate_RAM_AUTO_1R1W
INFO: [VRFC 10-2263] Analyzing SystemVerilog file "/home/frank/TurboVLA-codex-T015-b3761ce/build/hls/e2e/e2e_solution/sim/verilog/turbovla_lite_e2e_p_anonymous_namespace_fuse_layer.v" into library xil_defaultlib
INFO: [VRFC 10-311] analyzing module turbovla_lite_e2e_p_anonymous_namespace_fuse_layer
INFO: [VRFC 10-2263] Analyzing SystemVerilog file "/home/frank/TurboVLA-codex-T015-b3761ce/build/hls/e2e/e2e_solution/sim/verilog/turbovla_lite_e2e_mul_8s_8s_16_1_1.v" into library xil_defaultlib
INFO: [VRFC 10-311] analyzing module turbovla_lite_e2e_mul_8s_8s_16_1_1
INFO: [VRFC 10-2263] Analyzing SystemVerilog file "/home/frank/TurboVLA-codex-T015-b3761ce/build/hls/e2e/e2e_solution/sim/verilog/turbovla_lite_e2e_p_anonymous_namespace_fuse_layer_Pipeline_VITIS_LOOP_210_5.v" into library xil_defaultlib
INFO: [VRFC 10-311] analyzing module turbovla_lite_e2e_p_anonymous_namespace_fuse_layer_Pipeline_VITIS_LOOP_210_5
INFO: [VRFC 10-2263] Analyzing SystemVerilog file "/home/frank/TurboVLA-codex-T015-b3761ce/build/hls/e2e/e2e_solution/sim/verilog/turbovla_lite_e2e_p_anonymous_namespace_fuse_layer_1_Pipeline_1.v" into library xil_defaultlib
INFO: [VRFC 10-311] analyzing module turbovla_lite_e2e_p_anonymous_namespace_fuse_layer_1_Pipeline_1
INFO: [VRFC 10-2263] Analyzing SystemVerilog file "/home/frank/TurboVLA-codex-T015-b3761ce/build/hls/e2e/e2e_solution/sim/verilog/turbovla_lite_e2e_run_Pipeline_VITIS_LOOP_328_2.v" into library xil_defaultlib
INFO: [VRFC 10-311] analyzing module turbovla_lite_e2e_run_Pipeline_VITIS_LOOP_328_2
INFO: [VRFC 10-2263] Analyzing SystemVerilog file "/home/frank/TurboVLA-codex-T015-b3761ce/build/hls/e2e/e2e_solution/sim/verilog/turbovla_lite_e2e_p_anonymous_namespace_decode_action_Pipeline_VITIS_LOOP_291_7.v" into library xil_defaultlib
INFO: [VRFC 10-311] analyzing module turbovla_lite_e2e_p_anonymous_namespace_decode_action_Pipeline_VITIS_LOOP_291_7
INFO: [VRFC 10-2263] Analyzing SystemVerilog file "/home/frank/TurboVLA-codex-T015-b3761ce/build/hls/e2e/e2e_solution/sim/verilog/turbovla_lite_e2e_run_language_RAM_AUTO_1R1W.v" into library xil_defaultlib
INFO: [VRFC 10-311] analyzing module turbovla_lite_e2e_run_language_RAM_AUTO_1R1W
INFO: [VRFC 10-2263] Analyzing SystemVerilog file "/home/frank/TurboVLA-codex-T015-b3761ce/build/hls/e2e/e2e_solution/sim/verilog/turbovla_lite_e2e_p_anonymous_namespace_decode_action_pooled_q_RAM_AUTO_1R1W.v" into library xil_defaultlib
INFO: [VRFC 10-311] analyzing module turbovla_lite_e2e_p_anonymous_namespace_decode_action_pooled_q_RAM_AUTO_1R1W
INFO: [VRFC 10-2263] Analyzing SystemVerilog file "/home/frank/TurboVLA-codex-T015-b3761ce/build/hls/e2e/e2e_solution/sim/verilog/turbovla_lite_e2e_gmem0_m_axi.v" into library xil_defaultlib
INFO: [VRFC 10-311] analyzing module turbovla_lite_e2e_gmem0_m_axi
INFO: [VRFC 10-311] analyzing module turbovla_lite_e2e_gmem0_m_axi_load
INFO: [VRFC 10-311] analyzing module turbovla_lite_e2e_gmem0_m_axi_store
INFO: [VRFC 10-311] analyzing module turbovla_lite_e2e_gmem0_m_axi_read
INFO: [VRFC 10-311] analyzing module turbovla_lite_e2e_gmem0_m_axi_write
INFO: [VRFC 10-311] analyzing module turbovla_lite_e2e_gmem0_m_axi_burst_converter
INFO: [VRFC 10-311] analyzing module turbovla_lite_e2e_gmem0_m_axi_burst_interleave
INFO: [VRFC 10-311] analyzing module turbovla_lite_e2e_gmem0_m_axi_burst_sequential
INFO: [VRFC 10-311] analyzing module turbovla_lite_e2e_gmem0_m_axi_throttle
INFO: [VRFC 10-311] analyzing module turbovla_lite_e2e_gmem0_m_axi_reg_slice
INFO: [VRFC 10-311] analyzing module turbovla_lite_e2e_gmem0_m_axi_fifo
INFO: [VRFC 10-311] analyzing module turbovla_lite_e2e_gmem0_m_axi_srl
INFO: [VRFC 10-311] analyzing module turbovla_lite_e2e_gmem0_m_axi_mem
INFO: [VRFC 10-2263] Analyzing SystemVerilog file "/home/frank/TurboVLA-codex-T015-b3761ce/build/hls/e2e/e2e_solution/sim/verilog/turbovla_lite_e2e_p_anonymous_namespace_encode_visual_Pipeline_VITIS_LOOP_123_1_VITIS_LOOP_124_2_VI.v" into library xil_defaultlib
INFO: [VRFC 10-311] analyzing module turbovla_lite_e2e_p_anonymous_namespace_encode_visual_Pipeline_VITIS_LOOP_123_1_VITIS_LOOP_124_2_VI
INFO: [VRFC 10-2263] Analyzing SystemVerilog file "/home/frank/TurboVLA-codex-T015-b3761ce/build/hls/e2e/e2e_solution/sim/verilog/turbovla_lite_e2e_mac_muladd_16s_15ns_19s_31_4_1.v" into library xil_defaultlib
INFO: [VRFC 10-311] analyzing module turbovla_lite_e2e_mac_muladd_16s_15ns_19s_31_4_1_DSP48_0
INFO: [VRFC 10-311] analyzing module turbovla_lite_e2e_mac_muladd_16s_15ns_19s_31_4_1
INFO: [VRFC 10-2263] Analyzing SystemVerilog file "/home/frank/TurboVLA-codex-T015-b3761ce/build/hls/e2e/e2e_solution/sim/verilog/turbovla_lite_e2e_p_anonymous_namespace_fuse_layer_1.v" into library xil_defaultlib
INFO: [VRFC 10-311] analyzing module turbovla_lite_e2e_p_anonymous_namespace_fuse_layer_1
INFO: [VRFC 10-2263] Analyzing SystemVerilog file "/home/frank/TurboVLA-codex-T015-b3761ce/build/hls/e2e/e2e_solution/sim/verilog/turbovla_lite_e2e_p_anonymous_namespace_encode_visual_Pipeline_VITIS_LOOP_158_8_VITIS_LOOP_159_9.v" into library xil_defaultlib
INFO: [VRFC 10-311] analyzing module turbovla_lite_e2e_p_anonymous_namespace_encode_visual_Pipeline_VITIS_LOOP_158_8_VITIS_LOOP_159_9
INFO: [VRFC 10-2263] Analyzing SystemVerilog file "/home/frank/TurboVLA-codex-T015-b3761ce/build/hls/e2e/e2e_solution/sim/verilog/turbovla_lite_e2e_fcmp_32ns_32ns_1_2_no_dsp_0.v" into library xil_defaultlib
INFO: [VRFC 10-311] analyzing module turbovla_lite_e2e_fcmp_32ns_32ns_1_2_no_dsp_0
INFO: [VRFC 10-2263] Analyzing SystemVerilog file "/home/frank/TurboVLA-codex-T015-b3761ce/build/hls/e2e/e2e_solution/sim/verilog/turbovla_lite_e2e_run_visual_RAM_AUTO_1R1W.v" into library xil_defaultlib
INFO: [VRFC 10-311] analyzing module turbovla_lite_e2e_run_visual_RAM_AUTO_1R1W
INFO: [VRFC 10-2263] Analyzing SystemVerilog file "/home/frank/TurboVLA-codex-T015-b3761ce/build/hls/e2e/e2e_solution/sim/verilog/turbovla_lite_e2e_mul_43ns_36ns_79_2_1.v" into library xil_defaultlib
INFO: [VRFC 10-311] analyzing module turbovla_lite_e2e_mul_43ns_36ns_79_2_1
INFO: [VRFC 10-2263] Analyzing SystemVerilog file "/home/frank/TurboVLA-codex-T015-b3761ce/build/hls/e2e/e2e_solution/sim/verilog/dataflow_monitor.sv" into library xil_defaultlib
INFO: [VRFC 10-311] analyzing module dataflow_monitor
INFO: [VRFC 10-2263] Analyzing SystemVerilog file "/home/frank/TurboVLA-codex-T015-b3761ce/build/hls/e2e/e2e_solution/sim/verilog/file_agent/file_agent_pkg.sv" into library xil_defaultlib
INFO: [VRFC 10-2263] Analyzing SystemVerilog file "/home/frank/TurboVLA-codex-T015-b3761ce/build/hls/e2e/e2e_solution/sim/verilog/axivip/axi_pkg.sv" into library xil_defaultlib
INFO: [VRFC 10-2263] Analyzing SystemVerilog file "/home/frank/TurboVLA-codex-T015-b3761ce/build/hls/e2e/e2e_solution/sim/verilog/axivip/axi_if.sv" into library xil_defaultlib
INFO: [VRFC 10-2263] Analyzing SystemVerilog file "/home/frank/TurboVLA-codex-T015-b3761ce/build/hls/e2e/e2e_solution/sim/verilog/turbovla_lite_e2e_subsystem/turbovla_lite_e2e_subsystem_pkg.sv" into library xil_defaultlib
INFO: [VRFC 10-2263] Analyzing SystemVerilog file "/home/frank/TurboVLA-codex-T015-b3761ce/build/hls/e2e/e2e_solution/sim/verilog/svtb/misc_interface.sv" into library xil_defaultlib
INFO: [VRFC 10-2263] Analyzing SystemVerilog file "/home/frank/TurboVLA-codex-T015-b3761ce/build/hls/e2e/e2e_solution/sim/verilog/svtb/sv_module_top.sv" into library xil_defaultlib
INFO: [VRFC 10-311] analyzing module sv_module_top
INFO: [VRFC 10-163] Analyzing VHDL file "/home/frank/TurboVLA-codex-T015-b3761ce/build/hls/e2e/e2e_solution/sim/verilog/ip/xil_defaultlib/turbovla_lite_e2e_fadd_32ns_32ns_32_8_full_dsp_1_ip.vhd" into library xil_defaultlib
INFO: [VRFC 10-3107] analyzing entity 'turbovla_lite_e2e_fadd_32ns_32ns_32_8_full_dsp_1_ip'
INFO: [VRFC 10-163] Analyzing VHDL file "/home/frank/TurboVLA-codex-T015-b3761ce/build/hls/e2e/e2e_solution/sim/verilog/ip/xil_defaultlib/turbovla_lite_e2e_fdiv_32ns_32ns_32_16_no_dsp_0_ip.vhd" into library xil_defaultlib
INFO: [VRFC 10-3107] analyzing entity 'turbovla_lite_e2e_fdiv_32ns_32ns_32_16_no_dsp_0_ip'
INFO: [VRFC 10-163] Analyzing VHDL file "/home/frank/TurboVLA-codex-T015-b3761ce/build/hls/e2e/e2e_solution/sim/verilog/ip/xil_defaultlib/turbovla_lite_e2e_dadd_64ns_64ns_64_9_full_dsp_0_ip.vhd" into library xil_defaultlib
INFO: [VRFC 10-3107] analyzing entity 'turbovla_lite_e2e_dadd_64ns_64ns_64_9_full_dsp_0_ip'
INFO: [VRFC 10-163] Analyzing VHDL file "/home/frank/TurboVLA-codex-T015-b3761ce/build/hls/e2e/e2e_solution/sim/verilog/ip/xil_defaultlib/turbovla_lite_e2e_fexp_32ns_32ns_32_13_full_dsp_1_ip.vhd" into library xil_defaultlib
INFO: [VRFC 10-3107] analyzing entity 'turbovla_lite_e2e_fexp_32ns_32ns_32_13_full_dsp_1_ip'
INFO: [VRFC 10-163] Analyzing VHDL file "/home/frank/TurboVLA-codex-T015-b3761ce/build/hls/e2e/e2e_solution/sim/verilog/ip/xil_defaultlib/turbovla_lite_e2e_faddfsub_32ns_32ns_32_8_full_dsp_1_ip.vhd" into library xil_defaultlib
INFO: [VRFC 10-3107] analyzing entity 'turbovla_lite_e2e_faddfsub_32ns_32ns_32_8_full_dsp_1_ip'
INFO: [VRFC 10-163] Analyzing VHDL file "/home/frank/TurboVLA-codex-T015-b3761ce/build/hls/e2e/e2e_solution/sim/verilog/ip/xil_defaultlib/turbovla_lite_e2e_sitofp_32ns_32_6_no_dsp_1_ip.vhd" into library xil_defaultlib
INFO: [VRFC 10-3107] analyzing entity 'turbovla_lite_e2e_sitofp_32ns_32_6_no_dsp_1_ip'
INFO: [VRFC 10-163] Analyzing VHDL file "/home/frank/TurboVLA-codex-T015-b3761ce/build/hls/e2e/e2e_solution/sim/verilog/ip/xil_defaultlib/turbovla_lite_e2e_fpext_32ns_64_2_no_dsp_0_ip.vhd" into library xil_defaultlib
INFO: [VRFC 10-3107] analyzing entity 'turbovla_lite_e2e_fpext_32ns_64_2_no_dsp_0_ip'
INFO: [VRFC 10-163] Analyzing VHDL file "/home/frank/TurboVLA-codex-T015-b3761ce/build/hls/e2e/e2e_solution/sim/verilog/ip/xil_defaultlib/turbovla_lite_e2e_fmul_32ns_32ns_32_5_max_dsp_1_ip.vhd" into library xil_defaultlib
INFO: [VRFC 10-3107] analyzing entity 'turbovla_lite_e2e_fmul_32ns_32ns_32_5_max_dsp_1_ip'
INFO: [VRFC 10-163] Analyzing VHDL file "/home/frank/TurboVLA-codex-T015-b3761ce/build/hls/e2e/e2e_solution/sim/verilog/ip/xil_defaultlib/turbovla_lite_e2e_fcmp_32ns_32ns_1_2_no_dsp_0_ip.vhd" into library xil_defaultlib
INFO: [VRFC 10-3107] analyzing entity 'turbovla_lite_e2e_fcmp_32ns_32ns_1_2_no_dsp_0_ip'
INFO: [VRFC 10-163] Analyzing VHDL file "/home/frank/TurboVLA-codex-T015-b3761ce/build/hls/e2e/e2e_solution/sim/verilog/ip/xil_defaultlib/turbovla_lite_e2e_fptrunc_64ns_32_2_no_dsp_0_ip.vhd" into library xil_defaultlib
INFO: [VRFC 10-3107] analyzing entity 'turbovla_lite_e2e_fptrunc_64ns_32_2_no_dsp_0_ip'
INFO: [VRFC 10-163] Analyzing VHDL file "/home/frank/TurboVLA-codex-T015-b3761ce/build/hls/e2e/e2e_solution/sim/verilog/ip/xil_defaultlib/turbovla_lite_e2e_sitofp_32s_32_6_no_dsp_1_ip.vhd" into library xil_defaultlib
INFO: [VRFC 10-3107] analyzing entity 'turbovla_lite_e2e_sitofp_32s_32_6_no_dsp_1_ip'
INFO: [VRFC 10-163] Analyzing VHDL file "/home/frank/TurboVLA-codex-T015-b3761ce/build/hls/e2e/e2e_solution/sim/verilog/ip/xil_defaultlib/turbovla_lite_e2e_uitofp_32ns_32_6_no_dsp_1_ip.vhd" into library xil_defaultlib
INFO: [VRFC 10-3107] analyzing entity 'turbovla_lite_e2e_uitofp_32ns_32_6_no_dsp_1_ip'
INFO: [VRFC 10-163] Analyzing VHDL file "/home/frank/TurboVLA-codex-T015-b3761ce/build/hls/e2e/e2e_solution/sim/verilog/ip/xil_defaultlib/turbovla_lite_e2e_fsub_32ns_32ns_32_8_full_dsp_0_ip.vhd" into library xil_defaultlib
INFO: [VRFC 10-3107] analyzing entity 'turbovla_lite_e2e_fsub_32ns_32ns_32_8_full_dsp_0_ip'
Starting static elaboration
Pass Through NonSizing Optimizer
Completed static elaboration
Starting simulation data flow analysis
WARNING: [XSIM 43-4099] "/proj/primebuilds/9999.0_PRIME_0428_0031/installs/data/system_verilog/uvm_1.2/xlnx_uvm_package.sv" Line 4356. Module uvm_pkg doesn't have a timescale but at least one module in design has a timescale.
WARNING: [XSIM 43-4099] "/proj/primebuilds/9999.0_PRIME_0428_0031/installs/data/system_verilog/uvm_1.2/xlnx_uvm_package.sv" Line 4356. Module uvm_pkg doesn't have a timescale but at least one module in design has a timescale.
WARNING: [XSIM 43-4468] File : /proj/primebuilds/9999.0_PRIME_0428_0031/installs/data/system_verilog/uvm_1.2/xlnx_uvm_package.sv, Line : 25994, RANDC variable size more than 8 bits. This will be treated as a RAND variable instead.
Completed simulation data flow analysis
Time Resolution for simulation is 1ps
Compiling package std.standard
Compiling package std.textio
Compiling package ieee.std_logic_1164
Compiling package ieee.numeric_std
Compiling package floating_point_v7_1_20.floating_point_v7_1_20_viv_comp
Compiling package xbip_utils_v3_0_14.xbip_utils_v3_0_14_pkg
Compiling package axi_utils_v2_0_10.axi_utils_v2_0_10_pkg
Compiling package floating_point_v7_1_20.floating_point_v7_1_20_consts
Compiling package ieee.math_real
Compiling package floating_point_v7_1_20.floating_point_v7_1_20_exp_table...
Compiling package mult_gen_v12_0_23.mult_gen_v12_0_23_pkg
Compiling package ieee.std_logic_arith
Compiling package ieee.std_logic_signed
Compiling package floating_point_v7_1_20.floating_point_v7_1_20_pkg
Compiling package floating_point_v7_1_20.flt_utils
Compiling package unisim.vcomponents
Compiling package xbip_pipe_v3_0_10.xbip_pipe_v3_0_10_viv_comp
Compiling package floating_point_v7_1_20.vt2mutils
Compiling package floating_point_v7_1_20.vt2mcomps
Compiling package ieee.vital_timing
Compiling package ieee.vital_primitives
Compiling package unisim.vpkg
Compiling package xil_defaultlib.$unit_sv_module_top_sv
Compiling package uvm.uvm_pkg
Compiling package std.std
Compiling package xil_defaultlib.axi_pkg
Compiling package xil_defaultlib.turbovla_lite_e2e_subsystem_pkg
Compiling package xil_defaultlib.file_agent_pkg
Compiling package xil_defaultlib.$unit_dataflow_monitor_sv
Compiling module xil_defaultlib.turbovla_lite_e2e_p_anonymous_na...
Compiling module xil_defaultlib.turbovla_lite_e2e_p_anonymous_na...
Compiling module xil_defaultlib.turbovla_lite_e2e_run_visual_RAM...
Compiling module xil_defaultlib.turbovla_lite_e2e_run_language_R...
Compiling module xil_defaultlib.turbovla_lite_e2e_run_fusion_1_R...
Compiling module xil_defaultlib.turbovla_lite_e2e_run_action_RAM...
Compiling module xil_defaultlib.turbovla_lite_e2e_p_anonymous_na...
Compiling module xil_defaultlib.turbovla_lite_e2e_flow_control_l...
Compiling module xil_defaultlib.turbovla_lite_e2e_p_anonymous_na...
Compiling architecture synth of entity xbip_pipe_v3_0_10.xbip_pipe_v3_0_10_viv [\xbip_pipe_v3_0_10_viv(c_has_ce=...]
Compiling architecture rtl of entity floating_point_v7_1_20.delay [\delay(width=23,length=0)\]
Compiling architecture muxcy_v of entity unisim.MUXCY [muxcy_default]
Compiling architecture xorcy_v of entity unisim.XORCY [xorcy_default]
Compiling architecture synth of entity xbip_pipe_v3_0_10.xbip_pipe_v3_0_10_viv [\xbip_pipe_v3_0_10_viv(c_has_ce=...]
Compiling architecture rtl of entity floating_point_v7_1_20.delay [\delay(width=25,length=0,fast_in...]
Compiling architecture struct of entity floating_point_v7_1_20.carry_chain [\carry_chain(c_xdevicefamily="zy...]
Compiling architecture synth of entity floating_point_v7_1_20.flt_div_mant_addsub [\flt_div_mant_addsub(c_xdevicefa...]
Compiling architecture synth of entity xbip_pipe_v3_0_10.xbip_pipe_v3_0_10_viv [\xbip_pipe_v3_0_10_viv(c_has_ce=...]
Compiling architecture rtl of entity floating_point_v7_1_20.delay [\delay(width=26,length=0)\]
Compiling architecture synth of entity xbip_pipe_v3_0_10.xbip_pipe_v3_0_10_viv [\xbip_pipe_v3_0_10_viv(c_has_ce=...]
Compiling architecture rtl of entity floating_point_v7_1_20.delay [\delay(length=0)\]
Compiling architecture synth of entity xbip_pipe_v3_0_10.xbip_pipe_v3_0_10_viv [\xbip_pipe_v3_0_10_viv(c_latency...]
Compiling architecture rtl of entity floating_point_v7_1_20.delay [\delay(width=23)\]
Compiling architecture synth of entity xbip_pipe_v3_0_10.xbip_pipe_v3_0_10_viv [\xbip_pipe_v3_0_10_viv(c_has_ce=...]
Compiling architecture rtl of entity floating_point_v7_1_20.delay [\delay(width=24,length=0)\]
Compiling architecture synth of entity xbip_pipe_v3_0_10.xbip_pipe_v3_0_10_viv [\xbip_pipe_v3_0_10_viv(c_latency...]
Compiling architecture rtl of entity floating_point_v7_1_20.delay [\delay(width=25,fast_input=true)...]
Compiling architecture struct of entity floating_point_v7_1_20.carry_chain [\carry_chain(c_xdevicefamily="zy...]
Compiling architecture synth of entity floating_point_v7_1_20.flt_div_mant_addsub [\flt_div_mant_addsub(c_xdevicefa...]
Compiling architecture synth of entity xbip_pipe_v3_0_10.xbip_pipe_v3_0_10_viv [\xbip_pipe_v3_0_10_viv(c_latency...]
Compiling architecture rtl of entity floating_point_v7_1_20.delay [\delay(width=26)\]
Compiling architecture synth of entity xbip_pipe_v3_0_10.xbip_pipe_v3_0_10_viv [\xbip_pipe_v3_0_10_viv(c_latency...]
Compiling architecture rtl of entity floating_point_v7_1_20.delay [delay_default]
Compiling architecture virtex of entity floating_point_v7_1_20.flt_div_mant [\flt_div_mant(c_xdevicefamily="z...]
Compiling architecture synth of entity xbip_pipe_v3_0_10.xbip_pipe_v3_0_10_viv [\xbip_pipe_v3_0_10_viv(c_latency...]
Compiling architecture rtl of entity floating_point_v7_1_20.delay [\delay(width=10,fast_input=true)...]
Compiling architecture synth of entity xbip_pipe_v3_0_10.xbip_pipe_v3_0_10_viv [\xbip_pipe_v3_0_10_viv(c_has_ce=...]
Compiling architecture rtl of entity floating_point_v7_1_20.delay [\delay(length=0,fast_input=true)...]
Compiling architecture rtl of entity floating_point_v7_1_20.special_detect [\special_detect(c_xdevicefamily=...]
Compiling architecture synth of entity xbip_pipe_v3_0_10.xbip_pipe_v3_0_10_viv [\xbip_pipe_v3_0_10_viv(c_latency...]
Compiling architecture rtl of entity floating_point_v7_1_20.delay [\delay(length=13,fast_input=true...]
Compiling architecture synth of entity xbip_pipe_v3_0_10.xbip_pipe_v3_0_10_viv [\xbip_pipe_v3_0_10_viv(c_latency...]
Compiling architecture rtl of entity floating_point_v7_1_20.delay [\delay(width=2,fast_input=true)\]
Compiling architecture synth of entity xbip_pipe_v3_0_10.xbip_pipe_v3_0_10_viv [\xbip_pipe_v3_0_10_viv(c_latency...]
Compiling architecture rtl of entity floating_point_v7_1_20.delay [\delay(fast_input=true)\]
Compiling architecture synth of entity xbip_pipe_v3_0_10.xbip_pipe_v3_0_10_viv [\xbip_pipe_v3_0_10_viv(c_has_ce=...]
Compiling architecture rtl of entity floating_point_v7_1_20.delay [\delay(width=4,length=0,fast_inp...]
Compiling architecture synth of entity xbip_pipe_v3_0_10.xbip_pipe_v3_0_10_viv [\xbip_pipe_v3_0_10_viv(c_latency...]
Compiling architecture rtl of entity floating_point_v7_1_20.delay [\delay(width=8,length=12)\]
Compiling architecture synth of entity xbip_pipe_v3_0_10.xbip_pipe_v3_0_10_viv [\xbip_pipe_v3_0_10_viv(c_latency...]
Compiling architecture rtl of entity floating_point_v7_1_20.delay [\delay(length=12,fast_input=true...]
Compiling architecture synth of entity xbip_pipe_v3_0_10.xbip_pipe_v3_0_10_viv [\xbip_pipe_v3_0_10_viv(c_latency...]
Compiling architecture rtl of entity floating_point_v7_1_20.delay [\delay(width=3,length=12,fast_in...]
Compiling architecture synth of entity xbip_pipe_v3_0_10.xbip_pipe_v3_0_10_viv [\xbip_pipe_v3_0_10_viv(c_latency...]
Compiling architecture rtl of entity floating_point_v7_1_20.delay [\delay(width=4,length=12,fast_in...]
Compiling architecture synth of entity xbip_pipe_v3_0_10.xbip_pipe_v3_0_10_viv [\xbip_pipe_v3_0_10_viv(c_has_ce=...]
Compiling architecture rtl of entity floating_point_v7_1_20.delay [\delay(width=14,length=0)\]
Compiling architecture rtl of entity floating_point_v7_1_20.flt_div_exp [\flt_div_exp(c_xdevicefamily="no...]
Compiling architecture synth of entity xbip_pipe_v3_0_10.xbip_pipe_v3_0_10_viv [\xbip_pipe_v3_0_10_viv(c_has_ce=...]
Compiling architecture rtl of entity floating_point_v7_1_20.delay [\delay(width=8,length=0)\]
Compiling architecture synth of entity xbip_pipe_v3_0_10.xbip_pipe_v3_0_10_viv [\xbip_pipe_v3_0_10_viv(c_has_ce=...]
Compiling architecture rtl of entity floating_point_v7_1_20.delay [\delay(width=12,length=0,fast_in...]
Compiling architecture struct of entity floating_point_v7_1_20.carry_chain [\carry_chain(c_xdevicefamily="zy...]
Compiling architecture struct of entity floating_point_v7_1_20.carry_chain [\carry_chain(c_xdevicefamily="zy...]
Compiling architecture synth of entity xbip_pipe_v3_0_10.xbip_pipe_v3_0_10_viv [\xbip_pipe_v3_0_10_viv(c_has_ce=...]
Compiling architecture rtl of entity floating_point_v7_1_20.delay [\delay(width=3,length=0)\]
Compiling architecture synth of entity xbip_pipe_v3_0_10.xbip_pipe_v3_0_10_viv [\xbip_pipe_v3_0_10_viv(c_has_ce=...]
Compiling architecture rtl of entity floating_point_v7_1_20.delay [\delay(width=2,length=0)\]
Compiling architecture synth of entity xbip_pipe_v3_0_10.xbip_pipe_v3_0_10_viv [\xbip_pipe_v3_0_10_viv(c_has_ce=...]
Compiling architecture rtl of entity floating_point_v7_1_20.delay [\delay(width=2,length=0,fast_inp...]
Compiling architecture struct of entity floating_point_v7_1_20.carry_chain [\carry_chain(c_xdevicefamily="zy...]
Compiling architecture rtl of entity floating_point_v7_1_20.flt_round_bit [\flt_round_bit(c_xdevicefamily="...]
Compiling architecture rtl of entity floating_point_v7_1_20.renorm_and_round_logic [\renorm_and_round_logic(c_xdevic...]
Compiling architecture synth of entity floating_point_v7_1_20.flt_dec_op_lat [\flt_dec_op_lat(c_xdevicefamily=...]
Compiling architecture virtex of entity floating_point_v7_1_20.flt_div [\flt_div(c_xdevicefamily="zynqup...]
Compiling architecture synth of entity xbip_pipe_v3_0_10.xbip_pipe_v3_0_10_viv [\xbip_pipe_v3_0_10_viv(c_latency...]
Compiling architecture synth of entity xbip_pipe_v3_0_10.xbip_pipe_v3_0_10_viv [\xbip_pipe_v3_0_10_viv(c_has_ce=...]
Compiling architecture rtl of entity floating_point_v7_1_20.delay [\delay(width=32,length=0)\]
Compiling architecture xilinx of entity floating_point_v7_1_20.floating_point_v7_1_20_viv [\floating_point_v7_1_20_viv(c_xd...]
Compiling architecture xilinx of entity floating_point_v7_1_20.floating_point_v7_1_20 [\floating_point_v7_1_20(c_xdevic...]
Compiling architecture turbovla_lite_e2e_fdiv_32ns_32ns_32_16_no_dsp_0_ip_arch of entity xil_defaultlib.turbovla_lite_e2e_fdiv_32ns_32ns_32_16_no_dsp_0_ip [turbovla_lite_e2e_fdiv_32ns_32ns...]
Compiling module xil_defaultlib.turbovla_lite_e2e_fdiv_32ns_32ns...
Compiling architecture synth of entity floating_point_v7_1_20.compare_eq_im [\compare_eq_im(c_xdevicefamily="...]
Compiling architecture synth of entity xbip_pipe_v3_0_10.xbip_pipe_v3_0_10_viv [\xbip_pipe_v3_0_10_viv(c_has_ce=...]
Compiling architecture rtl of entity floating_point_v7_1_20.delay [\delay(width=4,length=0)\]
Compiling architecture struct of entity floating_point_v7_1_20.carry_chain [\carry_chain(c_xdevicefamily="zy...]
Compiling architecture synth of entity floating_point_v7_1_20.compare_ne_im [\compare_ne_im(c_xdevicefamily="...]
Compiling architecture struct of entity floating_point_v7_1_20.carry_chain [\carry_chain(c_xdevicefamily="zy...]
Compiling architecture synth of entity floating_point_v7_1_20.compare_eq_im [\compare_eq_im(c_xdevicefamily="...]
Compiling architecture synth of entity xbip_pipe_v3_0_10.xbip_pipe_v3_0_10_viv [\xbip_pipe_v3_0_10_viv(c_has_ce=...]
Compiling architecture rtl of entity floating_point_v7_1_20.delay [\delay(width=11,length=0)\]
Compiling architecture struct of entity floating_point_v7_1_20.carry_chain [\carry_chain(c_xdevicefamily="zy...]
Compiling architecture synth of entity floating_point_v7_1_20.compare_eq [\compare_eq(c_xdevicefamily="zyn...]
Compiling architecture synth of entity xbip_pipe_v3_0_10.xbip_pipe_v3_0_10_viv [\xbip_pipe_v3_0_10_viv(c_has_ce=...]
Compiling architecture rtl of entity floating_point_v7_1_20.delay [\delay(width=16,length=0)\]
Compiling architecture struct of entity floating_point_v7_1_20.carry_chain [\carry_chain(c_xdevicefamily="zy...]
Compiling architecture synth of entity floating_point_v7_1_20.compare_gt [\compare_gt(c_xdevicefamily="zyn...]
Compiling architecture rtl of entity floating_point_v7_1_20.fp_cmp [\fp_cmp(c_xdevicefamily="zynqupl...]
Compiling architecture xilinx of entity floating_point_v7_1_20.floating_point_v7_1_20_viv [\floating_point_v7_1_20_viv(c_xd...]
Compiling architecture xilinx of entity floating_point_v7_1_20.floating_point_v7_1_20 [\floating_point_v7_1_20(c_xdevic...]
Compiling architecture turbovla_lite_e2e_fcmp_32ns_32ns_1_2_no_dsp_0_ip_arch of entity xil_defaultlib.turbovla_lite_e2e_fcmp_32ns_32ns_1_2_no_dsp_0_ip [turbovla_lite_e2e_fcmp_32ns_32ns...]
Compiling module xil_defaultlib.turbovla_lite_e2e_fcmp_32ns_32ns...
Compiling module xil_defaultlib.turbovla_lite_e2e_sparsemux_7_2_...
Compiling module xil_defaultlib.turbovla_lite_e2e_p_anonymous_na...
Compiling architecture rtl of entity floating_point_v7_1_20.norm_zero_det [\norm_zero_det(data_width=7,norm...]
Compiling architecture synth of entity xbip_pipe_v3_0_10.xbip_pipe_v3_0_10_viv [\xbip_pipe_v3_0_10_viv(c_latency...]
Compiling architecture rtl of entity floating_point_v7_1_20.delay [\delay(width=4,fast_input=true)\]
Compiling architecture rtl of entity floating_point_v7_1_20.mux4 [\mux4(c_xdevicefamily="zynquplus...]
Compiling architecture synth of entity xbip_pipe_v3_0_10.xbip_pipe_v3_0_10_viv [\xbip_pipe_v3_0_10_viv(c_latency...]
Compiling architecture rtl of entity floating_point_v7_1_20.delay [\delay(width=2,length=2)\]
Compiling architecture rtl of entity floating_point_v7_1_20.mux4 [\mux4(c_xdevicefamily="zynquplus...]
Compiling architecture synth of entity xbip_pipe_v3_0_10.xbip_pipe_v3_0_10_viv [\xbip_pipe_v3_0_10_viv(c_latency...]
Compiling architecture rtl of entity floating_point_v7_1_20.delay [\delay(width=2)\]
Compiling architecture synth of entity xbip_pipe_v3_0_10.xbip_pipe_v3_0_10_viv [\xbip_pipe_v3_0_10_viv(c_has_ce=...]
Compiling architecture rtl of entity floating_point_v7_1_20.delay [\delay(width=8,length=0,fast_inp...]
Compiling architecture struct of entity floating_point_v7_1_20.carry_chain [\carry_chain(c_xdevicefamily="zy...]
Compiling architecture rtl of entity floating_point_v7_1_20.lead_zero_encode [\lead_zero_encode(c_xdevicefamil...]
Compiling architecture synth of entity xbip_pipe_v3_0_10.xbip_pipe_v3_0_10_viv [\xbip_pipe_v3_0_10_viv(c_latency...]
Compiling architecture rtl of entity floating_point_v7_1_20.delay [\delay(width=32)\]
Compiling architecture rtl of entity floating_point_v7_1_20.shift_msb_first [\shift_msb_first(a_width=32,resu...]
Compiling architecture synth of entity xbip_pipe_v3_0_10.xbip_pipe_v3_0_10_viv [\xbip_pipe_v3_0_10_viv(c_latency...]
Compiling architecture rtl of entity floating_point_v7_1_20.delay [\delay(width=8)\]
Compiling architecture synth of entity xbip_pipe_v3_0_10.xbip_pipe_v3_0_10_viv [\xbip_pipe_v3_0_10_viv(c_latency...]
Compiling architecture rtl of entity floating_point_v7_1_20.delay [\delay(width=12)\]
Compiling architecture struct of entity floating_point_v7_1_20.carry_chain [\carry_chain(c_xdevicefamily="zy...]
Compiling architecture synth of entity xbip_pipe_v3_0_10.xbip_pipe_v3_0_10_viv [\xbip_pipe_v3_0_10_viv(c_latency...]
Compiling architecture rtl of entity floating_point_v7_1_20.delay [\delay(width=11)\]
Compiling architecture struct of entity floating_point_v7_1_20.carry_chain [\carry_chain(c_xdevicefamily="zy...]
Compiling architecture synth of entity xbip_pipe_v3_0_10.xbip_pipe_v3_0_10_viv [\xbip_pipe_v3_0_10_viv(c_has_ce=...]
Compiling architecture rtl of entity floating_point_v7_1_20.delay [\delay(width=25,length=0)\]
Compiling architecture rtl of entity floating_point_v7_1_20.flt_round_bit [\flt_round_bit(c_xdevicefamily="...]
Compiling architecture rtl of entity floating_point_v7_1_20.renorm_and_round_logic [\renorm_and_round_logic(c_xdevic...]
Compiling architecture synth of entity xbip_pipe_v3_0_10.xbip_pipe_v3_0_10_viv [\xbip_pipe_v3_0_10_viv(c_latency...]
Compiling architecture rtl of entity floating_point_v7_1_20.delay [\delay(length=2)\]
Compiling architecture synth of entity floating_point_v7_1_20.fix_to_flt_conv_exp [\fix_to_flt_conv_exp(c_xdevicefa...]
Compiling architecture synth of entity floating_point_v7_1_20.flt_dec_op [\flt_dec_op(c_xdevicefamily="zyn...]
Compiling architecture struct of entity floating_point_v7_1_20.fix_to_flt_conv [\fix_to_flt_conv(c_xdevicefamily...]
Compiling architecture synth of entity xbip_pipe_v3_0_10.xbip_pipe_v3_0_10_viv [\xbip_pipe_v3_0_10_viv(c_latency...]
Compiling architecture xilinx of entity floating_point_v7_1_20.floating_point_v7_1_20_viv [\floating_point_v7_1_20_viv(c_xd...]
Compiling architecture xilinx of entity floating_point_v7_1_20.floating_point_v7_1_20 [\floating_point_v7_1_20(c_xdevic...]
Compiling architecture turbovla_lite_e2e_uitofp_32ns_32_6_no_dsp_1_ip_arch of entity xil_defaultlib.turbovla_lite_e2e_uitofp_32ns_32_6_no_dsp_1_ip [turbovla_lite_e2e_uitofp_32ns_32...]
Compiling module xil_defaultlib.turbovla_lite_e2e_uitofp_32ns_32...
Compiling architecture synth of entity xbip_pipe_v3_0_10.xbip_pipe_v3_0_10_viv [\xbip_pipe_v3_0_10_viv(c_has_ce=...]
Compiling architecture rtl of entity floating_point_v7_1_20.delay [\delay(width=31,length=0)\]
Compiling architecture struct of entity floating_point_v7_1_20.carry_chain [\carry_chain(c_xdevicefamily="zy...]
Compiling architecture synth of entity xbip_pipe_v3_0_10.xbip_pipe_v3_0_10_viv [\xbip_pipe_v3_0_10_viv(c_latency...]
Compiling architecture rtl of entity floating_point_v7_1_20.delay [\delay(width=4)\]
Compiling architecture rtl of entity floating_point_v7_1_20.norm_zero_det [\norm_zero_det(data_width=7,norm...]
Compiling architecture rtl of entity floating_point_v7_1_20.mux4 [\mux4(c_xdevicefamily="zynquplus...]
Compiling architecture fdre_v of entity unisim.FDRE [fdre_default]
Compiling architecture fde_v of entity unisim.FDE [fde_default]
Compiling architecture struct of entity floating_point_v7_1_20.carry_chain [\carry_chain(c_xdevicefamily="zy...]
Compiling architecture rtl of entity floating_point_v7_1_20.lead_zero_encode [\lead_zero_encode(c_xdevicefamil...]
Compiling architecture rtl of entity floating_point_v7_1_20.shift_msb_first [\shift_msb_first(a_width=32,resu...]
Compiling architecture synth of entity xbip_pipe_v3_0_10.xbip_pipe_v3_0_10_viv [\xbip_pipe_v3_0_10_viv(c_has_ce=...]
Compiling architecture rtl of entity floating_point_v7_1_20.delay [\delay(width=12,length=0)\]
Compiling architecture struct of entity floating_point_v7_1_20.carry_chain [\carry_chain(c_xdevicefamily="zy...]
Compiling architecture struct of entity floating_point_v7_1_20.carry_chain [\carry_chain(c_xdevicefamily="zy...]
Compiling architecture rtl of entity floating_point_v7_1_20.renorm_and_round_logic [\renorm_and_round_logic(c_xdevic...]
Compiling architecture synth of entity xbip_pipe_v3_0_10.xbip_pipe_v3_0_10_viv [\xbip_pipe_v3_0_10_viv(c_latency...]
Compiling architecture rtl of entity floating_point_v7_1_20.delay [\delay(length=3)\]
Compiling architecture synth of entity floating_point_v7_1_20.fix_to_flt_conv_exp [\fix_to_flt_conv_exp(c_xdevicefa...]
Compiling architecture struct of entity floating_point_v7_1_20.fix_to_flt_conv [\fix_to_flt_conv(c_xdevicefamily...]
Compiling architecture xilinx of entity floating_point_v7_1_20.floating_point_v7_1_20_viv [\floating_point_v7_1_20_viv(c_xd...]
Compiling architecture xilinx of entity floating_point_v7_1_20.floating_point_v7_1_20 [\floating_point_v7_1_20(c_xdevic...]
Compiling architecture turbovla_lite_e2e_sitofp_32s_32_6_no_dsp_1_ip_arch of entity xil_defaultlib.turbovla_lite_e2e_sitofp_32s_32_6_no_dsp_1_ip [turbovla_lite_e2e_sitofp_32s_32_...]
Compiling module xil_defaultlib.turbovla_lite_e2e_sitofp_32s_32_...
Compiling module xil_defaultlib.turbovla_lite_e2e_mul_8s_8s_16_1...
Compiling module xil_defaultlib.turbovla_lite_e2e_mac_muladd_8s_...
Compiling module xil_defaultlib.turbovla_lite_e2e_mac_muladd_8s_...
Compiling module xil_defaultlib.turbovla_lite_e2e_mac_muladd_8s_...
Compiling module xil_defaultlib.turbovla_lite_e2e_mac_muladd_8s_...
Compiling module xil_defaultlib.turbovla_lite_e2e_p_anonymous_na...
Compiling module xil_defaultlib.turbovla_lite_e2e_p_anonymous_na...
Compiling module xil_defaultlib.turbovla_lite_e2e_p_anonymous_na...
Compiling module xil_defaultlib.turbovla_lite_e2e_run_Pipeline_V...
Compiling module xil_defaultlib.turbovla_lite_e2e_p_anonymous_na...
Compiling module xil_defaultlib.turbovla_lite_e2e_p_anonymous_na...
Compiling module xil_defaultlib.turbovla_lite_e2e_p_anonymous_na...
Compiling module xil_defaultlib.turbovla_lite_e2e_p_anonymous_na...
Compiling module xil_defaultlib.turbovla_lite_e2e_mac_muladd_8s_...
Compiling module xil_defaultlib.turbovla_lite_e2e_mac_muladd_8s_...
Compiling module xil_defaultlib.turbovla_lite_e2e_p_anonymous_na...
Compiling module xil_defaultlib.turbovla_lite_e2e_mac_muladd_8s_...
Compiling module xil_defaultlib.turbovla_lite_e2e_mac_muladd_8s_...
Compiling module xil_defaultlib.turbovla_lite_e2e_p_anonymous_na...
Compiling module xil_defaultlib.turbovla_lite_e2e_p_anonymous_na...
Compiling module xil_defaultlib.turbovla_lite_e2e_p_anonymous_na...
Compiling module xil_defaultlib.turbovla_lite_e2e_p_anonymous_na...
Compiling module xil_defaultlib.turbovla_lite_e2e_p_anonymous_na...
Compiling module xil_defaultlib.turbovla_lite_e2e_p_anonymous_na...
Compiling module xil_defaultlib.turbovla_lite_e2e_p_anonymous_na...
Compiling module xil_defaultlib.turbovla_lite_e2e_p_anonymous_na...
Compiling module xil_defaultlib.turbovla_lite_e2e_p_anonymous_na...
Compiling module xil_defaultlib.turbovla_lite_e2e_p_anonymous_na...
Compiling module xil_defaultlib.turbovla_lite_e2e_p_anonymous_na...
Compiling module xil_defaultlib.turbovla_lite_e2e_p_anonymous_na...
Compiling module xil_defaultlib.turbovla_lite_e2e_p_anonymous_na...
Compiling module xil_defaultlib.turbovla_lite_e2e_p_anonymous_na...
Compiling module xil_defaultlib.turbovla_lite_e2e_p_anonymous_na...
Compiling module xil_defaultlib.turbovla_lite_e2e_run_Pipeline_V...
Compiling module xil_defaultlib.turbovla_lite_e2e_exp_generic_do...
Compiling module xil_defaultlib.turbovla_lite_e2e_exp_generic_do...
Compiling module xil_defaultlib.turbovla_lite_e2e_exp_generic_do...
Compiling module xil_defaultlib.turbovla_lite_e2e_mul_13s_71s_71...
Compiling module xil_defaultlib.turbovla_lite_e2e_mul_43ns_36ns_...
Compiling module xil_defaultlib.turbovla_lite_e2e_mul_49ns_44ns_...
Compiling module xil_defaultlib.turbovla_lite_e2e_mul_50ns_50ns_...
Compiling module xil_defaultlib.turbovla_lite_e2e_sparsemux_9_3_...
Compiling module xil_defaultlib.turbovla_lite_e2e_mac_muladd_16s...
Compiling module xil_defaultlib.turbovla_lite_e2e_mac_muladd_16s...
Compiling module xil_defaultlib.turbovla_lite_e2e_exp_generic_do...
Compiling architecture synth of entity xbip_pipe_v3_0_10.xbip_pipe_v3_0_10_viv [\xbip_pipe_v3_0_10_viv(c_has_ce=...]
Compiling architecture rtl of entity floating_point_v7_1_20.delay [\delay(width=7,length=0)\]
Compiling architecture struct of entity floating_point_v7_1_20.carry_chain [\carry_chain(c_xdevicefamily="zy...]
Compiling architecture synth of entity floating_point_v7_1_20.compare_eq_im [\compare_eq_im(c_xdevicefamily="...]
Compiling architecture struct of entity floating_point_v7_1_20.carry_chain [\carry_chain(c_xdevicefamily="zy...]
Compiling architecture synth of entity xbip_pipe_v3_0_10.xbip_pipe_v3_0_10_viv [\xbip_pipe_v3_0_10_viv(c_has_ce=...]
Compiling architecture rtl of entity floating_point_v7_1_20.delay [\delay(width=24,length=0,fast_in...]
Compiling architecture dsp48e1_v of entity unisim.DSP48E1 [\DSP48E1(acascreg=0,adreg=0,areg...]
Compiling architecture synth of entity xbip_pipe_v3_0_10.xbip_pipe_v3_0_10_viv [\xbip_pipe_v3_0_10_viv(c_has_ce=...]
Compiling architecture rtl of entity floating_point_v7_1_20.delay [\delay(width=48,length=0)\]
Compiling architecture rtl of entity floating_point_v7_1_20.dsp48e1_wrapper [\dsp48e1_wrapper(c_part="xck26-s...]
Compiling architecture synth of entity xbip_pipe_v3_0_10.xbip_pipe_v3_0_10_viv [\xbip_pipe_v3_0_10_viv(c_latency...]
Compiling architecture rtl of entity floating_point_v7_1_20.delay [\delay(width=13)\]
Compiling architecture synth of entity xbip_pipe_v3_0_10.xbip_pipe_v3_0_10_viv [\xbip_pipe_v3_0_10_viv(c_latency...]
Compiling architecture rtl of entity floating_point_v7_1_20.delay [\delay(width=27)\]
Compiling architecture synth of entity floating_point_v7_1_20.align_add_dsp48e1_sgl [\align_add_dsp48e1_sgl(c_xdevice...]
Compiling architecture lut5_v of entity unisim.LUT5 [\LUT5(init="00000000000000001111...]
Compiling architecture lut5_v of entity unisim.LUT5 [\LUT5(init="00000000000000000000...]
Compiling architecture synth of entity xbip_pipe_v3_0_10.xbip_pipe_v3_0_10_viv [\xbip_pipe_v3_0_10_viv(c_has_ce=...]
Compiling architecture rtl of entity floating_point_v7_1_20.delay [\delay(width=27,length=0)\]
Compiling architecture synth of entity xbip_pipe_v3_0_10.xbip_pipe_v3_0_10_viv [\xbip_pipe_v3_0_10_viv(c_latency...]
Compiling architecture rtl of entity floating_point_v7_1_20.delay [\delay(width=16)\]
Compiling architecture synth of entity xbip_pipe_v3_0_10.xbip_pipe_v3_0_10_viv [\xbip_pipe_v3_0_10_viv(c_latency...]
Compiling architecture rtl of entity floating_point_v7_1_20.delay [\delay(width=5)\]
Compiling architecture rtl of entity floating_point_v7_1_20.lead_zero_encode_shift [\lead_zero_encode_shift(ab_fw=24...]
Compiling architecture lut6_v of entity unisim.LUT6 [\LUT6(init="11111110010101001011...]
Compiling architecture lut5_v of entity unisim.LUT5 [\LUT5(init="00010001010111110000...]
Compiling architecture lut5_v of entity unisim.LUT5 [\LUT5(init="11101110101000001111...]
Compiling architecture dsp48e1_v of entity unisim.DSP48E1 [\DSP48E1(adreg=0,bcascreg=0,breg...]
Compiling architecture rtl of entity floating_point_v7_1_20.dsp48e1_wrapper [\dsp48e1_wrapper(a_width=24,c_wi...]
Compiling architecture rtl of entity floating_point_v7_1_20.norm_and_round_dsp48e1_sgl [\norm_and_round_dsp48e1_sgl(c_mu...]
Compiling architecture lut5_v of entity unisim.LUT5 [\LUT5(init="10011001100110011001...]
Compiling architecture lut5_v of entity unisim.LUT5 [\LUT5(init="11111111000000001111...]
Compiling architecture synth of entity xbip_pipe_v3_0_10.xbip_pipe_v3_0_10_viv [\xbip_pipe_v3_0_10_viv(c_has_ce=...]
Compiling architecture rtl of entity floating_point_v7_1_20.delay [\delay(width=9,length=0)\]
Compiling architecture struct of entity floating_point_v7_1_20.carry_chain [\carry_chain(c_xdevicefamily="zy...]
Compiling architecture synth of entity xbip_pipe_v3_0_10.xbip_pipe_v3_0_10_viv [\xbip_pipe_v3_0_10_viv(c_latency...]
Compiling architecture rtl of entity floating_point_v7_1_20.delay [\delay(width=9,length=3)\]
Compiling architecture synth of entity xbip_pipe_v3_0_10.xbip_pipe_v3_0_10_viv [\xbip_pipe_v3_0_10_viv(c_has_ce=...]
Compiling architecture rtl of entity floating_point_v7_1_20.delay [\delay(width=10,length=0)\]
Compiling architecture struct of entity floating_point_v7_1_20.carry_chain [\carry_chain(c_xdevicefamily="zy...]
Compiling architecture synth of entity floating_point_v7_1_20.compare_eq_im [\compare_eq_im(c_xdevicefamily="...]
Compiling architecture rtl of entity floating_point_v7_1_20.special_detect [\special_detect(c_xdevicefamily=...]
Compiling architecture struct of entity floating_point_v7_1_20.carry_chain [\carry_chain(c_xdevicefamily="zy...]
Compiling architecture synth of entity floating_point_v7_1_20.compare_gt [\compare_gt(c_xdevicefamily="zyn...]
Compiling architecture synth of entity floating_point_v7_1_20.compare [\compare(c_xdevicefamily="zynqup...]
Compiling architecture synth of entity xbip_pipe_v3_0_10.xbip_pipe_v3_0_10_viv [\xbip_pipe_v3_0_10_viv(c_latency...]
Compiling architecture rtl of entity floating_point_v7_1_20.delay [\delay(width=9)\]
Compiling architecture synth of entity xbip_pipe_v3_0_10.xbip_pipe_v3_0_10_viv [\xbip_pipe_v3_0_10_viv(c_latency...]
Compiling architecture rtl of entity floating_point_v7_1_20.delay [\delay(width=2,length=4,fast_inp...]
Compiling architecture rtl of entity floating_point_v7_1_20.delay [\delay(length=4,fast_input=true)...]
Compiling architecture synth of entity xbip_pipe_v3_0_10.xbip_pipe_v3_0_10_viv [\xbip_pipe_v3_0_10_viv(c_latency...]
Compiling architecture rtl of entity floating_point_v7_1_20.delay [\delay(length=2,fast_input=true)...]
Compiling architecture rtl of entity floating_point_v7_1_20.flt_add_exp_sp [\flt_add_exp_sp(c_xdevicefamily=...]
Compiling architecture rtl of entity floating_point_v7_1_20.flt_add_dsp [\flt_add_dsp(c_xdevicefamily="zy...]
Compiling architecture rtl of entity floating_point_v7_1_20.flt_add [\flt_add(c_xdevicefamily="zynqup...]
Compiling architecture synth of entity xbip_pipe_v3_0_10.xbip_pipe_v3_0_10_viv [\xbip_pipe_v3_0_10_viv(c_latency...]
Compiling architecture xilinx of entity floating_point_v7_1_20.floating_point_v7_1_20_viv [\floating_point_v7_1_20_viv(c_xd...]
Compiling architecture xilinx of entity floating_point_v7_1_20.floating_point_v7_1_20 [\floating_point_v7_1_20(c_xdevic...]
Compiling architecture turbovla_lite_e2e_fadd_32ns_32ns_32_8_full_dsp_1_ip_arch of entity xil_defaultlib.turbovla_lite_e2e_fadd_32ns_32ns_32_8_full_dsp_1_ip [turbovla_lite_e2e_fadd_32ns_32ns...]
Compiling module xil_defaultlib.turbovla_lite_e2e_fadd_32ns_32ns...
Compiling architecture rtl of entity floating_point_v7_1_20.flt_add [\flt_add(c_xdevicefamily="zynqup...]
Compiling architecture xilinx of entity floating_point_v7_1_20.floating_point_v7_1_20_viv [\floating_point_v7_1_20_viv(c_xd...]
Compiling architecture xilinx of entity floating_point_v7_1_20.floating_point_v7_1_20 [\floating_point_v7_1_20(c_xdevic...]
Compiling architecture turbovla_lite_e2e_fsub_32ns_32ns_32_8_full_dsp_0_ip_arch of entity xil_defaultlib.turbovla_lite_e2e_fsub_32ns_32ns_32_8_full_dsp_0_ip [turbovla_lite_e2e_fsub_32ns_32ns...]
Compiling module xil_defaultlib.turbovla_lite_e2e_fsub_32ns_32ns...
Compiling architecture dsp48e1_v of entity unisim.DSP48E1 [\DSP48E1(acascreg=0,adreg=0,alum...]
Compiling architecture synth of entity xbip_pipe_v3_0_10.xbip_pipe_v3_0_10_viv [\xbip_pipe_v3_0_10_viv(c_has_ce=...]
Compiling architecture rtl of entity floating_point_v7_1_20.delay [\delay(width=17,length=0)\]
Compiling architecture rtl of entity floating_point_v7_1_20.dsp48e1_wrapper [\dsp48e1_wrapper(a_width=24,b_wi...]
Compiling architecture dsp48e1_v of entity unisim.DSP48E1 [\DSP48E1(adreg=0,alumodereg=0,a_...]
Compiling architecture rtl of entity floating_point_v7_1_20.dsp48e1_wrapper [\dsp48e1_wrapper(a_width=24,b_wi...]
Compiling architecture struct of entity floating_point_v7_1_20.fix_mult_dsp48e1_sgl [\fix_mult_dsp48e1_sgl(registers=...]
Compiling architecture rtl of entity floating_point_v7_1_20.fix_mult [\fix_mult(c_xdevicefamily="zynqu...]
Compiling architecture synth of entity xbip_pipe_v3_0_10.xbip_pipe_v3_0_10_viv [\xbip_pipe_v3_0_10_viv(c_latency...]
Compiling architecture rtl of entity floating_point_v7_1_20.delay [\delay(width=7)\]
Compiling architecture synth of entity xbip_pipe_v3_0_10.xbip_pipe_v3_0_10_viv [\xbip_pipe_v3_0_10_viv(c_latency...]
Compiling architecture rtl of entity floating_point_v7_1_20.delay [\delay(width=8,fast_input=true)\]
Compiling architecture struct of entity floating_point_v7_1_20.carry_chain [\carry_chain(c_xdevicefamily="zy...]
Compiling architecture synth of entity floating_point_v7_1_20.compare_eq_im [\compare_eq_im(c_xdevicefamily="...]
Compiling architecture rtl of entity floating_point_v7_1_20.special_detect [\special_detect(c_xdevicefamily=...]
Compiling architecture synth of entity xbip_pipe_v3_0_10.xbip_pipe_v3_0_10_viv [\xbip_pipe_v3_0_10_viv(c_has_ce=...]
Compiling architecture rtl of entity floating_point_v7_1_20.delay [\delay(width=3,length=0,fast_inp...]
Compiling architecture rtl of entity floating_point_v7_1_20.flt_mult_exp [\flt_mult_exp(c_xdevicefamily="z...]
Compiling architecture dsp48e1_v of entity unisim.DSP48E1 [\DSP48E1(acascreg=0,adreg=0,alum...]
Compiling architecture synth of entity xbip_pipe_v3_0_10.xbip_pipe_v3_0_10_viv [\xbip_pipe_v3_0_10_viv(c_has_ce=...]
Compiling architecture rtl of entity floating_point_v7_1_20.delay [\delay(width=30,length=0)\]
Compiling architecture synth of entity xbip_pipe_v3_0_10.xbip_pipe_v3_0_10_viv [\xbip_pipe_v3_0_10_viv(c_has_ce=...]
Compiling architecture rtl of entity floating_point_v7_1_20.delay [\delay(width=18,length=0)\]
Compiling architecture rtl of entity floating_point_v7_1_20.dsp48e1_wrapper [\dsp48e1_wrapper(a_width=30,b_wi...]
Compiling architecture struct of entity floating_point_v7_1_20.flt_round_dsp_opt_full [\flt_round_dsp_opt_full(c_xdevic...]
Compiling architecture rtl of entity floating_point_v7_1_20.flt_mult_round [\flt_mult_round(c_xdevicefamily=...]
Compiling architecture synth of entity floating_point_v7_1_20.flt_dec_op_lat [\flt_dec_op_lat(c_xdevicefamily=...]
Compiling architecture rtl of entity floating_point_v7_1_20.flt_mult [\flt_mult(c_xdevicefamily="zynqu...]
Compiling architecture synth of entity xbip_pipe_v3_0_10.xbip_pipe_v3_0_10_viv [\xbip_pipe_v3_0_10_viv(c_latency...]
Compiling architecture xilinx of entity floating_point_v7_1_20.floating_point_v7_1_20_viv [\floating_point_v7_1_20_viv(c_xd...]
Compiling architecture xilinx of entity floating_point_v7_1_20.floating_point_v7_1_20 [\floating_point_v7_1_20(c_xdevic...]
Compiling architecture turbovla_lite_e2e_fmul_32ns_32ns_32_5_max_dsp_1_ip_arch of entity xil_defaultlib.turbovla_lite_e2e_fmul_32ns_32ns_32_5_max_dsp_1_ip [turbovla_lite_e2e_fmul_32ns_32ns...]
Compiling module xil_defaultlib.turbovla_lite_e2e_fmul_32ns_32ns...
Compiling architecture synth of entity xbip_pipe_v3_0_10.xbip_pipe_v3_0_10_viv [\xbip_pipe_v3_0_10_viv(c_has_ce=...]
Compiling architecture rtl of entity floating_point_v7_1_20.delay [\delay(width=5,length=0)\]
Compiling architecture struct of entity floating_point_v7_1_20.carry_chain [\carry_chain(c_xdevicefamily="zy...]
Compiling architecture synth of entity floating_point_v7_1_20.compare_ne_im [\compare_ne_im(c_xdevicefamily="...]
Compiling architecture struct of entity floating_point_v7_1_20.carry_chain [\carry_chain(c_xdevicefamily="zy...]
Compiling architecture rtl of entity floating_point_v7_1_20.flt_round_bit [\flt_round_bit(c_xdevicefamily="...]
Compiling architecture rtl of entity floating_point_v7_1_20.renorm_and_round_logic [\renorm_and_round_logic(c_xdevic...]
Compiling architecture struct of entity floating_point_v7_1_20.carry_chain [\carry_chain(c_xdevicefamily="ki...]
Compiling architecture synth of entity floating_point_v7_1_20.compare_eq_im [\compare_eq_im(c_xdevicefamily="...]
Compiling architecture rtl of entity floating_point_v7_1_20.special_detect [\special_detect(a_w=64,a_fw=53,o...]
Compiling architecture rtl of entity floating_point_v7_1_20.flt_to_flt_conv_exp [\flt_to_flt_conv_exp(a_w=64,a_ew...]
Compiling architecture synth of entity floating_point_v7_1_20.flt_dec_op [\flt_dec_op(c_xdevicefamily="zyn...]
Compiling architecture rtl of entity floating_point_v7_1_20.flt_to_flt_conv [\flt_to_flt_conv(c_xdevicefamily...]
Compiling architecture xilinx of entity floating_point_v7_1_20.floating_point_v7_1_20_viv [\floating_point_v7_1_20_viv(c_xd...]
Compiling architecture xilinx of entity floating_point_v7_1_20.floating_point_v7_1_20 [\floating_point_v7_1_20(c_xdevic...]
Compiling architecture turbovla_lite_e2e_fptrunc_64ns_32_2_no_dsp_0_ip_arch of entity xil_defaultlib.turbovla_lite_e2e_fptrunc_64ns_32_2_no_dsp_0_ip [turbovla_lite_e2e_fptrunc_64ns_3...]
Compiling module xil_defaultlib.turbovla_lite_e2e_fptrunc_64ns_3...
Compiling architecture struct of entity floating_point_v7_1_20.carry_chain [\carry_chain(c_xdevicefamily="ki...]
Compiling architecture synth of entity floating_point_v7_1_20.compare_eq_im [\compare_eq_im(c_xdevicefamily="...]
Compiling architecture rtl of entity floating_point_v7_1_20.special_detect [\special_detect(a_fw=24,op_delay...]
Compiling architecture rtl of entity floating_point_v7_1_20.flt_to_flt_conv_exp [\flt_to_flt_conv_exp(r_w=64,r_ew...]
Compiling architecture synth of entity floating_point_v7_1_20.flt_dec_op [\flt_dec_op(c_xdevicefamily="zyn...]
Compiling architecture rtl of entity floating_point_v7_1_20.flt_to_flt_conv [\flt_to_flt_conv(c_xdevicefamily...]
Compiling architecture synth of entity xbip_pipe_v3_0_10.xbip_pipe_v3_0_10_viv [\xbip_pipe_v3_0_10_viv(c_has_ce=...]
Compiling architecture rtl of entity floating_point_v7_1_20.delay [\delay(width=64,length=0)\]
Compiling architecture xilinx of entity floating_point_v7_1_20.floating_point_v7_1_20_viv [\floating_point_v7_1_20_viv(c_xd...]
Compiling architecture xilinx of entity floating_point_v7_1_20.floating_point_v7_1_20 [\floating_point_v7_1_20(c_xdevic...]
Compiling architecture turbovla_lite_e2e_fpext_32ns_64_2_no_dsp_0_ip_arch of entity xil_defaultlib.turbovla_lite_e2e_fpext_32ns_64_2_no_dsp_0_ip [turbovla_lite_e2e_fpext_32ns_64_...]
Compiling module xil_defaultlib.turbovla_lite_e2e_fpext_32ns_64_...
Compiling architecture synth of entity xbip_pipe_v3_0_10.xbip_pipe_v3_0_10_viv [\xbip_pipe_v3_0_10_viv(c_latency...]
Compiling architecture rtl of entity floating_point_v7_1_20.delay [\delay(width=52)\]
Compiling architecture synth of entity xbip_pipe_v3_0_10.xbip_pipe_v3_0_10_viv [\xbip_pipe_v3_0_10_viv(c_has_ce=...]
Compiling architecture rtl of entity floating_point_v7_1_20.delay [\delay(width=54,length=0)\]
Compiling architecture synth of entity xbip_pipe_v3_0_10.xbip_pipe_v3_0_10_viv [\xbip_pipe_v3_0_10_viv(c_has_ce=...]
Compiling architecture rtl of entity floating_point_v7_1_20.delay [\delay(width=11,length=0,fast_in...]
Compiling architecture muxf7_v of entity unisim.MUXF7 [muxf7_default]
Compiling architecture muxf8_v of entity unisim.MUXF8 [muxf8_default]
Compiling architecture struct of entity floating_point_v7_1_20.carry_chain [\carry_chain(c_xdevicefamily="zy...]
Compiling architecture synth of entity floating_point_v7_1_20.compare_eq_im [\compare_eq_im(c_xdevicefamily="...]
Compiling architecture rtl of entity floating_point_v7_1_20.zero_det_sel [\zero_det_sel(c_xdevicefamily="z...]
Compiling architecture synth of entity xbip_pipe_v3_0_10.xbip_pipe_v3_0_10_viv [\xbip_pipe_v3_0_10_viv(c_latency...]
Compiling architecture rtl of entity floating_point_v7_1_20.delay [\delay(width=55)\]
Compiling architecture synth of entity xbip_pipe_v3_0_10.xbip_pipe_v3_0_10_viv [\xbip_pipe_v3_0_10_viv(c_has_ce=...]
Compiling architecture rtl of entity floating_point_v7_1_20.delay [\delay(width=55,length=0)\]
Compiling architecture rtl of entity floating_point_v7_1_20.shift_msb_first [\shift_msb_first(a_width=54,regi...]
Compiling architecture rtl of entity floating_point_v7_1_20.alignment [\alignment(c_xdevicefamily="zynq...]
Compiling architecture synth of entity xbip_pipe_v3_0_10.xbip_pipe_v3_0_10_viv [\xbip_pipe_v3_0_10_viv(c_has_ce=...]
Compiling architecture rtl of entity floating_point_v7_1_20.delay [\delay(width=47,length=0)\]
Compiling architecture dsp48e1_v of entity unisim.DSP48E1 [\DSP48E1(adreg=0,alumodereg=0,ca...]
Compiling architecture rtl of entity floating_point_v7_1_20.dsp48e1_wrapper [\dsp48e1_wrapper(a_width=30,b_wi...]
Compiling architecture dsp48e1_v of entity unisim.DSP48E1 [\DSP48E1(acascreg=0,adreg=0,alum...]
Compiling architecture rtl of entity floating_point_v7_1_20.dsp48e1_wrapper [\dsp48e1_wrapper(a_width=30,b_wi...]
Compiling architecture struct of entity floating_point_v7_1_20.carry_chain [\carry_chain(c_xdevicefamily="zy...]
Compiling architecture synth of entity xbip_pipe_v3_0_10.xbip_pipe_v3_0_10_viv [\xbip_pipe_v3_0_10_viv(c_has_ce=...]
Compiling architecture rtl of entity floating_point_v7_1_20.delay [\delay(width=56,length=0)\]
Compiling architecture synth of entity floating_point_v7_1_20.addsub_dsp [\addsub_dsp(c_xdevicefamily="zyn...]
Compiling architecture rtl of entity floating_point_v7_1_20.addsub [\addsub(c_xdevicefamily="zynqupl...]
Compiling architecture rtl of entity floating_point_v7_1_20.align_add [\align_add(c_xdevicefamily="zynq...]
Compiling architecture synth of entity xbip_pipe_v3_0_10.xbip_pipe_v3_0_10_viv [\xbip_pipe_v3_0_10_viv(c_has_ce=...]
Compiling architecture rtl of entity floating_point_v7_1_20.delay [\delay(width=6,length=0,fast_inp...]
Compiling architecture struct of entity floating_point_v7_1_20.carry_chain [\carry_chain(c_xdevicefamily="zy...]
Compiling architecture rtl of entity floating_point_v7_1_20.mux4 [\mux4(c_xdevicefamily="zynquplus...]
Compiling architecture rtl of entity floating_point_v7_1_20.mux4 [\mux4(c_xdevicefamily="zynquplus...]
Compiling architecture rtl of entity floating_point_v7_1_20.lead_zero_encode [\lead_zero_encode(c_xdevicefamil...]
Compiling architecture synth of entity xbip_pipe_v3_0_10.xbip_pipe_v3_0_10_viv [\xbip_pipe_v3_0_10_viv(c_latency...]
Compiling architecture rtl of entity floating_point_v7_1_20.delay [\delay(width=56)\]
Compiling architecture rtl of entity floating_point_v7_1_20.shift_msb_first [\shift_msb_first(a_width=56,resu...]
Compiling architecture dsp48e1_v of entity unisim.DSP48E1 [\DSP48E1(acascreg=0,adreg=0,areg...]
Compiling architecture rtl of entity floating_point_v7_1_20.dsp48e1_wrapper [\dsp48e1_wrapper(b_width=18,c_wi...]
Compiling architecture synth of entity xbip_pipe_v3_0_10.xbip_pipe_v3_0_10_viv [\xbip_pipe_v3_0_10_viv(c_has_ce=...]
Compiling architecture rtl of entity floating_point_v7_1_20.delay [\delay(width=19,length=0)\]
Compiling architecture struct of entity floating_point_v7_1_20.carry_chain [\carry_chain(c_xdevicefamily="zy...]
Compiling architecture synth of entity xbip_pipe_v3_0_10.xbip_pipe_v3_0_10_viv [\xbip_pipe_v3_0_10_viv(c_has_ce=...]
Compiling architecture rtl of entity floating_point_v7_1_20.delay [\delay(width=28,length=0)\]
Compiling architecture synth of entity xbip_pipe_v3_0_10.xbip_pipe_v3_0_10_viv [\xbip_pipe_v3_0_10_viv(c_latency...]
Compiling architecture rtl of entity floating_point_v7_1_20.delay [\delay(width=29)\]
Compiling architecture rtl of entity floating_point_v7_1_20.flt_round_bit [\flt_round_bit(c_xdevicefamily="...]
Compiling architecture rtl of entity floating_point_v7_1_20.renorm_and_round_logic [\renorm_and_round_logic(c_xdevic...]
Compiling architecture rtl of entity floating_point_v7_1_20.norm_and_round_logic [\norm_and_round_logic(c_xdevicef...]
Compiling architecture synth of entity xbip_pipe_v3_0_10.xbip_pipe_v3_0_10_viv [\xbip_pipe_v3_0_10_viv(c_latency...]
Compiling architecture rtl of entity floating_point_v7_1_20.delay [\delay(length=4)\]
Compiling architecture synth of entity xbip_pipe_v3_0_10.xbip_pipe_v3_0_10_viv [\xbip_pipe_v3_0_10_viv(c_latency...]
Compiling architecture rtl of entity floating_point_v7_1_20.delay [\delay(width=12,length=4)\]
Compiling architecture synth of entity xbip_pipe_v3_0_10.xbip_pipe_v3_0_10_viv [\xbip_pipe_v3_0_10_viv(c_latency...]
Compiling architecture rtl of entity floating_point_v7_1_20.delay [\delay(width=11,fast_input=true)...]
Compiling architecture struct of entity floating_point_v7_1_20.carry_chain [\carry_chain(c_xdevicefamily="zy...]
Compiling architecture synth of entity floating_point_v7_1_20.compare_eq_im [\compare_eq_im(c_xdevicefamily="...]
Compiling architecture rtl of entity floating_point_v7_1_20.special_detect [\special_detect(c_xdevicefamily=...]
Compiling architecture struct of entity floating_point_v7_1_20.carry_chain [\carry_chain(c_xdevicefamily="zy...]
Compiling architecture synth of entity floating_point_v7_1_20.compare_eq [\compare_eq(c_xdevicefamily="zyn...]
Compiling architecture synth of entity floating_point_v7_1_20.compare [\compare(c_xdevicefamily="zynqup...]
Compiling architecture synth of entity xbip_pipe_v3_0_10.xbip_pipe_v3_0_10_viv [\xbip_pipe_v3_0_10_viv(c_latency...]
Compiling architecture rtl of entity floating_point_v7_1_20.delay [\delay(length=5,fast_input=true)...]
Compiling architecture rtl of entity floating_point_v7_1_20.flt_add_exp [\flt_add_exp(c_xdevicefamily="zy...]
Compiling architecture synth of entity floating_point_v7_1_20.flt_dec_op [\flt_dec_op(c_xdevicefamily="zyn...]
Compiling architecture rtl of entity floating_point_v7_1_20.flt_add_logic [\flt_add_logic(c_xdevicefamily="...]
Compiling architecture rtl of entity floating_point_v7_1_20.flt_add [\flt_add(c_xdevicefamily="zynqup...]
Compiling architecture synth of entity xbip_pipe_v3_0_10.xbip_pipe_v3_0_10_viv [\xbip_pipe_v3_0_10_viv(c_latency...]
Compiling architecture xilinx of entity floating_point_v7_1_20.floating_point_v7_1_20_viv [\floating_point_v7_1_20_viv(c_xd...]
Compiling architecture xilinx of entity floating_point_v7_1_20.floating_point_v7_1_20 [\floating_point_v7_1_20(c_xdevic...]
Compiling architecture turbovla_lite_e2e_dadd_64ns_64ns_64_9_full_dsp_0_ip_arch of entity xil_defaultlib.turbovla_lite_e2e_dadd_64ns_64ns_64_9_full_dsp_0_ip [turbovla_lite_e2e_dadd_64ns_64ns...]
Compiling module xil_defaultlib.turbovla_lite_e2e_dadd_64ns_64ns...
Compiling module xil_defaultlib.turbovla_lite_e2e_generic_tanh_f...
Compiling architecture rtl of entity floating_point_v7_1_20.flt_add [\flt_add(c_xdevicefamily="zynqup...]
Compiling architecture xilinx of entity floating_point_v7_1_20.floating_point_v7_1_20_viv [\floating_point_v7_1_20_viv(c_xd...]
Compiling architecture xilinx of entity floating_point_v7_1_20.floating_point_v7_1_20 [\floating_point_v7_1_20(c_xdevic...]
Compiling architecture turbovla_lite_e2e_faddfsub_32ns_32ns_32_8_full_dsp_1_ip_arch of entity xil_defaultlib.turbovla_lite_e2e_faddfsub_32ns_32ns_32_8_full_dsp_1_ip [turbovla_lite_e2e_faddfsub_32ns_...]
Compiling module xil_defaultlib.turbovla_lite_e2e_faddfsub_32ns_...
Compiling architecture turbovla_lite_e2e_sitofp_32ns_32_6_no_dsp_1_ip_arch of entity xil_defaultlib.turbovla_lite_e2e_sitofp_32ns_32_6_no_dsp_1_ip [turbovla_lite_e2e_sitofp_32ns_32...]
Compiling module xil_defaultlib.turbovla_lite_e2e_sitofp_32ns_32...
Compiling architecture dsp48e1_v of entity unisim.DSP48E1 [\DSP48E1(adreg=0,alumodereg=0,ca...]
Compiling architecture synth of entity xbip_pipe_v3_0_10.xbip_pipe_v3_0_10_viv [\xbip_pipe_v3_0_10_viv(c_latency...]
Compiling architecture rtl of entity floating_point_v7_1_20.delay [\delay(width=43)\]
Compiling architecture rtl of entity floating_point_v7_1_20.dsp48e1_wrapper [\dsp48e1_wrapper(a_width=17,b_wi...]
Compiling architecture rtl of entity floating_point_v7_1_20.special_detect [\special_detect(c_xdevicefamily=...]
Compiling architecture synth of entity xbip_pipe_v3_0_10.xbip_pipe_v3_0_10_viv [\xbip_pipe_v3_0_10_viv(c_latency...]
Compiling architecture rtl of entity floating_point_v7_1_20.delay [\delay(length=9)\]
Compiling architecture struct of entity floating_point_v7_1_20.carry_chain [\carry_chain(c_xdevicefamily="zy...]
Compiling architecture synth of entity floating_point_v7_1_20.compare_gt [\compare_gt(c_xdevicefamily="zyn...]
Compiling architecture synth of entity xbip_pipe_v3_0_10.xbip_pipe_v3_0_10_viv [\xbip_pipe_v3_0_10_viv(c_latency...]
Compiling architecture rtl of entity floating_point_v7_1_20.delay [\delay(width=2,length=9,fast_inp...]
Compiling architecture synth of entity xbip_pipe_v3_0_10.xbip_pipe_v3_0_10_viv [\xbip_pipe_v3_0_10_viv(c_latency...]
Compiling architecture rtl of entity floating_point_v7_1_20.delay [\delay(length=10)\]
Compiling architecture synth of entity floating_point_v7_1_20.flt_exp_specialcase [\flt_exp_specialcase(c_xdevicefa...]
Compiling architecture rtl of entity floating_point_v7_1_20.delay_s [\delay_s(width=10,length=0)\]
Compiling architecture rtl of entity floating_point_v7_1_20.delay_s [\delay_s(width=9,length=0)\]
Compiling architecture synth of entity xbip_pipe_v3_0_10.xbip_pipe_v3_0_10_viv [\xbip_pipe_v3_0_10_viv(c_has_ce=...]
Compiling architecture rtl of entity floating_point_v7_1_20.delay [\delay(width=6,length=0)\]
Compiling architecture struct of entity floating_point_v7_1_20.carry_chain [\carry_chain(c_xdevicefamily="zy...]
Compiling architecture synth of entity floating_point_v7_1_20.compare_eq_im [\compare_eq_im(c_xdevicefamily="...]
Compiling architecture rtl of entity floating_point_v7_1_20.zero_det_sel [\zero_det_sel(c_xdevicefamily="z...]
Compiling architecture synth of entity xbip_pipe_v3_0_10.xbip_pipe_v3_0_10_viv [\xbip_pipe_v3_0_10_viv(c_has_ce=...]
Compiling architecture rtl of entity floating_point_v7_1_20.delay [\delay(width=34,length=0)\]
Compiling architecture synth of entity xbip_pipe_v3_0_10.xbip_pipe_v3_0_10_viv [\xbip_pipe_v3_0_10_viv(c_latency...]
Compiling architecture rtl of entity floating_point_v7_1_20.delay [\delay(width=34)\]
Compiling architecture rtl of entity floating_point_v7_1_20.shift_msb_first [\shift_msb_first(a_width=24,resu...]
Compiling architecture synth of entity xbip_pipe_v3_0_10.xbip_pipe_v3_0_10_viv [\xbip_pipe_v3_0_10_viv(c_has_ce=...]
Compiling architecture rtl of entity floating_point_v7_1_20.delay [\delay(width=36,length=0)\]
Compiling architecture struct of entity floating_point_v7_1_20.carry_chain [\carry_chain(c_xdevicefamily="zy...]
Compiling architecture synth of entity floating_point_v7_1_20.flt_to_fix_conv [\flt_to_fix_conv(c_xdevicefamily...]
Compiling architecture rtl of entity floating_point_v7_1_20.dsp48e1_wrapper [\dsp48e1_wrapper(a_width=30,b_wi...]
Compiling architecture synth of entity floating_point_v7_1_20.flt_log_addsub [\flt_log_addsub(c_xdevicefamily=...]
Compiling architecture rtl of entity floating_point_v7_1_20.flt_exp_ccm [\flt_exp_ccm(c_xdevicefamily="zy...]
Compiling architecture rtl of entity floating_point_v7_1_20.dsp48e1_wrapper [\dsp48e1_wrapper(c_part="xck26-s...]
Compiling architecture synth of entity floating_point_v7_1_20.flt_log_addsub [\flt_log_addsub(c_xdevicefamily=...]
Compiling architecture rtl of entity floating_point_v7_1_20.flt_exp_ccm [\flt_exp_ccm(c_xdevicefamily="zy...]
Compiling architecture synth of entity xbip_pipe_v3_0_10.xbip_pipe_v3_0_10_viv [\xbip_pipe_v3_0_10_viv(c_latency...]
Compiling architecture rtl of entity floating_point_v7_1_20.delay [\delay(width=33,length=4)\]
Compiling architecture synth of entity floating_point_v7_1_20.flt_log_addsub [\flt_log_addsub(c_xdevicefamily=...]
Compiling architecture rtl of entity floating_point_v7_1_20.flt_exp_e2A [\flt_exp_e2A(c_xdevicefamily="zy...]
Compiling architecture rtl of entity floating_point_v7_1_20.flt_exp_e2zmzm1 [\flt_exp_e2zmzm1(c_xdevicefamily...]
Compiling architecture synth of entity xbip_pipe_v3_0_10.xbip_pipe_v3_0_10_viv [\xbip_pipe_v3_0_10_viv(c_latency...]
Compiling architecture rtl of entity floating_point_v7_1_20.delay [\delay(width=8,length=6)\]
Compiling architecture synth of entity xbip_pipe_v3_0_10.xbip_pipe_v3_0_10_viv [\xbip_pipe_v3_0_10_viv(c_latency...]
Compiling architecture rtl of entity floating_point_v7_1_20.delay [\delay(width=14)\]
Compiling architecture rtl of entity floating_point_v7_1_20.flt_round_bit [\flt_round_bit(c_xdevicefamily="...]
Compiling architecture rtl of entity floating_point_v7_1_20.renorm_and_round_logic [\renorm_and_round_logic(c_xdevic...]
Compiling architecture lut4_v of entity unisim.LUT4 [\LUT4(init="1100110010010110")(0...]
Compiling architecture lut4_v of entity unisim.LUT4 [\LUT4(init="1100110000111100")(0...]
Compiling architecture synth of entity xbip_pipe_v3_0_10.xbip_pipe_v3_0_10_viv [\xbip_pipe_v3_0_10_viv(c_has_ce=...]
Compiling architecture rtl of entity floating_point_v7_1_20.delay [\delay(width=9,length=0,fast_inp...]
Compiling architecture synth of entity floating_point_v7_1_20.flt_log_addsub [\flt_log_addsub(c_xdevicefamily=...]
Compiling architecture synth of entity floating_point_v7_1_20.compare_eq_im [\compare_eq_im(c_xdevicefamily="...]
Compiling architecture synth of entity floating_point_v7_1_20.compare_ne_im [\compare_ne_im(c_xdevicefamily="...]
Compiling architecture synth of entity floating_point_v7_1_20.compare_gt [\compare_gt(c_xdevicefamily="zyn...]
Compiling architecture synth of entity floating_point_v7_1_20.flt_exp_recomb [\flt_exp_recomb(c_xdevicefamily=...]
Compiling architecture synth of entity floating_point_v7_1_20.flt_exp [\flt_exp(c_xdevicefamily="zynqup...]
Compiling architecture synth of entity xbip_pipe_v3_0_10.xbip_pipe_v3_0_10_viv [\xbip_pipe_v3_0_10_viv(c_latency...]
Compiling architecture xilinx of entity floating_point_v7_1_20.floating_point_v7_1_20_viv [\floating_point_v7_1_20_viv(c_xd...]
Compiling architecture xilinx of entity floating_point_v7_1_20.floating_point_v7_1_20 [\floating_point_v7_1_20(c_xdevic...]
Compiling architecture turbovla_lite_e2e_fexp_32ns_32ns_32_13_full_dsp_1_ip_arch of entity xil_defaultlib.turbovla_lite_e2e_fexp_32ns_32ns_32_13_full_dsp_1_ip [turbovla_lite_e2e_fexp_32ns_32ns...]
Compiling module xil_defaultlib.turbovla_lite_e2e_fexp_32ns_32ns...
Compiling module xil_defaultlib.turbovla_lite_e2e_run
Compiling module xil_defaultlib.turbovla_lite_e2e_control_s_axi
Compiling module xil_defaultlib.turbovla_lite_e2e_gmem0_m_axi_sr...
Compiling module xil_defaultlib.turbovla_lite_e2e_gmem0_m_axi_fi...
Compiling module xil_defaultlib.turbovla_lite_e2e_gmem0_m_axi_sr...
Compiling module xil_defaultlib.turbovla_lite_e2e_gmem0_m_axi_fi...
Compiling module xil_defaultlib.turbovla_lite_e2e_gmem0_m_axi_sr...
Compiling module xil_defaultlib.turbovla_lite_e2e_gmem0_m_axi_fi...
Compiling module xil_defaultlib.turbovla_lite_e2e_gmem0_m_axi_sr...
Compiling module xil_defaultlib.turbovla_lite_e2e_gmem0_m_axi_fi...
Compiling module xil_defaultlib.turbovla_lite_e2e_gmem0_m_axi_sr...
Compiling module xil_defaultlib.turbovla_lite_e2e_gmem0_m_axi_fi...
Compiling module xil_defaultlib.turbovla_lite_e2e_gmem0_m_axi_st...
Compiling module xil_defaultlib.turbovla_lite_e2e_gmem0_m_axi_me...
Compiling module xil_defaultlib.turbovla_lite_e2e_gmem0_m_axi_fi...
Compiling module xil_defaultlib.turbovla_lite_e2e_gmem0_m_axi_lo...
Compiling module xil_defaultlib.turbovla_lite_e2e_gmem0_m_axi_re...
Compiling module xil_defaultlib.turbovla_lite_e2e_gmem0_m_axi_bu...
Compiling module xil_defaultlib.turbovla_lite_e2e_gmem0_m_axi_re...
Compiling module xil_defaultlib.turbovla_lite_e2e_gmem0_m_axi_sr...
Compiling module xil_defaultlib.turbovla_lite_e2e_gmem0_m_axi_fi...
Compiling module xil_defaultlib.turbovla_lite_e2e_gmem0_m_axi_re...
Compiling module xil_defaultlib.turbovla_lite_e2e_gmem0_m_axi_th...
Compiling module xil_defaultlib.turbovla_lite_e2e_gmem0_m_axi_re...
Compiling module xil_defaultlib.turbovla_lite_e2e_gmem0_m_axi_wr...
Compiling module xil_defaultlib.turbovla_lite_e2e_gmem0_m_axi_re...
Compiling module xil_defaultlib.turbovla_lite_e2e_gmem0_m_axi_re...
Compiling module xil_defaultlib.turbovla_lite_e2e_gmem0_m_axi(C_...
Compiling module xil_defaultlib.turbovla_lite_e2e
Compiling module xil_defaultlib.misc_interface_default
Compiling module xil_defaultlib.axi_if(ADDR_WIDTH=64,STRB_WIDTH=...
Compiling module xil_defaultlib.axi_if(ADDR_WIDTH=6,STRB_WIDTH=4...
Compiling module xil_defaultlib.sv_module_top
Compiling module xil_defaultlib.nodf_module_intf_default
Compiling module xil_defaultlib.seq_loop_intf(FSM_WIDTH=163)
Compiling module xil_defaultlib.seq_loop_intf(FSM_WIDTH=108)
Compiling module xil_defaultlib.upc_loop_intf(FSM_WIDTH=1)
Compiling module xil_defaultlib.upc_loop_intf(FSM_WIDTH=16)
Compiling module xil_defaultlib.upc_loop_intf(FSM_WIDTH=17)
Compiling module xil_defaultlib.upc_loop_intf_default
Compiling module xil_defaultlib.upc_loop_intf(FSM_WIDTH=9)
Compiling module xil_defaultlib.upc_loop_intf(FSM_WIDTH=65)
Compiling module xil_defaultlib.dataflow_monitor_1
Compiling module xil_defaultlib.apatb_turbovla_lite_e2e_top
Compiling module xil_defaultlib.glbl
Built simulation snapshot turbovla_lite_e2e

****** xsim v2025.1 (64-bit)
  **** SW Build 6140274 on Wed May 21 22:58:25 MDT 2025
  **** IP Build 6138677 on Thu May 22 03:10:11 MDT 2025
  **** SharedData Build 6139179 on Tue May 20 17:58:58 MDT 2025
  **** Start of session at: Tue Sep 22 02:28:08 2026
    ** Copyright 1986-2022 Xilinx, Inc. All Rights Reserved.
    ** Copyright 2022-2025 Advanced Micro Devices, Inc. All Rights Reserved.

source xsim.dir/turbovla_lite_e2e/xsim_script.tcl
# xsim {turbovla_lite_e2e} -testplusarg UVM_VERBOSITY=UVM_NONE -testplusarg UVM_TESTNAME=turbovla_lite_e2e_test_lib -testplusarg UVM_TIMEOUT=20000000000000 -wdb {/dev/null} -autoloadwcfg -tclbatch {turbovla_lite_e2e.tcl}
Time resolution is 1 ps
source turbovla_lite_e2e.tcl
## run all
UVM_INFO /home/frank/AMD/vivado/2025.01/2025.1/Vivado/data/system_verilog/uvm_1.2/xlnx_uvm_package.sv(18601) @ 0: reporter [UVM/RELNOTES] 
----------------------------------------------------------------
UVM-1.2
(C) 2007-2014 Mentor Graphics Corporation
(C) 2007-2014 Cadence Design Systems, Inc.
(C) 2006-2014 Synopsys, Inc.
(C) 2011-2013 Cypress Semiconductor Corp.
(C) 2013-2014 NVIDIA Corporation
----------------------------------------------------------------

  ***********       IMPORTANT RELEASE NOTES         ************

  You are using a version of the UVM library that has been compiled
  with `UVM_NO_DEPRECATED undefined.

  You are using a version of the UVM library that has been compiled
  with `UVM_OBJECT_DO_NOT_NEED_CONSTRUCTOR undefined.

      (Specify +UVM_NO_RELNOTES to turn off this notice)

UVM_INFO /home/frank/AMD/vivado/2025.01/2025.1/Vivado/data/system_verilog/uvm_1.2/xlnx_uvm_package.sv(18648) @ 0: reporter [NO_DPI_TSTNAME] UVM_NO_DPI defined--getting UVM_TESTNAME directly, without DPI
UVM_INFO /home/frank/AMD/vivado/2025.01/2025.1/Vivado/data/system_verilog/uvm_1.2/xlnx_uvm_package.sv(18752) @ 0: reporter [UVMTOP] UVM testbench topology:
-----------------------------------------------------------------------------------------------
Name                               Type                                 Size  Value            
-----------------------------------------------------------------------------------------------
uvm_test_top                       turbovla_lite_e2e_test_lib           -     @368             
  top_env                          turbovla_lite_e2e_env                -     @379             
    axi_lite_control               uvm_env                              -     @432             
      item_rtr_port                uvm_analysis_port                    -     @451             
      item_wtr_port                uvm_analysis_port                    -     @441             
      master                       uvm_agent                            -     @844             
        ardrv                      uvm_driver #(REQ,RSP)                -     @1519            
          item_read_imp            uvm_analysis_port                    -     @1548            
          rsp_port                 uvm_analysis_port                    -     @1538            
          seq_item_port            uvm_seq_item_pull_port               -     @1528            
          m_num_sent               integral                             32    'h0              
        arsqr                      axi_sequencer                        -     @1558            
          rsp_export               uvm_analysis_export                  -     @1567            
          seq_item_export          uvm_seq_item_pull_imp                -     @1685            
          arbitration_queue        array                                0     -                
          lock_queue               array                                0     -                
          num_last_reqs            integral                             32    'd1              
          num_last_rsps            integral                             32    'd1              
        awdrv                      uvm_driver #(REQ,RSP)                -     @991             
          item_read_imp            uvm_analysis_port                    -     @1020            
          rsp_port                 uvm_analysis_port                    -     @1010            
          seq_item_port            uvm_seq_item_pull_port               -     @1000            
          m_num_sent               integral                             32    'h0              
        awsqr                      axi_sequencer                        -     @1030            
          rsp_export               uvm_analysis_export                  -     @1039            
          seq_item_export          uvm_seq_item_pull_imp                -     @1157            
          arbitration_queue        array                                0     -                
          lock_queue               array                                0     -                
          num_last_reqs            integral                             32    'd1              
          num_last_rsps            integral                             32    'd1              
        bdrv                       uvm_driver #(REQ,RSP)                -     @1343            
          item_read_imp            uvm_analysis_port                    -     @1372            
          rsp_port                 uvm_analysis_port                    -     @1362            
          seq_item_port            uvm_seq_item_pull_port               -     @1352            
          m_num_sent               integral                             32    'h0              
        bsqr                       axi_sequencer                        -     @1382            
          rsp_export               uvm_analysis_export                  -     @1391            
          seq_item_export          uvm_seq_item_pull_imp                -     @1509            
          arbitration_queue        array                                0     -                
          lock_queue               array                                0     -                
          num_last_reqs            integral                             32    'd1              
          num_last_rsps            integral                             32    'd1              
        rdrv                       uvm_driver #(REQ,RSP)                -     @1695            
          item_read_imp            uvm_analysis_port                    -     @1724            
          rsp_port                 uvm_analysis_port                    -     @1714            
          seq_item_port            uvm_seq_item_pull_port               -     @1704            
          m_num_sent               integral                             32    'h0              
        rsqr                       axi_sequencer                        -     @1734            
          rsp_export               uvm_analysis_export                  -     @1743            
          seq_item_export          uvm_seq_item_pull_imp                -     @1861            
          arbitration_queue        array                                0     -                
          lock_queue               array                                0     -                
          num_last_reqs            integral                             32    'd1              
          num_last_rsps            integral                             32    'd1              
        wdrv                       uvm_driver #(REQ,RSP)                -     @1167            
          item_read_imp            uvm_analysis_port                    -     @1196            
          rsp_port                 uvm_analysis_port                    -     @1186            
          seq_item_port            uvm_seq_item_pull_port               -     @1176            
          m_num_sent               integral                             32    'h0              
        wsqr                       axi_sequencer                        -     @1206            
          rsp_export               uvm_analysis_export                  -     @1215            
          seq_item_export          uvm_seq_item_pull_imp                -     @1333            
          arbitration_queue        array                                0     -                
          lock_queue               array                                0     -                
          num_last_reqs            integral                             32    'd1              
          num_last_rsps            integral                             32    'd1              
      monitor                      uvm_monitor                          -     @666             
        item_ar2r_port             uvm_analysis_port                    -     @735             
        item_ar_port               uvm_analysis_port                    -     @705             
        item_aw2b_port             uvm_analysis_port                    -     @725             
        item_aw_port               uvm_analysis_port                    -     @675             
        item_b_port                uvm_analysis_port                    -     @695             
        item_r_port                uvm_analysis_port                    -     @715             
        item_w_port                uvm_analysis_port                    -     @685             
        checks_enable              integral                             1     'h1              
        coverage_enable            integral                             1     'h1              
      state                        axi_state                            -     @745             
        ar2r_imp                   uvm_analysis_imp_ar2r                -     @814             
        ar_imp                     uvm_analysis_imp_ar                  -     @784             
        aw2b_imp                   uvm_analysis_imp_aw2b                -     @804             
        aw_imp                     uvm_analysis_imp_aw                  -     @754             
        b_imp                      uvm_analysis_imp_b                   -     @774             
        item_rtr_port              uvm_analysis_port                    -     @834             
        item_wtr_port              uvm_analysis_port                    -     @824             
        r_imp                      uvm_analysis_imp_r                   -     @794             
        w_imp                      uvm_analysis_imp_w                   -     @764             
        avg_rate                   integral                             32    'h0              
        exp_rate                   integral                             32    'h0              
        win_size                   integral                             32    'h0              
        bqnum_for_slaseq           integral                             32    'h0              
        rq_from_model_num          integral                             32    'h0              
      vsqr                         axi_virtual_sequencer                -     @853             
        rsp_export                 uvm_analysis_export                  -     @862             
        seq_item_export            uvm_seq_item_pull_imp                -     @980             
        arbitration_queue          array                                0     -                
        lock_queue                 array                                0     -                
        num_last_reqs              integral                             32    'd1              
        num_last_rsps              integral                             32    'd1              
      cfg                          axi_cfg                              -     @395             
        has_checker                integral                             1     'h1              
        has_coverage               integral                             1     'h1              
        id_num                     integral                             32    'h1              
        reset_level                reset_level_enum                     32    RESET_LEVEL_LOW  
        drv_type                   drv_type_enum                        32    MASTER           
        write_latency_mode         latency_mode_enum                    32    CHANNEL_FIRST    
        read_latency_mode          latency_mode_enum                    32    CHANNEL_FIRST    
        clatency                   axi_latency                          -     @430             
          wr_latency               integral                             32    'h0              
          rd_latency               integral                             32    'h0              
    axi_master_gmem0               uvm_env                              -     @401             
      item_rtr_port                uvm_analysis_port                    -     @420             
      item_wtr_port                uvm_analysis_port                    -     @410             
      monitor                      uvm_monitor                          -     @1944            
        item_ar2r_port             uvm_analysis_port                    -     @2013            
        item_ar_port               uvm_analysis_port                    -     @1983            
        item_aw2b_port             uvm_analysis_port                    -     @2003            
        item_aw_port               uvm_analysis_port                    -     @1953            
        item_b_port                uvm_analysis_port                    -     @1973            
        item_r_port                uvm_analysis_port                    -     @1993            
        item_w_port                uvm_analysis_port                    -     @1963            
        checks_enable              integral                             1     'h1              
        coverage_enable            integral                             1     'h1              
      slave                        uvm_agent                            -     @2122            
        ardrv                      uvm_driver #(REQ,RSP)                -     @2799            
          item_read_imp            uvm_analysis_port                    -     @2828            
          rsp_port                 uvm_analysis_port                    -     @2818            
          seq_item_port            uvm_seq_item_pull_port               -     @2808            
          m_num_sent               integral                             32    'h0              
        arsqr                      axi_sequencer                        -     @2838            
          rsp_export               uvm_analysis_export                  -     @2847            
          seq_item_export          uvm_seq_item_pull_imp                -     @2965            
          arbitration_queue        array                                0     -                
          lock_queue               array                                0     -                
          num_last_reqs            integral                             32    'd1              
          num_last_rsps            integral                             32    'd1              
        awdrv                      uvm_driver #(REQ,RSP)                -     @2271            
          item_read_imp            uvm_analysis_port                    -     @2300            
          rsp_port                 uvm_analysis_port                    -     @2290            
          seq_item_port            uvm_seq_item_pull_port               -     @2280            
          m_num_sent               integral                             32    'h0              
        awsqr                      axi_sequencer                        -     @2310            
          rsp_export               uvm_analysis_export                  -     @2319            
          seq_item_export          uvm_seq_item_pull_imp                -     @2437            
          arbitration_queue        array                                0     -                
          lock_queue               array                                0     -                
          num_last_reqs            integral                             32    'd1              
          num_last_rsps            integral                             32    'd1              
        bdrv                       uvm_driver #(REQ,RSP)                -     @2623            
          item_read_imp            uvm_analysis_port                    -     @2652            
          rsp_port                 uvm_analysis_port                    -     @2642            
          seq_item_port            uvm_seq_item_pull_port               -     @2632            
          m_num_sent               integral                             32    'h0              
        bsqr                       axi_sequencer                        -     @2662            
          rsp_export               uvm_analysis_export                  -     @2671            
          seq_item_export          uvm_seq_item_pull_imp                -     @2789            
          arbitration_queue        array                                0     -                
          lock_queue               array                                0     -                
          num_last_reqs            integral                             32    'd1              
          num_last_rsps            integral                             32    'd1              
        rdrv                       uvm_driver #(REQ,RSP)                -     @2975            
          item_read_imp            uvm_analysis_port                    -     @3004            
          rsp_port                 uvm_analysis_port                    -     @2994            
          seq_item_port            uvm_seq_item_pull_port               -     @2984            
          m_num_sent               integral                             32    'h0              
        rsqr                       axi_sequencer                        -     @3014            
          rsp_export               uvm_analysis_export                  -     @3023            
          seq_item_export          uvm_seq_item_pull_imp                -     @3141            
          arbitration_queue        array                                0     -                
          lock_queue               array                                0     -                
          num_last_reqs            integral                             32    'd1              
          num_last_rsps            integral                             32    'd1              
        wdrv                       uvm_driver #(REQ,RSP)                -     @2447            
          item_read_imp            uvm_analysis_port                    -     @2476            
          rsp_port                 uvm_analysis_port                    -     @2466            
          seq_item_port            uvm_seq_item_pull_port               -     @2456            
          m_num_sent               integral                             32    'h0              
        wsqr                       axi_sequencer                        -     @2486            
          rsp_export               uvm_analysis_export                  -     @2495            
          seq_item_export          uvm_seq_item_pull_imp                -     @2613            
          arbitration_queue        array                                0     -                
          lock_queue               array                                0     -                
          num_last_reqs            integral                             32    'd1              
          num_last_rsps            integral                             32    'd1              
      state                        axi_state                            -     @2023            
        ar2r_imp                   uvm_analysis_imp_ar2r                -     @2092            
        ar_imp                     uvm_analysis_imp_ar                  -     @2062            
        aw2b_imp                   uvm_analysis_imp_aw2b                -     @2082            
        aw_imp                     uvm_analysis_imp_aw                  -     @2032            
        b_imp                      uvm_analysis_imp_b                   -     @2052            
        item_rtr_port              uvm_analysis_port                    -     @2112            
        item_wtr_port              uvm_analysis_port                    -     @2102            
        r_imp                      uvm_analysis_imp_r                   -     @2072            
        w_imp                      uvm_analysis_imp_w                   -     @2042            
        avg_rate                   integral                             32    'h0              
        exp_rate                   integral                             32    'h0              
        win_size                   integral                             32    'h0              
        bqnum_for_slaseq           integral                             32    'h0              
        rq_from_model_num          integral                             32    'h0              
      vsqr                         axi_virtual_sequencer                -     @2131            
        rsp_export                 uvm_analysis_export                  -     @2140            
        seq_item_export            uvm_seq_item_pull_imp                -     @2258            
        arbitration_queue          array                                0     -                
        lock_queue                 array                                0     -                
        num_last_reqs              integral                             32    'd1              
        num_last_rsps              integral                             32    'd1              
      cfg                          axi_cfg                              -     @394             
        has_checker                integral                             1     'h1              
        has_coverage               integral                             1     'h1              
        id_num                     integral                             32    'h1              
        reset_level                reset_level_enum                     32    RESET_LEVEL_LOW  
        drv_type                   drv_type_enum                        32    SLAVE            
        write_latency_mode         latency_mode_enum                    32    TRANSACTION_FIRST
        read_latency_mode          latency_mode_enum                    32    TRANSACTION_FIRST
        clatency                   axi_latency                          -     @396             
          wr_latency               integral                             32    'h0              
          rd_latency               integral                             32    'h0              
    refm                           turbovla_lite_e2e_reference_model    -     @461             
      trans_num_idx                integral                             32    'h0              
    subsys_mon                     turbovla_lite_e2e_subsystem_monitor  -     @474             
      control_rtr_imp              uvm_analysis_imp_axi_rtr_control     -     @513             
      control_wtr_imp              uvm_analysis_imp_axi_wtr_control     -     @503             
      gmem0_rtr_imp                uvm_analysis_imp_axi_rtr_gmem0       -     @493             
      gmem0_wtr_imp                uvm_analysis_imp_axi_wtr_gmem0       -     @483             
      scbd                         turbovla_lite_e2e_scoreboard         -     @3222            
        refm                       turbovla_lite_e2e_reference_model    -     @461             
          trans_num_idx            integral                             32    'h0              
    turbovla_lite_e2e_virtual_sqr  turbovla_lite_e2e_virtual_sequencer  -     @523             
      rsp_export                   uvm_analysis_export                  -     @532             
      seq_item_export              uvm_seq_item_pull_imp                -     @650             
      arbitration_queue            array                                0     -                
      lock_queue                   array                                0     -                
      num_last_reqs                integral                             32    'd1              
      num_last_rsps                integral                             32    'd1              
    refm                           turbovla_lite_e2e_reference_model    -     @461             
    turbovla_lite_e2e_virtual_sqr  turbovla_lite_e2e_virtual_sequencer  -     @523             
    turbovla_lite_e2e_cfg          turbovla_lite_e2e_config             -     @393             
      gmem0_cfg                    axi_cfg                              -     @394             
        has_checker                integral                             1     'h1              
        has_coverage               integral                             1     'h1              
        id_num                     integral                             32    'h1              
        reset_level                reset_level_enum                     32    RESET_LEVEL_LOW  
        drv_type                   drv_type_enum                        32    SLAVE            
        write_latency_mode         latency_mode_enum                    32    TRANSACTION_FIRST
        read_latency_mode          latency_mode_enum                    32    TRANSACTION_FIRST
        clatency                   axi_latency                          -     @396             
          wr_latency               integral                             32    'h0              
          rd_latency               integral                             32    'h0              
      control_cfg                  axi_cfg                              -     @395             
        has_checker                integral                             1     'h1              
        has_coverage               integral                             1     'h1              
        id_num                     integral                             32    'h1              
        reset_level                reset_level_enum                     32    RESET_LEVEL_LOW  
        drv_type                   drv_type_enum                        32    MASTER           
        write_latency_mode         latency_mode_enum                    32    CHANNEL_FIRST    
        read_latency_mode          latency_mode_enum                    32    CHANNEL_FIRST    
        clatency                   axi_latency                          -     @430             
          wr_latency               integral                             32    'h0              
          rd_latency               integral                             32    'h0              
      check_ena                    integral                             32    'h0              
      cover_ena                    integral                             32    'h0              
-----------------------------------------------------------------------------------------------

UVM_INFO /home/frank/AMD/vivado/2025.01/2025.1/Vivado/data/system_verilog/uvm_1.2/xlnx_uvm_package.sv(20867) @ 0: reporter [UVM/COMP/NAMECHECK] This implementation of the component name checks requires DPI to be enabled
////////////////////////////////////////////////////////////////////////////////////
// Inter-Transaction Progress: Completed Transaction / Total Transaction
// Intra-Transaction Progress: Measured Latency / Latency Estimation * 100%
//
// RTL Simulation : "Inter-Transaction Progress" ["Intra-Transaction Progress"] @ "Simulation Time"
////////////////////////////////////////////////////////////////////////////////////
// RTL Simulation : 0 / 1 [0.00%] @ "113000"
// RTL Simulation : 1 / 1 [100.00%] @ "763000"
////////////////////////////////////////////////////////////////////////////////////
$finish called at time : 827500 ps : File "/home/frank/AMD/vivado/2025.01/2025.1/Vivado/data/system_verilog/uvm_1.2/xlnx_uvm_package.sv" Line 18699
## quit
INFO: [Common 17-206] Exiting xsim at Tue Sep 22 02:28:13 2026...
INFO: [COSIM 212-316] Starting C post checking ...
e2e non-finite state scale rejection gate passed
TURBOVLA_COSIM_CASE_PASS: 5
INFO: [HLS 200-112] Total CPU user time: 1481.73 seconds. Total CPU system time: 64.4 seconds. Total elapsed time: 588.79 seconds; peak allocated memory: 781.828 MB.
INFO: [vitis-run 60-791] Total elapsed time: 0h 9m 51s
INFO: [vitis-run 60-1662] Stopping dispatch session having empty uuid.
